<?xml version="1.0" encoding="utf-16"?>
<ProfileModel xmlns:xsd="http://www.w3.org/2001/XMLSchema" xmlns:xsi="http://www.w3.org/2001/XMLSchema-instance">
  <Layers>
    <LayerModel>
      <Name>Axii</Name>
      <Order>0</Order>
      <LayerType>Folder</LayerType>
      <Enabled>true</Enabled>
      <Expanded>false</Expanded>
      <Properties xsi:type="KeyboardPropertiesModel">
        <Conditions>
          <LayerConditionModel>
            <Field>WitcherSign</Field>
            <Value>Axii</Value>
            <Operator>==</Operator>
            <Type>Enum</Type>
          </LayerConditionModel>
        </Conditions>
        <Brush xsi:type="SolidColorBrush">
          <Opacity>1</Opacity>
          <Transform xsi:type="MatrixTransform">
            <Matrix>
              <M11>1</M11>
              <M12>0</M12>
              <M21>0</M21>
              <M22>1</M22>
              <OffsetX>0</OffsetX>
              <OffsetY>0</OffsetY>
            </Matrix>
          </Transform>
          <RelativeTransform xsi:type="MatrixTransform">
            <Matrix>
              <M11>1</M11>
              <M12>0</M12>
              <M21>0</M21>
              <M22>1</M22>
              <OffsetX>0</OffsetX>
              <OffsetY>0</OffsetY>
            </Matrix>
          </RelativeTransform>
          <Color>
            <A>255</A>
            <R>0</R>
            <G>255</G>
            <B>29</B>
            <ScA>1</ScA>
            <ScR>0</ScR>
            <ScG>1</ScG>
            <ScB>0.0122864889</ScB>
          </Color>
        </Brush>
        <X>0</X>
        <Y>0</Y>
        <Width>1</Width>
        <Height>1</Height>
        <Opacity>1</Opacity>
        <Contain>false</Contain>
        <Animation>None</Animation>
        <AnimationSpeed>0</AnimationSpeed>
        <DynamicProperties />
      </Properties>
      <Children>
        <LayerModel>
          <Name>Sign display</Name>
          <Order>0</Order>
          <LayerType>Keyboard</LayerType>
          <Enabled>true</Enabled>
          <Expanded>false</Expanded>
          <Properties xsi:type="KeyboardPropertiesModel">
            <Conditions />
            <Brush xsi:type="LinearGradientBrush">
              <Opacity>1</Opacity>
              <Transform xsi:type="MatrixTransform">
                <Matrix>
                  <M11>1</M11>
                  <M12>0</M12>
                  <M21>0</M21>
                  <M22>1</M22>
                  <OffsetX>0</OffsetX>
                  <OffsetY>0</OffsetY>
                </Matrix>
              </Transform>
              <RelativeTransform xsi:type="MatrixTransform">
                <Matrix>
                  <M11>1</M11>
                  <M12>0</M12>
                  <M21>0</M21>
                  <M22>1</M22>
                  <OffsetX>0</OffsetX>
                  <OffsetY>0</OffsetY>
                </Matrix>
              </RelativeTransform>
              <ColorInterpolationMode>SRgbLinearInterpolation</ColorInterpolationMode>
              <MappingMode>RelativeToBoundingBox</MappingMode>
              <SpreadMethod>Pad</SpreadMethod>
              <GradientStops>
                <GradientStop>
                  <Color>
                    <A>255</A>
                    <R>98</R>
                    <G>255</G>
                    <B>0</B>
                    <ScA>1</ScA>
                    <ScR>0.122138776</ScR>
                    <ScG>1</ScG>
                    <ScB>0</ScB>
                  </Color>
                  <Offset>0</Offset>
                </GradientStop>
                <GradientStop>
                  <Color>
                    <A>255</A>
                    <R>18</R>
                    <G>117</G>
                    <B>0</B>
                    <ScA>1</ScA>
                    <ScR>0.00604883349</ScR>
                    <ScG>0.177888423</ScG>
                    <ScB>0</ScB>
                  </Color>
                  <Offset>0.5</Offset>
                </GradientStop>
                <GradientStop>
                  <Color>
                    <A>255</A>
                    <R>98</R>
                    <G>255</G>
                    <B>0</B>
                    <ScA>1</ScA>
                    <ScR>0.122138776</ScR>
                    <ScG>1</ScG>
                    <ScB>0</ScB>
                  </Color>
                  <Offset>1</Offset>
                </GradientStop>
              </GradientStops>
              <StartPoint>
                <X>0</X>
                <Y>0</Y>
              </StartPoint>
              <EndPoint>
                <X>1</X>
                <Y>0</Y>
              </EndPoint>
            </Brush>
            <X>0</X>
            <Y>0</Y>
            <Width>25</Width>
            <Height>7</Height>
            <Opacity>1</Opacity>
            <Contain>false</Contain>
            <Animation>SlideLeft</Animation>
            <AnimationSpeed>0.65000000000000013</AnimationSpeed>
            <DynamicProperties>
              <DynamicPropertiesModel>
                <LayerProperty>Height</LayerProperty>
                <PercentageSource>0</PercentageSource>
                <LayerPropertyType>PercentageOf</LayerPropertyType>
                <LayerPropertyOptions>Downwards</LayerPropertyOptions>
              </DynamicPropertiesModel>
              <DynamicPropertiesModel>
                <LayerProperty>Width</LayerProperty>
                <PercentageSource>0</PercentageSource>
                <LayerPropertyType>PercentageOf</LayerPropertyType>
                <LayerPropertyOptions>LeftToRight</LayerPropertyOptions>
              </DynamicPropertiesModel>
              <DynamicPropertiesModel>
                <LayerProperty>Opacity</LayerProperty>
                <PercentageSource>0</PercentageSource>
                <LayerPropertyType>PercentageOf</LayerPropertyType>
                <LayerPropertyOptions>Increase</LayerPropertyOptions>
              </DynamicPropertiesModel>
            </DynamicProperties>
          </Properties>
          <Children />
        </LayerModel>
        <LayerModel>
          <Name>Sign display</Name>
          <Order>1</Order>
          <LayerType>Mouse</LayerType>
          <Enabled>true</Enabled>
          <Expanded>false</Expanded>
          <Properties xsi:type="MousePropertiesModel">
            <Conditions />
            <Brush xsi:type="SolidColorBrush">
              <Opacity>1</Opacity>
              <Transform xsi:type="MatrixTransform">
                <Matrix>
                  <M11>1</M11>
                  <M12>0</M12>
                  <M21>0</M21>
                  <M22>1</M22>
                  <OffsetX>0</OffsetX>
                  <OffsetY>0</OffsetY>
                </Matrix>
              </Transform>
              <RelativeTransform xsi:type="MatrixTransform">
                <Matrix>
                  <M11>1</M11>
                  <M12>0</M12>
                  <M21>0</M21>
                  <M22>1</M22>
                  <OffsetX>0</OffsetX>
                  <OffsetY>0</OffsetY>
                </Matrix>
              </RelativeTransform>
              <Color>
                <A>255</A>
                <R>98</R>
                <G>255</G>
                <B>0</B>
                <ScA>1</ScA>
                <ScR>0.122138776</ScR>
                <ScG>1</ScG>
                <ScB>0</ScB>
              </Color>
            </Brush>
          </Properties>
          <Children />
        </LayerModel>
        <LayerModel>
          <Name>Sign display</Name>
          <Order>2</Order>
          <LayerType>Headset</LayerType>
          <Enabled>true</Enabled>
          <Expanded>false</Expanded>
          <Properties xsi:type="HeadsetPropertiesModel">
            <Conditions />
            <Brush xsi:type="SolidColorBrush">
              <Opacity>1</Opacity>
              <Transform xsi:type="MatrixTransform">
                <Matrix>
                  <M11>1</M11>
                  <M12>0</M12>
                  <M21>0</M21>
                  <M22>1</M22>
                  <OffsetX>0</OffsetX>
                  <OffsetY>0</OffsetY>
                </Matrix>
              </Transform>
              <RelativeTransform xsi:type="MatrixTransform">
                <Matrix>
                  <M11>1</M11>
                  <M12>0</M12>
                  <M21>0</M21>
                  <M22>1</M22>
                  <OffsetX>0</OffsetX>
                  <OffsetY>0</OffsetY>
                </Matrix>
              </RelativeTransform>
              <Color>
                <A>255</A>
                <R>98</R>
                <G>255</G>
                <B>0</B>
                <ScA>1</ScA>
                <ScR>0.122138776</ScR>
                <ScG>1</ScG>
                <ScB>0</ScB>
              </Color>
            </Brush>
          </Properties>
          <Children />
        </LayerModel>
      </Children>
    </LayerModel>
    <LayerModel>
      <Name>Quen</Name>
      <Order>2</Order>
      <LayerType>Folder</LayerType>
      <Enabled>true</Enabled>
      <Expanded>false</Expanded>
      <Properties xsi:type="KeyboardPropertiesModel">
        <Conditions>
          <LayerConditionModel>
            <Field>WitcherSign</Field>
            <Value>Quen</Value>
            <Operator>==</Operator>
            <Type>Enum</Type>
          </LayerConditionModel>
        </Conditions>
        <Brush xsi:type="SolidColorBrush">
          <Opacity>1</Opacity>
          <Transform xsi:type="MatrixTransform">
            <Matrix>
              <M11>1</M11>
              <M12>0</M12>
              <M21>0</M21>
              <M22>1</M22>
              <OffsetX>0</OffsetX>
              <OffsetY>0</OffsetY>
            </Matrix>
          </Transform>
          <RelativeTransform xsi:type="MatrixTransform">
            <Matrix>
              <M11>1</M11>
              <M12>0</M12>
              <M21>0</M21>
              <M22>1</M22>
              <OffsetX>0</OffsetX>
              <OffsetY>0</OffsetY>
            </Matrix>
          </RelativeTransform>
          <Color>
            <A>255</A>
            <R>0</R>
            <G>255</G>
            <B>29</B>
            <ScA>1</ScA>
            <ScR>0</ScR>
            <ScG>1</ScG>
            <ScB>0.0122864889</ScB>
          </Color>
        </Brush>
        <X>0</X>
        <Y>0</Y>
        <Width>1</Width>
        <Height>1</Height>
        <Opacity>1</Opacity>
        <Contain>false</Contain>
        <Animation>None</Animation>
        <AnimationSpeed>0</AnimationSpeed>
        <DynamicProperties />
      </Properties>
      <Children>
        <LayerModel>
          <Name>Sign display</Name>
          <Order>0</Order>
          <LayerType>Keyboard</LayerType>
          <Enabled>true</Enabled>
          <Expanded>false</Expanded>
          <Properties xsi:type="KeyboardPropertiesModel">
            <Conditions />
            <Brush xsi:type="LinearGradientBrush">
              <Opacity>1</Opacity>
              <Transform xsi:type="MatrixTransform">
                <Matrix>
                  <M11>1</M11>
                  <M12>0</M12>
                  <M21>0</M21>
                  <M22>1</M22>
                  <OffsetX>0</OffsetX>
                  <OffsetY>0</OffsetY>
                </Matrix>
              </Transform>
              <RelativeTransform xsi:type="MatrixTransform">
                <Matrix>
                  <M11>1</M11>
                  <M12>0</M12>
                  <M21>0</M21>
                  <M22>1</M22>
                  <OffsetX>0</OffsetX>
                  <OffsetY>0</OffsetY>
                </Matrix>
              </RelativeTransform>
              <ColorInterpolationMode>SRgbLinearInterpolation</ColorInterpolationMode>
              <MappingMode>RelativeToBoundingBox</MappingMode>
              <SpreadMethod>Pad</SpreadMethod>
              <GradientStops>
                <GradientStop>
                  <Color>
                    <A>255</A>
                    <R>252</R>
                    <G>255</G>
                    <B>107</B>
                    <ScA>1</ScA>
                    <ScR>0.9734453</ScR>
                    <ScG>1</ScG>
                    <ScB>0.147027269</ScB>
                  </Color>
                  <Offset>0</Offset>
                </GradientStop>
                <GradientStop>
                  <Color>
                    <A>255</A>
                    <R>255</R>
                    <G>176</G>
                    <B>0</B>
                    <ScA>1</ScA>
                    <ScR>1</ScR>
                    <ScG>0.434153676</ScG>
                    <ScB>0</ScB>
                  </Color>
                  <Offset>0.5</Offset>
                </GradientStop>
                <GradientStop>
                  <Color>
                    <A>255</A>
                    <R>252</R>
                    <G>255</G>
                    <B>107</B>
                    <ScA>1</ScA>
                    <ScR>0.9734453</ScR>
                    <ScG>1</ScG>
                    <ScB>0.147027269</ScB>
                  </Color>
                  <Offset>1</Offset>
                </GradientStop>
              </GradientStops>
              <StartPoint>
                <X>0</X>
                <Y>0</Y>
              </StartPoint>
              <EndPoint>
                <X>1</X>
                <Y>0</Y>
              </EndPoint>
            </Brush>
            <X>0</X>
            <Y>0</Y>
            <Width>25</Width>
            <Height>7</Height>
            <Opacity>1</Opacity>
            <Contain>false</Contain>
            <Animation>SlideLeft</Animation>
            <AnimationSpeed>0.65000000000000013</AnimationSpeed>
            <DynamicProperties>
              <DynamicPropertiesModel>
                <LayerProperty>Height</LayerProperty>
                <PercentageSource>0</PercentageSource>
                <LayerPropertyType>PercentageOf</LayerPropertyType>
                <LayerPropertyOptions>Downwards</LayerPropertyOptions>
              </DynamicPropertiesModel>
              <DynamicPropertiesModel>
                <LayerProperty>Width</LayerProperty>
                <PercentageSource>0</PercentageSource>
                <LayerPropertyType>PercentageOf</LayerPropertyType>
                <LayerPropertyOptions>LeftToRight</LayerPropertyOptions>
              </DynamicPropertiesModel>
              <DynamicPropertiesModel>
                <LayerProperty>Opacity</LayerProperty>
                <PercentageSource>0</PercentageSource>
                <LayerPropertyType>PercentageOf</LayerPropertyType>
                <LayerPropertyOptions>Increase</LayerPropertyOptions>
              </DynamicPropertiesModel>
            </DynamicProperties>
          </Properties>
          <Children />
        </LayerModel>
        <LayerModel>
          <Name>Sign display</Name>
          <Order>1</Order>
          <LayerType>Mouse</LayerType>
          <Enabled>true</Enabled>
          <Expanded>false</Expanded>
          <Properties xsi:type="MousePropertiesModel">
            <Conditions />
            <Brush xsi:type="SolidColorBrush">
              <Opacity>1</Opacity>
              <Transform xsi:type="MatrixTransform">
                <Matrix>
                  <M11>1</M11>
                  <M12>0</M12>
                  <M21>0</M21>
                  <M22>1</M22>
                  <OffsetX>0</OffsetX>
                  <OffsetY>0</OffsetY>
                </Matrix>
              </Transform>
              <RelativeTransform xsi:type="MatrixTransform">
                <Matrix>
                  <M11>1</M11>
                  <M12>0</M12>
                  <M21>0</M21>
                  <M22>1</M22>
                  <OffsetX>0</OffsetX>
                  <OffsetY>0</OffsetY>
                </Matrix>
              </RelativeTransform>
              <Color>
                <A>255</A>
                <R>255</R>
                <G>219</G>
                <B>42</B>
                <ScA>1</ScA>
                <ScR>1</ScR>
                <ScG>0.7083758</ScG>
                <ScB>0.0231533684</ScB>
              </Color>
            </Brush>
          </Properties>
          <Children />
        </LayerModel>
        <LayerModel>
          <Name>Sign display</Name>
          <Order>2</Order>
          <LayerType>Headset</LayerType>
          <Enabled>true</Enabled>
          <Expanded>false</Expanded>
          <Properties xsi:type="HeadsetPropertiesModel">
            <Conditions />
            <Brush xsi:type="SolidColorBrush">
              <Opacity>1</Opacity>
              <Transform xsi:type="MatrixTransform">
                <Matrix>
                  <M11>1</M11>
                  <M12>0</M12>
                  <M21>0</M21>
                  <M22>1</M22>
                  <OffsetX>0</OffsetX>
                  <OffsetY>0</OffsetY>
                </Matrix>
              </Transform>
              <RelativeTransform xsi:type="MatrixTransform">
                <Matrix>
                  <M11>1</M11>
                  <M12>0</M12>
                  <M21>0</M21>
                  <M22>1</M22>
                  <OffsetX>0</OffsetX>
                  <OffsetY>0</OffsetY>
                </Matrix>
              </RelativeTransform>
              <Color>
                <A>255</A>
                <R>252</R>
                <G>255</G>
                <B>107</B>
                <ScA>1</ScA>
                <ScR>0.9734453</ScR>
                <ScG>1</ScG>
                <ScB>0.147027269</ScB>
              </Color>
            </Brush>
          </Properties>
          <Children />
        </LayerModel>
      </Children>
    </LayerModel>
    <LayerModel>
      <Name>Igni</Name>
      <Order>3</Order>
      <LayerType>Folder</LayerType>
      <Enabled>true</Enabled>
      <Expanded>false</Expanded>
      <Properties xsi:type="KeyboardPropertiesModel">
        <Conditions>
          <LayerConditionModel>
            <Field>WitcherSign</Field>
            <Value>Igni</Value>
            <Operator>==</Operator>
            <Type>Enum</Type>
          </LayerConditionModel>
        </Conditions>
        <Brush xsi:type="SolidColorBrush">
          <Opacity>1</Opacity>
          <Transform xsi:type="MatrixTransform">
            <Matrix>
              <M11>1</M11>
              <M12>0</M12>
              <M21>0</M21>
              <M22>1</M22>
              <OffsetX>0</OffsetX>
              <OffsetY>0</OffsetY>
            </Matrix>
          </Transform>
          <RelativeTransform xsi:type="MatrixTransform">
            <Matrix>
              <M11>1</M11>
              <M12>0</M12>
              <M21>0</M21>
              <M22>1</M22>
              <OffsetX>0</OffsetX>
              <OffsetY>0</OffsetY>
            </Matrix>
          </RelativeTransform>
          <Color>
            <A>255</A>
            <R>0</R>
            <G>255</G>
            <B>29</B>
            <ScA>1</ScA>
            <ScR>0</ScR>
            <ScG>1</ScG>
            <ScB>0.0122864889</ScB>
          </Color>
        </Brush>
        <X>0</X>
        <Y>0</Y>
        <Width>1</Width>
        <Height>1</Height>
        <Opacity>1</Opacity>
        <Contain>false</Contain>
        <Animation>None</Animation>
        <AnimationSpeed>0</AnimationSpeed>
        <DynamicProperties />
      </Properties>
      <Children>
        <LayerModel>
          <Name>Sign display</Name>
          <Order>0</Order>
          <LayerType>Keyboard</LayerType>
          <Enabled>true</Enabled>
          <Expanded>false</Expanded>
          <Properties xsi:type="KeyboardPropertiesModel">
            <Conditions />
            <Brush xsi:type="LinearGradientBrush">
              <Opacity>1</Opacity>
              <Transform xsi:type="MatrixTransform">
                <Matrix>
                  <M11>1</M11>
                  <M12>0</M12>
                  <M21>0</M21>
                  <M22>1</M22>
                  <OffsetX>0</OffsetX>
                  <OffsetY>0</OffsetY>
                </Matrix>
              </Transform>
              <RelativeTransform xsi:type="MatrixTransform">
                <Matrix>
                  <M11>1</M11>
                  <M12>0</M12>
                  <M21>0</M21>
                  <M22>1</M22>
                  <OffsetX>0</OffsetX>
                  <OffsetY>0</OffsetY>
                </Matrix>
              </RelativeTransform>
              <ColorInterpolationMode>SRgbLinearInterpolation</ColorInterpolationMode>
              <MappingMode>RelativeToBoundingBox</MappingMode>
              <SpreadMethod>Pad</SpreadMethod>
              <GradientStops>
                <GradientStop>
                  <Color>
                    <A>255</A>
                    <R>255</R>
                    <G>0</G>
                    <B>0</B>
                    <ScA>1</ScA>
                    <ScR>1</ScR>
                    <ScG>0</ScG>
                    <ScB>0</ScB>
                  </Color>
                  <Offset>0</Offset>
                </GradientStop>
                <GradientStop>
                  <Color>
                    <A>255</A>
                    <R>255</R>
                    <G>141</G>
                    <B>0</B>
                    <ScA>1</ScA>
                    <ScR>1</ScR>
                    <ScG>0.266355634</ScG>
                    <ScB>0</ScB>
                  </Color>
                  <Offset>0.5</Offset>
                </GradientStop>
                <GradientStop>
                  <Color>
                    <A>255</A>
                    <R>255</R>
                    <G>0</G>
                    <B>0</B>
                    <ScA>1</ScA>
                    <ScR>1</ScR>
                    <ScG>0</ScG>
                    <ScB>0</ScB>
                  </Color>
                  <Offset>1</Offset>
                </GradientStop>
              </GradientStops>
              <StartPoint>
                <X>0</X>
                <Y>0</Y>
              </StartPoint>
              <EndPoint>
                <X>1</X>
                <Y>0</Y>
              </EndPoint>
            </Brush>
            <X>0</X>
            <Y>0</Y>
            <Width>25</Width>
            <Height>7</Height>
            <Opacity>1</Opacity>
            <Contain>false</Contain>
            <Animation>SlideLeft</Animation>
            <AnimationSpeed>0.65000000000000013</AnimationSpeed>
            <DynamicProperties>
              <DynamicPropertiesModel>
                <LayerProperty>Height</LayerProperty>
                <PercentageSource>0</PercentageSource>
                <LayerPropertyType>PercentageOf</LayerPropertyType>
                <LayerPropertyOptions>Downwards</LayerPropertyOptions>
              </DynamicPropertiesModel>
              <DynamicPropertiesModel>
                <LayerProperty>Width</LayerProperty>
                <PercentageSource>0</PercentageSource>
                <LayerPropertyType>PercentageOf</LayerPropertyType>
                <LayerPropertyOptions>LeftToRight</LayerPropertyOptions>
              </DynamicPropertiesModel>
              <DynamicPropertiesModel>
                <LayerProperty>Opacity</LayerProperty>
                <PercentageSource>0</PercentageSource>
                <LayerPropertyType>PercentageOf</LayerPropertyType>
                <LayerPropertyOptions>Increase</LayerPropertyOptions>
              </DynamicPropertiesModel>
            </DynamicProperties>
          </Properties>
          <Children />
        </LayerModel>
        <LayerModel>
          <Name>Sign display</Name>
          <Order>1</Order>
          <LayerType>Mouse</LayerType>
          <Enabled>true</Enabled>
          <Expanded>false</Expanded>
          <Properties xsi:type="MousePropertiesModel">
            <Conditions />
            <Brush xsi:type="SolidColorBrush">
              <Opacity>1</Opacity>
              <Transform xsi:type="MatrixTransform">
                <Matrix>
                  <M11>1</M11>
                  <M12>0</M12>
                  <M21>0</M21>
                  <M22>1</M22>
                  <OffsetX>0</OffsetX>
                  <OffsetY>0</OffsetY>
                </Matrix>
              </Transform>
              <RelativeTransform xsi:type="MatrixTransform">
                <Matrix>
                  <M11>1</M11>
                  <M12>0</M12>
                  <M21>0</M21>
                  <M22>1</M22>
                  <OffsetX>0</OffsetX>
                  <OffsetY>0</OffsetY>
                </Matrix>
              </RelativeTransform>
              <Color>
                <A>255</A>
                <R>255</R>
                <G>0</G>
                <B>0</B>
                <ScA>1</ScA>
                <ScR>1</ScR>
                <ScG>0</ScG>
                <ScB>0</ScB>
              </Color>
            </Brush>
          </Properties>
          <Children />
        </LayerModel>
        <LayerModel>
          <Name>Sign display</Name>
          <Order>2</Order>
          <LayerType>Headset</LayerType>
          <Enabled>true</Enabled>
          <Expanded>false</Expanded>
          <Properties xsi:type="HeadsetPropertiesModel">
            <Conditions />
            <Brush xsi:type="SolidColorBrush">
              <Opacity>1</Opacity>
              <Transform xsi:type="MatrixTransform">
                <Matrix>
                  <M11>1</M11>
                  <M12>0</M12>
                  <M21>0</M21>
                  <M22>1</M22>
                  <OffsetX>0</OffsetX>
                  <OffsetY>0</OffsetY>
                </Matrix>
              </Transform>
              <RelativeTransform xsi:type="MatrixTransform">
                <Matrix>
                  <M11>1</M11>
                  <M12>0</M12>
                  <M21>0</M21>
                  <M22>1</M22>
                  <OffsetX>0</OffsetX>
                  <OffsetY>0</OffsetY>
                </Matrix>
              </RelativeTransform>
              <Color>
                <A>255</A>
                <R>255</R>
                <G>0</G>
                <B>0</B>
                <ScA>1</ScA>
                <ScR>1</ScR>
                <ScG>0</ScG>
                <ScB>0</ScB>
              </Color>
            </Brush>
          </Properties>
          <Children />
        </LayerModel>
      </Children>
    </LayerModel>
    <LayerModel>
      <Name>Yrden</Name>
      <Order>4</Order>
      <LayerType>Folder</LayerType>
      <Enabled>true</Enabled>
      <Expanded>false</Expanded>
      <Properties xsi:type="KeyboardPropertiesModel">
        <Conditions>
          <LayerConditionModel>
            <Field>WitcherSign</Field>
            <Value>Yrden</Value>
            <Operator>==</Operator>
            <Type>Enum</Type>
          </LayerConditionModel>
        </Conditions>
        <Brush xsi:type="SolidColorBrush">
          <Opacity>1</Opacity>
          <Transform xsi:type="MatrixTransform">
            <Matrix>
              <M11>1</M11>
              <M12>0</M12>
              <M21>0</M21>
              <M22>1</M22>
              <OffsetX>0</OffsetX>
              <OffsetY>0</OffsetY>
            </Matrix>
          </Transform>
          <RelativeTransform xsi:type="MatrixTransform">
            <Matrix>
              <M11>1</M11>
              <M12>0</M12>
              <M21>0</M21>
              <M22>1</M22>
              <OffsetX>0</OffsetX>
              <OffsetY>0</OffsetY>
            </Matrix>
          </RelativeTransform>
          <Color>
            <A>255</A>
            <R>0</R>
            <G>255</G>
            <B>29</B>
            <ScA>1</ScA>
            <ScR>0</ScR>
            <ScG>1</ScG>
            <ScB>0.0122864889</ScB>
          </Color>
        </Brush>
        <X>0</X>
        <Y>0</Y>
        <Width>1</Width>
        <Height>1</Height>
        <Opacity>1</Opacity>
        <Contain>false</Contain>
        <Animation>None</Animation>
        <AnimationSpeed>0</AnimationSpeed>
        <DynamicProperties />
      </Properties>
      <Children>
        <LayerModel>
          <Name>Sign display</Name>
          <Order>0</Order>
          <LayerType>Keyboard</LayerType>
          <Enabled>true</Enabled>
          <Expanded>false</Expanded>
          <Properties xsi:type="KeyboardPropertiesModel">
            <Conditions />
            <Brush xsi:type="LinearGradientBrush">
              <Opacity>1</Opacity>
              <Transform xsi:type="MatrixTransform">
                <Matrix>
                  <M11>1</M11>
                  <M12>0</M12>
                  <M21>0</M21>
                  <M22>1</M22>
                  <OffsetX>0</OffsetX>
                  <OffsetY>0</OffsetY>
                </Matrix>
              </Transform>
              <RelativeTransform xsi:type="MatrixTransform">
                <Matrix>
                  <M11>1</M11>
                  <M12>0</M12>
                  <M21>0</M21>
                  <M22>1</M22>
                  <OffsetX>0</OffsetX>
                  <OffsetY>0</OffsetY>
                </Matrix>
              </RelativeTransform>
              <ColorInterpolationMode>SRgbLinearInterpolation</ColorInterpolationMode>
              <MappingMode>RelativeToBoundingBox</MappingMode>
              <SpreadMethod>Pad</SpreadMethod>
              <GradientStops>
                <GradientStop>
                  <Color>
                    <A>255</A>
                    <R>203</R>
                    <G>0</G>
                    <B>255</B>
                    <ScA>1</ScA>
                    <ScR>0.5972018</ScR>
                    <ScG>0</ScG>
                    <ScB>1</ScB>
                  </Color>
                  <Offset>0</Offset>
                </GradientStop>
                <GradientStop>
                  <Color>
                    <A>255</A>
                    <R>133</R>
                    <G>0</G>
                    <B>255</B>
                    <ScA>1</ScA>
                    <ScR>0.23455061</ScR>
                    <ScG>0</ScG>
                    <ScB>1</ScB>
                  </Color>
                  <Offset>0.5</Offset>
                </GradientStop>
                <GradientStop>
                  <Color>
                    <A>255</A>
                    <R>203</R>
                    <G>0</G>
                    <B>255</B>
                    <ScA>1</ScA>
                    <ScR>0.5972018</ScR>
                    <ScG>0</ScG>
                    <ScB>1</ScB>
                  </Color>
                  <Offset>1</Offset>
                </GradientStop>
              </GradientStops>
              <StartPoint>
                <X>0</X>
                <Y>0</Y>
              </StartPoint>
              <EndPoint>
                <X>1</X>
                <Y>0</Y>
              </EndPoint>
            </Brush>
            <X>0</X>
            <Y>0</Y>
            <Width>25</Width>
            <Height>7</Height>
            <Opacity>1</Opacity>
            <Contain>false</Contain>
            <Animation>SlideLeft</Animation>
            <AnimationSpeed>0.65000000000000013</AnimationSpeed>
            <DynamicProperties>
              <DynamicPropertiesModel>
                <LayerProperty>Height</LayerProperty>
                <PercentageSource>0</PercentageSource>
                <LayerPropertyType>PercentageOf</LayerPropertyType>
                <LayerPropertyOptions>Downwards</LayerPropertyOptions>
              </DynamicPropertiesModel>
              <DynamicPropertiesModel>
                <LayerProperty>Width</LayerProperty>
                <PercentageSource>0</PercentageSource>
                <LayerPropertyType>PercentageOf</LayerPropertyType>
                <LayerPropertyOptions>LeftToRight</LayerPropertyOptions>
              </DynamicPropertiesModel>
              <DynamicPropertiesModel>
                <LayerProperty>Opacity</LayerProperty>
                <PercentageSource>0</PercentageSource>
                <LayerPropertyType>PercentageOf</LayerPropertyType>
                <LayerPropertyOptions>Increase</LayerPropertyOptions>
              </DynamicPropertiesModel>
            </DynamicProperties>
          </Properties>
          <Children />
        </LayerModel>
        <LayerModel>
          <Name>Sign display</Name>
          <Order>1</Order>
          <LayerType>Mouse</LayerType>
          <Enabled>true</Enabled>
          <Expanded>false</Expanded>
          <Properties xsi:type="MousePropertiesModel">
            <Conditions />
            <Brush xsi:type="SolidColorBrush">
              <Opacity>1</Opacity>
              <Transform xsi:type="MatrixTransform">
                <Matrix>
                  <M11>1</M11>
                  <M12>0</M12>
                  <M21>0</M21>
                  <M22>1</M22>
                  <OffsetX>0</OffsetX>
                  <OffsetY>0</OffsetY>
                </Matrix>
              </Transform>
              <RelativeTransform xsi:type="MatrixTransform">
                <Matrix>
                  <M11>1</M11>
                  <M12>0</M12>
                  <M21>0</M21>
                  <M22>1</M22>
                  <OffsetX>0</OffsetX>
                  <OffsetY>0</OffsetY>
                </Matrix>
              </RelativeTransform>
              <Color>
                <A>255</A>
                <R>203</R>
                <G>0</G>
                <B>255</B>
                <ScA>1</ScA>
                <ScR>0.5972018</ScR>
                <ScG>0</ScG>
                <ScB>1</ScB>
              </Color>
            </Brush>
          </Properties>
          <Children />
        </LayerModel>
        <LayerModel>
          <Name>Sign display</Name>
          <Order>2</Order>
          <LayerType>Headset</LayerType>
          <Enabled>true</Enabled>
          <Expanded>false</Expanded>
          <Properties xsi:type="HeadsetPropertiesModel">
            <Conditions />
            <Brush xsi:type="SolidColorBrush">
              <Opacity>1</Opacity>
              <Transform xsi:type="MatrixTransform">
                <Matrix>
                  <M11>1</M11>
                  <M12>0</M12>
                  <M21>0</M21>
                  <M22>1</M22>
                  <OffsetX>0</OffsetX>
                  <OffsetY>0</OffsetY>
                </Matrix>
              </Transform>
              <RelativeTransform xsi:type="MatrixTransform">
                <Matrix>
                  <M11>1</M11>
                  <M12>0</M12>
                  <M21>0</M21>
                  <M22>1</M22>
                  <OffsetX>0</OffsetX>
                  <OffsetY>0</OffsetY>
                </Matrix>
              </RelativeTransform>
              <Color>
                <A>255</A>
                <R>203</R>
                <G>0</G>
                <B>255</B>
                <ScA>1</ScA>
                <ScR>0.5972018</ScR>
                <ScG>0</ScG>
                <ScB>1</ScB>
              </Color>
            </Brush>
          </Properties>
          <Children />
        </LayerModel>
      </Children>
    </LayerModel>
    <LayerModel>
      <Name>Aard</Name>
      <Order>5</Order>
      <LayerType>Folder</LayerType>
      <Enabled>true</Enabled>
      <Expanded>false</Expanded>
      <Properties xsi:type="KeyboardPropertiesModel">
        <Conditions>
          <LayerConditionModel>
            <Field>WitcherSign</Field>
            <Value>Aard</Value>
            <Operator>==</Operator>
            <Type>Enum</Type>
          </LayerConditionModel>
        </Conditions>
        <Brush xsi:type="SolidColorBrush">
          <Opacity>1</Opacity>
          <Transform xsi:type="MatrixTransform">
            <Matrix>
              <M11>1</M11>
              <M12>0</M12>
              <M21>0</M21>
              <M22>1</M22>
              <OffsetX>0</OffsetX>
              <OffsetY>0</OffsetY>
            </Matrix>
          </Transform>
          <RelativeTransform xsi:type="MatrixTransform">
            <Matrix>
              <M11>1</M11>
              <M12>0</M12>
              <M21>0</M21>
              <M22>1</M22>
              <OffsetX>0</OffsetX>
              <OffsetY>0</OffsetY>
            </Matrix>
          </RelativeTransform>
          <Color>
            <A>255</A>
            <R>0</R>
            <G>255</G>
            <B>29</B>
            <ScA>1</ScA>
            <ScR>0</ScR>
            <ScG>1</ScG>
            <ScB>0.0122864889</ScB>
          </Color>
        </Brush>
        <X>0</X>
        <Y>0</Y>
        <Width>1</Width>
        <Height>1</Height>
        <Opacity>1</Opacity>
        <Contain>false</Contain>
        <Animation>None</Animation>
        <AnimationSpeed>0</AnimationSpeed>
        <DynamicProperties />
      </Properties>
      <Children>
        <LayerModel>
          <Name>Sign display</Name>
          <Order>0</Order>
          <LayerType>Keyboard</LayerType>
          <Enabled>true</Enabled>
          <Expanded>false</Expanded>
          <Properties xsi:type="KeyboardPropertiesModel">
            <Conditions />
            <Brush xsi:type="LinearGradientBrush">
              <Opacity>1</Opacity>
              <Transform xsi:type="MatrixTransform">
                <Matrix>
                  <M11>1</M11>
                  <M12>0</M12>
                  <M21>0</M21>
                  <M22>1</M22>
                  <OffsetX>0</OffsetX>
                  <OffsetY>0</OffsetY>
                </Matrix>
              </Transform>
              <RelativeTransform xsi:type="MatrixTransform">
                <Matrix>
                  <M11>1</M11>
                  <M12>0</M12>
                  <M21>0</M21>
                  <M22>1</M22>
                  <OffsetX>0</OffsetX>
                  <OffsetY>0</OffsetY>
                </Matrix>
              </RelativeTransform>
              <ColorInterpolationMode>SRgbLinearInterpolation</ColorInterpolationMode>
              <MappingMode>RelativeToBoundingBox</MappingMode>
              <SpreadMethod>Pad</SpreadMethod>
              <GradientStops>
                <GradientStop>
                  <Color>
                    <A>255</A>
                    <R>0</R>
                    <G>113</G>
                    <B>255</B>
                    <ScA>1</ScA>
                    <ScR>0</ScR>
                    <ScG>0.1651322</ScG>
                    <ScB>1</ScB>
                  </Color>
                  <Offset>0</Offset>
                </GradientStop>
                <GradientStop>
                  <Color>
                    <A>255</A>
                    <R>0</R>
                    <G>255</G>
                    <B>207</B>
                    <ScA>1</ScA>
                    <ScR>0</ScR>
                    <ScG>1</ScG>
                    <ScB>0.623960435</ScB>
                  </Color>
                  <Offset>0.5</Offset>
                </GradientStop>
                <GradientStop>
                  <Color>
                    <A>255</A>
                    <R>0</R>
                    <G>113</G>
                    <B>255</B>
                    <ScA>1</ScA>
                    <ScR>0</ScR>
                    <ScG>0.1651322</ScG>
                    <ScB>1</ScB>
                  </Color>
                  <Offset>1</Offset>
                </GradientStop>
              </GradientStops>
              <StartPoint>
                <X>0</X>
                <Y>0</Y>
              </StartPoint>
              <EndPoint>
                <X>1</X>
                <Y>0</Y>
              </EndPoint>
            </Brush>
            <X>0</X>
            <Y>0</Y>
            <Width>25</Width>
            <Height>7</Height>
            <Opacity>1</Opacity>
            <Contain>false</Contain>
            <Animation>SlideLeft</Animation>
            <AnimationSpeed>0.65000000000000013</AnimationSpeed>
            <DynamicProperties>
              <DynamicPropertiesModel>
                <LayerProperty>Height</LayerProperty>
                <PercentageSource>0</PercentageSource>
                <LayerPropertyType>PercentageOf</LayerPropertyType>
                <LayerPropertyOptions>Downwards</LayerPropertyOptions>
              </DynamicPropertiesModel>
              <DynamicPropertiesModel>
                <LayerProperty>Width</LayerProperty>
                <PercentageSource>0</PercentageSource>
                <LayerPropertyType>PercentageOf</LayerPropertyType>
                <LayerPropertyOptions>LeftToRight</LayerPropertyOptions>
              </DynamicPropertiesModel>
              <DynamicPropertiesModel>
                <LayerProperty>Opacity</LayerProperty>
                <PercentageSource>0</PercentageSource>
                <LayerPropertyType>PercentageOf</LayerPropertyType>
                <LayerPropertyOptions>Increase</LayerPropertyOptions>
              </DynamicPropertiesModel>
            </DynamicProperties>
          </Properties>
          <Children />
        </LayerModel>
        <LayerModel>
          <Name>Sign display</Name>
          <Order>1</Order>
          <LayerType>Mouse</LayerType>
          <Enabled>true</Enabled>
          <Expanded>false</Expanded>
          <Properties xsi:type="MousePropertiesModel">
            <Conditions />
            <Brush xsi:type="SolidColorBrush">
              <Opacity>1</Opacity>
              <Transform xsi:type="MatrixTransform">
                <Matrix>
                  <M11>1</M11>
                  <M12>0</M12>
                  <M21>0</M21>
                  <M22>1</M22>
                  <OffsetX>0</OffsetX>
                  <OffsetY>0</OffsetY>
                </Matrix>
              </Transform>
              <RelativeTransform xsi:type="MatrixTransform">
                <Matrix>
                  <M11>1</M11>
                  <M12>0</M12>
                  <M21>0</M21>
                  <M22>1</M22>
                  <OffsetX>0</OffsetX>
                  <OffsetY>0</OffsetY>
                </Matrix>
              </RelativeTransform>
              <Color>
                <A>255</A>
                <R>0</R>
                <G>113</G>
                <B>255</B>
                <ScA>1</ScA>
                <ScR>0</ScR>
                <ScG>0.1651322</ScG>
                <ScB>1</ScB>
              </Color>
            </Brush>
          </Properties>
          <Children />
        </LayerModel>
        <LayerModel>
          <Name>Sign display</Name>
          <Order>2</Order>
          <LayerType>Headset</LayerType>
          <Enabled>true</Enabled>
          <Expanded>false</Expanded>
          <Properties xsi:type="HeadsetPropertiesModel">
            <Conditions />
            <Brush xsi:type="SolidColorBrush">
              <Opacity>1</Opacity>
              <Transform xsi:type="MatrixTransform">
                <Matrix>
                  <M11>1</M11>
                  <M12>0</M12>
                  <M21>0</M21>
                  <M22>1</M22>
                  <OffsetX>0</OffsetX>
                  <OffsetY>0</OffsetY>
                </Matrix>
              </Transform>
              <RelativeTransform xsi:type="MatrixTransform">
                <Matrix>
                  <M11>1</M11>
                  <M12>0</M12>
                  <M21>0</M21>
                  <M22>1</M22>
                  <OffsetX>0</OffsetX>
                  <OffsetY>0</OffsetY>
                </Matrix>
              </RelativeTransform>
              <Color>
                <A>255</A>
                <R>0</R>
                <G>113</G>
                <B>255</B>
                <ScA>1</ScA>
                <ScR>0</ScR>
                <ScG>0.1651322</ScG>
                <ScB>1</ScB>
              </Color>
            </Brush>
          </Properties>
          <Children />
        </LayerModel>
      </Children>
    </LayerModel>
  </Layers>
  <Name>Default</Name>
  <IsDefault>true</IsDefault>
  <KeyboardSlug>corsair-k95-rgb</KeyboardSlug>
  <GameName>Witcher3</GameName>
</ProfileModel>