{
  "Layers": [
    {
      "LayerType": {
        "$type": "Artemis.Profiles.Layers.Types.Folder.FolderType, Artemis"
      },
      "LayerCondition": {
        "$type": "Artemis.Profiles.Layers.Conditions.DataModelCondition, Artemis"
      },
      "LayerAnimation": {
        "$type": "Artemis.Profiles.Layers.Animations.NoneAnimation, Artemis"
      },
      "Name": "Vehicle Info",
      "Order": 0,
      "Enabled": true,
      "RenderAllowed": true,
      "Expanded": true,
      "IsEvent": false,
      "Properties": {
        "$type": "Artemis.Profiles.Layers.Models.SimplePropertiesModel, Artemis",
        "X": 0.0,
        "Y": 0.0,
        "Width": 1.0,
        "Height": 1.0,
        "Contain": false,
        "Opacity": 1.0,
        "AnimationSpeed": 0.0,
        "OpacityEaseTime": 0.0,
        "HeightEaseTime": 0.0,
        "WidthEaseTime": 0.0,
        "WidthEase": "Linear",
        "HeightEase": "Linear",
        "OpacityEase": "Linear",
        "ConditionType": 0,
        "Conditions": [],
        "LayerKeybindModels": [],
        "DynamicProperties": [],
        "Brush": {
          "SolidColorBrush": {
            "@xmlns": "http://schemas.microsoft.com/winfx/2006/xaml/presentation",
            "#text": "#FF000EFF"
          }
        }
      },
      "EventProperties": null,
      "Children": [
        {
          "LayerType": {
            "$type": "Artemis.Profiles.Layers.Types.Keyboard.KeyboardType, Artemis"
          },
          "LayerCondition": {
            "$type": "Artemis.Profiles.Layers.Conditions.DataModelCondition, Artemis"
          },
          "LayerAnimation": {
            "$type": "Artemis.Profiles.Layers.Animations.NoneAnimation, Artemis"
          },
          "Name": "Fuel",
          "Order": 0,
          "Enabled": true,
          "RenderAllowed": true,
          "Expanded": false,
          "IsEvent": false,
          "Properties": {
            "$type": "Artemis.Profiles.Layers.Types.Keyboard.KeyboardPropertiesModel, Artemis",
            "GifFile": null,
            "X": 1.0,
            "Y": 2.0,
            "Width": 17.0,
            "Height": 1.0,
            "Contain": false,
            "Opacity": 1.0,
            "AnimationSpeed": 0.0,
            "OpacityEaseTime": 0.0,
            "HeightEaseTime": 0.0,
            "WidthEaseTime": 0.0,
            "WidthEase": "Linear",
            "HeightEase": "Linear",
            "OpacityEase": "Linear",
            "ConditionType": 0,
            "Conditions": [],
            "LayerKeybindModels": [],
            "DynamicProperties": [
              {
                "LayerProperty": "Width",
                "GameProperty": "Physics.Fuel",
                "PercentageSource": 0.0,
                "PercentageProperty": "StaticInfo.Car.MaxFuel",
                "LayerPropertyType": 1,
                "LayerPropertyOptions": 0
              }
            ],
            "Brush": {
              "SolidColorBrush": {
                "@xmlns": "http://schemas.microsoft.com/winfx/2006/xaml/presentation",
                "#text": "#FF00A0FF"
              }
            }
          },
          "EventProperties": null,
          "Children": []
        },
        {
          "LayerType": {
            "$type": "Artemis.Profiles.Layers.Types.Keyboard.KeyboardType, Artemis"
          },
          "LayerCondition": {
            "$type": "Artemis.Profiles.Layers.Conditions.DataModelCondition, Artemis"
          },
          "LayerAnimation": {
            "$type": "Artemis.Profiles.Layers.Animations.NoneAnimation, Artemis"
          },
          "Name": "DRS",
          "Order": 1,
          "Enabled": true,
          "RenderAllowed": true,
          "Expanded": true,
          "IsEvent": false,
          "Properties": {
            "$type": "Artemis.Profiles.Layers.Types.Keyboard.KeyboardPropertiesModel, Artemis",
            "GifFile": null,
            "X": 18.0,
            "Y": 3.0,
            "Width": 4.0,
            "Height": 6.0,
            "Contain": false,
            "Opacity": 1.0,
            "AnimationSpeed": 0.0,
            "OpacityEaseTime": 0.0,
            "HeightEaseTime": 0.0,
            "WidthEaseTime": 0.0,
            "WidthEase": "Linear",
            "HeightEase": "Linear",
            "OpacityEase": "Linear",
            "ConditionType": 0,
            "Conditions": [
              {
                "Field": "Physics.DrsEnabled",
                "Value": "1",
                "Operator": "==",
                "Type": "Int32",
                "HotKey": null
              }
            ],
            "LayerKeybindModels": [],
            "DynamicProperties": [],
            "Brush": {
              "SolidColorBrush": {
                "@xmlns": "http://schemas.microsoft.com/winfx/2006/xaml/presentation",
                "#text": "#FF0078FF"
              }
            }
          },
          "EventProperties": null,
          "Children": []
        },
        {
          "LayerType": {
            "$type": "Artemis.Profiles.Layers.Types.Keyboard.KeyboardType, Artemis"
          },
          "LayerCondition": {
            "$type": "Artemis.Profiles.Layers.Conditions.DataModelCondition, Artemis"
          },
          "LayerAnimation": {
            "$type": "Artemis.Profiles.Layers.Animations.NoneAnimation, Artemis"
          },
          "Name": "Turbo",
          "Order": 3,
          "Enabled": true,
          "RenderAllowed": true,
          "Expanded": true,
          "IsEvent": false,
          "Properties": {
            "$type": "Artemis.Profiles.Layers.Types.Keyboard.KeyboardPropertiesModel, Artemis",
            "GifFile": null,
            "X": 0.0,
            "Y": 0.0,
            "Width": 11.0,
            "Height": 1.0,
            "Contain": false,
            "Opacity": 1.0,
            "AnimationSpeed": 0.0,
            "OpacityEaseTime": 0.0,
            "HeightEaseTime": 0.0,
            "WidthEaseTime": 0.0,
            "WidthEase": "Linear",
            "HeightEase": "Linear",
            "OpacityEase": "Linear",
            "ConditionType": 0,
            "Conditions": [],
            "LayerKeybindModels": [],
            "DynamicProperties": [
              {
                "LayerProperty": "Width",
                "GameProperty": "Physics.TurboBoost",
                "PercentageSource": 0.0,
                "PercentageProperty": "StaticInfo.Car.MaxTurboBoost",
                "LayerPropertyType": 1,
                "LayerPropertyOptions": 1
              }
            ],
            "Brush": {
              "SolidColorBrush": {
                "@xmlns": "http://schemas.microsoft.com/winfx/2006/xaml/presentation",
                "#text": "#FF00FF5A"
              }
            }
          },
          "EventProperties": null,
          "Children": []
        },
        {
          "LayerType": {
            "$type": "Artemis.Profiles.Layers.Types.Keyboard.KeyboardType, Artemis"
          },
          "LayerCondition": {
            "$type": "Artemis.Profiles.Layers.Conditions.DataModelCondition, Artemis"
          },
          "LayerAnimation": {
            "$type": "Artemis.Profiles.Layers.Animations.NoneAnimation, Artemis"
          },
          "Name": "RPM",
          "Order": 4,
          "Enabled": true,
          "RenderAllowed": true,
          "Expanded": true,
          "IsEvent": false,
          "Properties": {
            "$type": "Artemis.Profiles.Layers.Types.Keyboard.KeyboardPropertiesModel, Artemis",
            "GifFile": null,
            "X": 1.0,
            "Y": 6.0,
            "Width": 17.0,
            "Height": 3.0,
            "Contain": false,
            "Opacity": 1.0,
            "AnimationSpeed": 0.0,
            "OpacityEaseTime": 0.0,
            "HeightEaseTime": 0.0,
            "WidthEaseTime": 0.0,
            "WidthEase": "Linear",
            "HeightEase": "Linear",
            "OpacityEase": "Linear",
            "ConditionType": 0,
            "Conditions": [],
            "LayerKeybindModels": [],
            "DynamicProperties": [
              {
                "LayerProperty": "Width",
                "GameProperty": "Physics.Rpms",
                "PercentageSource": 0.0,
                "PercentageProperty": "StaticInfo.Car.MaxRpm",
                "LayerPropertyType": 1,
                "LayerPropertyOptions": 0
              }
            ],
            "Brush": {
              "LinearGradientBrush": {
                "@StartPoint": "0,0.5",
                "@EndPoint": "1,0.5",
                "@MappingMode": "RelativeToBoundingBox",
                "@SpreadMethod": "Pad",
                "@Opacity": "1",
                "@xmlns": "http://schemas.microsoft.com/winfx/2006/xaml/presentation",
                "LinearGradientBrush.GradientStops": {
                  "GradientStop": [
                    {
                      "@Color": "#FF7CFC00",
                      "@Offset": "0"
                    },
                    {
                      "@Color": "#FFFFA500",
                      "@Offset": "0.5"
                    },
                    {
                      "@Color": "#FFFF0000",
                      "@Offset": "1"
                    }
                  ]
                }
              }
            }
          },
          "EventProperties": null,
          "Children": []
        },
        {
          "LayerType": {
            "$type": "Artemis.Profiles.Layers.Types.Keyboard.KeyboardType, Artemis"
          },
          "LayerCondition": {
            "$type": "Artemis.Profiles.Layers.Conditions.DataModelCondition, Artemis"
          },
          "LayerAnimation": {
            "$type": "Artemis.Profiles.Layers.Animations.NoneAnimation, Artemis"
          },
          "Name": "KERS",
          "Order": 2,
          "Enabled": true,
          "RenderAllowed": true,
          "Expanded": false,
          "IsEvent": false,
          "Properties": {
            "$type": "Artemis.Profiles.Layers.Types.Keyboard.KeyboardPropertiesModel, Artemis",
            "GifFile": null,
            "X": 11.0,
            "Y": 0.0,
            "Width": 11.0,
            "Height": 1.0,
            "Contain": false,
            "Opacity": 1.0,
            "AnimationSpeed": 0.0,
            "OpacityEaseTime": 0.0,
            "HeightEaseTime": 0.0,
            "WidthEaseTime": 0.0,
            "WidthEase": "Linear",
            "HeightEase": "Linear",
            "OpacityEase": "Linear",
            "ConditionType": 0,
            "Conditions": [],
            "LayerKeybindModels": [],
            "DynamicProperties": [
              {
                "LayerProperty": "Width",
                "GameProperty": "Physics.KersInput",
                "PercentageSource": 1.0,
                "PercentageProperty": "StaticInfo.Car.KersMaxJoules",
                "LayerPropertyType": 0,
                "LayerPropertyOptions": 0
              }
            ],
            "Brush": {
              "SolidColorBrush": {
                "@xmlns": "http://schemas.microsoft.com/winfx/2006/xaml/presentation",
                "#text": "#FFFF8D00"
              }
            }
          },
          "EventProperties": null,
          "Children": []
        }
      ]
    }
  ],
  "Name": "Default",
  "IsDefault": true,
  "KeyboardSlug": "corsair-k95-rgb-platinum",
  "GameName": "AssettoCorsa",
  "Width": 22,
  "Height": 9,
  "LuaScript": null
}