{
  "Layers": [
    {
      "LayerType": {
        "$type": "Artemis.Profiles.Layers.Types.Folder.FolderType, Artemis"
      },
      "LayerCondition": {
        "$type": "Artemis.Profiles.Layers.Conditions.DataModelCondition, Artemis"
      },
      "LayerAnimation": null,
      "Name": "Hero alive",
      "Order": 0,
      "Enabled": true,
      "Expanded": false,
      "IsEvent": false,
      "Properties": {
        "$type": "Artemis.Profiles.Layers.Models.SimplePropertiesModel, Artemis",
        "X": 0.0,
        "Y": 0.0,
        "Width": 1.0,
        "Height": 1.0,
        "Contain": false,
        "Opacity": 1.0,
        "AnimationSpeed": 0.0,
        "Conditions": [],
        "DynamicProperties": [],
        "Brush": {
          "SolidColorBrush": {
            "@xmlns": "http://schemas.microsoft.com/winfx/2006/xaml/presentation",
            "#text": "#FF4FFF00"
          }
        }
      },
      "EventProperties": null,
      "Children": [
        {
          "LayerType": {
            "$type": "Artemis.Profiles.Layers.Types.Folder.FolderType, Artemis"
          },
          "LayerCondition": {
            "$type": "Artemis.Profiles.Layers.Conditions.DataModelCondition, Artemis"
          },
          "LayerAnimation": null,
          "Name": "Hero details",
          "Order": 0,
          "Enabled": true,
          "Expanded": false,
          "IsEvent": false,
          "Properties": {
            "$type": "Artemis.Profiles.Layers.Models.SimplePropertiesModel, Artemis",
            "X": 0.0,
            "Y": 0.0,
            "Width": 1.0,
            "Height": 1.0,
            "Contain": false,
            "Opacity": 1.0,
            "AnimationSpeed": 0.0,
            "Conditions": [],
            "DynamicProperties": [],
            "Brush": {
              "SolidColorBrush": {
                "@xmlns": "http://schemas.microsoft.com/winfx/2006/xaml/presentation",
                "#text": "#FFA6FF00"
              }
            }
          },
          "EventProperties": null,
          "Children": [
            {
              "LayerType": {
                "$type": "Artemis.Profiles.Layers.Types.Folder.FolderType, Artemis"
              },
              "LayerCondition": {
                "$type": "Artemis.Profiles.Layers.Conditions.DataModelCondition, Artemis"
              },
              "LayerAnimation": null,
              "Name": "Health",
              "Order": 0,
              "Enabled": true,
              "Expanded": false,
              "IsEvent": false,
              "Properties": {
                "$type": "Artemis.Profiles.Layers.Models.SimplePropertiesModel, Artemis",
                "X": 0.0,
                "Y": 0.0,
                "Width": 1.0,
                "Height": 1.0,
                "Contain": false,
                "Opacity": 1.0,
                "AnimationSpeed": 0.0,
                "Conditions": [],
                "DynamicProperties": [],
                "Brush": {
                  "SolidColorBrush": {
                    "@xmlns": "http://schemas.microsoft.com/winfx/2006/xaml/presentation",
                    "#text": "#FFFF007B"
                  }
                }
              },
              "EventProperties": null,
              "Children": [
                {
                  "LayerType": {
                    "$type": "Artemis.Profiles.Layers.Types.Folder.FolderType, Artemis"
                  },
                  "LayerCondition": {
                    "$type": "Artemis.Profiles.Layers.Conditions.DataModelCondition, Artemis"
                  },
                  "LayerAnimation": null,
                  "Name": "Health >66",
                  "Order": 0,
                  "Enabled": true,
                  "Expanded": false,
                  "IsEvent": false,
                  "Properties": {
                    "$type": "Artemis.Profiles.Layers.Models.SimplePropertiesModel, Artemis",
                    "X": 0.0,
                    "Y": 0.0,
                    "Width": 1.0,
                    "Height": 1.0,
                    "Contain": false,
                    "Opacity": 1.0,
                    "AnimationSpeed": 0.0,
                    "Conditions": [
                      {
                        "Field": "hero.health_percent",
                        "Value": "66",
                        "Operator": ">",
                        "Type": "Int32"
                      }
                    ],
                    "DynamicProperties": [],
                    "Brush": {
                      "SolidColorBrush": {
                        "@xmlns": "http://schemas.microsoft.com/winfx/2006/xaml/presentation",
                        "#text": "#FF00FF58"
                      }
                    }
                  },
                  "EventProperties": null,
                  "Children": [
                    {
                      "LayerType": {
                        "$type": "Artemis.Profiles.Layers.Types.Headset.HeadsetType, Artemis"
                      },
                      "LayerCondition": {
                        "$type": "Artemis.Profiles.Layers.Conditions.DataModelCondition, Artemis"
                      },
                      "LayerAnimation": {
                        "$type": "Artemis.Profiles.Layers.Animations.SlideDownAnimation, Artemis"
                      },
                      "Name": "Health - headset",
                      "Order": 0,
                      "Enabled": true,
                      "Expanded": false,
                      "IsEvent": false,
                      "Properties": {
                        "$type": "Artemis.Profiles.Layers.Models.SimplePropertiesModel, Artemis",
                        "X": 0.0,
                        "Y": 0.0,
                        "Width": 10.0,
                        "Height": 10.0,
                        "Contain": true,
                        "Opacity": 1.0,
                        "AnimationSpeed": 0.25,
                        "Conditions": [],
                        "DynamicProperties": [],
                        "Brush": {
                          "LinearGradientBrush": {
                            "@StartPoint": "0.5,0",
                            "@EndPoint": "0.5,1",
                            "@MappingMode": "RelativeToBoundingBox",
                            "@SpreadMethod": "Pad",
                            "@Opacity": "1",
                            "@xmlns": "http://schemas.microsoft.com/winfx/2006/xaml/presentation",
                            "LinearGradientBrush.GradientStops": {
                              "GradientStop": [
                                {
                                  "@Color": "#FF6DFF00",
                                  "@Offset": "0"
                                },
                                {
                                  "@Color": "#FF6DFF00",
                                  "@Offset": "1"
                                },
                                {
                                  "@Color": "#FF008B04",
                                  "@Offset": "0.49110452186805031"
                                }
                              ]
                            }
                          }
                        }
                      },
                      "EventProperties": null,
                      "Children": []
                    },
                    {
                      "LayerType": {
                        "$type": "Artemis.Profiles.Layers.Types.Mouse.MouseType, Artemis"
                      },
                      "LayerCondition": {
                        "$type": "Artemis.Profiles.Layers.Conditions.DataModelCondition, Artemis"
                      },
                      "LayerAnimation": {
                        "$type": "Artemis.Profiles.Layers.Animations.SlideDownAnimation, Artemis"
                      },
                      "Name": "Health - mouse",
                      "Order": 1,
                      "Enabled": true,
                      "Expanded": false,
                      "IsEvent": false,
                      "Properties": {
                        "$type": "Artemis.Profiles.Layers.Models.SimplePropertiesModel, Artemis",
                        "X": 0.0,
                        "Y": 0.0,
                        "Width": 10.0,
                        "Height": 10.0,
                        "Contain": true,
                        "Opacity": 1.0,
                        "AnimationSpeed": 0.25,
                        "Conditions": [],
                        "DynamicProperties": [],
                        "Brush": {
                          "LinearGradientBrush": {
                            "@StartPoint": "0.5,0",
                            "@EndPoint": "0.5,1",
                            "@MappingMode": "RelativeToBoundingBox",
                            "@SpreadMethod": "Pad",
                            "@Opacity": "1",
                            "@xmlns": "http://schemas.microsoft.com/winfx/2006/xaml/presentation",
                            "LinearGradientBrush.GradientStops": {
                              "GradientStop": [
                                {
                                  "@Color": "#FF6DFF00",
                                  "@Offset": "0"
                                },
                                {
                                  "@Color": "#FF6DFF00",
                                  "@Offset": "1"
                                },
                                {
                                  "@Color": "#FF008B04",
                                  "@Offset": "0.49110452186805031"
                                }
                              ]
                            }
                          }
                        }
                      },
                      "EventProperties": null,
                      "Children": []
                    },
                    {
                      "LayerType": {
                        "$type": "Artemis.Profiles.Layers.Types.Generic.GenericType, Artemis"
                      },
                      "LayerCondition": {
                        "$type": "Artemis.Profiles.Layers.Conditions.DataModelCondition, Artemis"
                      },
                      "LayerAnimation": {
                        "$type": "Artemis.Profiles.Layers.Animations.SlideDownAnimation, Artemis"
                      },
                      "Name": "Health - generic",
                      "Order": 2,
                      "Enabled": true,
                      "Expanded": false,
                      "IsEvent": false,
                      "Properties": {
                        "$type": "Artemis.Profiles.Layers.Models.SimplePropertiesModel, Artemis",
                        "X": 0.0,
                        "Y": 0.0,
                        "Width": 10.0,
                        "Height": 10.0,
                        "Contain": true,
                        "Opacity": 1.0,
                        "AnimationSpeed": 0.25,
                        "Conditions": [],
                        "DynamicProperties": [],
                        "Brush": {
                          "LinearGradientBrush": {
                            "@StartPoint": "0.5,0",
                            "@EndPoint": "0.5,1",
                            "@MappingMode": "RelativeToBoundingBox",
                            "@SpreadMethod": "Pad",
                            "@Opacity": "1",
                            "@xmlns": "http://schemas.microsoft.com/winfx/2006/xaml/presentation",
                            "LinearGradientBrush.GradientStops": {
                              "GradientStop": [
                                {
                                  "@Color": "#FF6DFF00",
                                  "@Offset": "0"
                                },
                                {
                                  "@Color": "#FF6DFF00",
                                  "@Offset": "1"
                                },
                                {
                                  "@Color": "#FF008B04",
                                  "@Offset": "0.49110452186805031"
                                }
                              ]
                            }
                          }
                        }
                      },
                      "EventProperties": null,
                      "Children": []
                    }
                  ]
                },
                {
                  "LayerType": {
                    "$type": "Artemis.Profiles.Layers.Types.Folder.FolderType, Artemis"
                  },
                  "LayerCondition": {
                    "$type": "Artemis.Profiles.Layers.Conditions.DataModelCondition, Artemis"
                  },
                  "LayerAnimation": null,
                  "Name": "Health >33",
                  "Order": 1,
                  "Enabled": true,
                  "Expanded": false,
                  "IsEvent": false,
                  "Properties": {
                    "$type": "Artemis.Profiles.Layers.Models.SimplePropertiesModel, Artemis",
                    "X": 0.0,
                    "Y": 0.0,
                    "Width": 1.0,
                    "Height": 1.0,
                    "Contain": false,
                    "Opacity": 1.0,
                    "AnimationSpeed": 0.0,
                    "Conditions": [
                      {
                        "Field": "hero.health_percent",
                        "Value": "33",
                        "Operator": ">",
                        "Type": "Int32"
                      },
                      {
                        "Field": "hero.health_percent",
                        "Value": "66",
                        "Operator": "<=",
                        "Type": "Int32"
                      }
                    ],
                    "DynamicProperties": [],
                    "Brush": {
                      "SolidColorBrush": {
                        "@xmlns": "http://schemas.microsoft.com/winfx/2006/xaml/presentation",
                        "#text": "#FF00FF58"
                      }
                    }
                  },
                  "EventProperties": null,
                  "Children": [
                    {
                      "LayerType": {
                        "$type": "Artemis.Profiles.Layers.Types.Headset.HeadsetType, Artemis"
                      },
                      "LayerCondition": {
                        "$type": "Artemis.Profiles.Layers.Conditions.DataModelCondition, Artemis"
                      },
                      "LayerAnimation": {
                        "$type": "Artemis.Profiles.Layers.Animations.SlideDownAnimation, Artemis"
                      },
                      "Name": "Health - headset",
                      "Order": 0,
                      "Enabled": true,
                      "Expanded": false,
                      "IsEvent": false,
                      "Properties": {
                        "$type": "Artemis.Profiles.Layers.Models.SimplePropertiesModel, Artemis",
                        "X": 0.0,
                        "Y": 0.0,
                        "Width": 10.0,
                        "Height": 10.0,
                        "Contain": true,
                        "Opacity": 1.0,
                        "AnimationSpeed": 0.25,
                        "Conditions": [],
                        "DynamicProperties": [],
                        "Brush": {
                          "LinearGradientBrush": {
                            "@StartPoint": "0.5,0",
                            "@EndPoint": "0.5,1",
                            "@MappingMode": "RelativeToBoundingBox",
                            "@SpreadMethod": "Pad",
                            "@Opacity": "1",
                            "@xmlns": "http://schemas.microsoft.com/winfx/2006/xaml/presentation",
                            "LinearGradientBrush.GradientStops": {
                              "GradientStop": [
                                {
                                  "@Color": "#FFFFDF00",
                                  "@Offset": "0"
                                },
                                {
                                  "@Color": "#FFFFDF00",
                                  "@Offset": "1"
                                },
                                {
                                  "@Color": "#FFFF8D00",
                                  "@Offset": "0.49110452186805031"
                                }
                              ]
                            }
                          }
                        }
                      },
                      "EventProperties": null,
                      "Children": []
                    },
                    {
                      "LayerType": {
                        "$type": "Artemis.Profiles.Layers.Types.Mouse.MouseType, Artemis"
                      },
                      "LayerCondition": {
                        "$type": "Artemis.Profiles.Layers.Conditions.DataModelCondition, Artemis"
                      },
                      "LayerAnimation": {
                        "$type": "Artemis.Profiles.Layers.Animations.SlideDownAnimation, Artemis"
                      },
                      "Name": "Health - mouse",
                      "Order": 1,
                      "Enabled": true,
                      "Expanded": false,
                      "IsEvent": false,
                      "Properties": {
                        "$type": "Artemis.Profiles.Layers.Models.SimplePropertiesModel, Artemis",
                        "X": 0.0,
                        "Y": 0.0,
                        "Width": 10.0,
                        "Height": 10.0,
                        "Contain": true,
                        "Opacity": 1.0,
                        "AnimationSpeed": 0.25,
                        "Conditions": [],
                        "DynamicProperties": [],
                        "Brush": {
                          "LinearGradientBrush": {
                            "@StartPoint": "0.5,0",
                            "@EndPoint": "0.5,1",
                            "@MappingMode": "RelativeToBoundingBox",
                            "@SpreadMethod": "Pad",
                            "@Opacity": "1",
                            "@xmlns": "http://schemas.microsoft.com/winfx/2006/xaml/presentation",
                            "LinearGradientBrush.GradientStops": {
                              "GradientStop": [
                                {
                                  "@Color": "#FFFFDF00",
                                  "@Offset": "0"
                                },
                                {
                                  "@Color": "#FFFFDF00",
                                  "@Offset": "1"
                                },
                                {
                                  "@Color": "#FFFF8D00",
                                  "@Offset": "0.49110452186805031"
                                }
                              ]
                            }
                          }
                        }
                      },
                      "EventProperties": null,
                      "Children": []
                    },
                    {
                      "LayerType": {
                        "$type": "Artemis.Profiles.Layers.Types.Generic.GenericType, Artemis"
                      },
                      "LayerCondition": {
                        "$type": "Artemis.Profiles.Layers.Conditions.DataModelCondition, Artemis"
                      },
                      "LayerAnimation": {
                        "$type": "Artemis.Profiles.Layers.Animations.SlideDownAnimation, Artemis"
                      },
                      "Name": "Health - generic",
                      "Order": 2,
                      "Enabled": true,
                      "Expanded": false,
                      "IsEvent": false,
                      "Properties": {
                        "$type": "Artemis.Profiles.Layers.Models.SimplePropertiesModel, Artemis",
                        "X": 0.0,
                        "Y": 0.0,
                        "Width": 10.0,
                        "Height": 10.0,
                        "Contain": true,
                        "Opacity": 1.0,
                        "AnimationSpeed": 0.25,
                        "Conditions": [],
                        "DynamicProperties": [],
                        "Brush": {
                          "LinearGradientBrush": {
                            "@StartPoint": "0.5,0",
                            "@EndPoint": "0.5,1",
                            "@MappingMode": "RelativeToBoundingBox",
                            "@SpreadMethod": "Pad",
                            "@Opacity": "1",
                            "@xmlns": "http://schemas.microsoft.com/winfx/2006/xaml/presentation",
                            "LinearGradientBrush.GradientStops": {
                              "GradientStop": [
                                {
                                  "@Color": "#FFFFDF00",
                                  "@Offset": "0"
                                },
                                {
                                  "@Color": "#FFFFDF00",
                                  "@Offset": "1"
                                },
                                {
                                  "@Color": "#FFFF8D00",
                                  "@Offset": "0.49110452186805031"
                                }
                              ]
                            }
                          }
                        }
                      },
                      "EventProperties": null,
                      "Children": []
                    }
                  ]
                },
                {
                  "LayerType": {
                    "$type": "Artemis.Profiles.Layers.Types.Folder.FolderType, Artemis"
                  },
                  "LayerCondition": {
                    "$type": "Artemis.Profiles.Layers.Conditions.DataModelCondition, Artemis"
                  },
                  "LayerAnimation": null,
                  "Name": "Health <33",
                  "Order": 2,
                  "Enabled": true,
                  "Expanded": false,
                  "IsEvent": false,
                  "Properties": {
                    "$type": "Artemis.Profiles.Layers.Models.SimplePropertiesModel, Artemis",
                    "X": 0.0,
                    "Y": 0.0,
                    "Width": 1.0,
                    "Height": 1.0,
                    "Contain": false,
                    "Opacity": 1.0,
                    "AnimationSpeed": 0.0,
                    "Conditions": [
                      {
                        "Field": "hero.health_percent",
                        "Value": "33",
                        "Operator": "<=",
                        "Type": "Int32"
                      }
                    ],
                    "DynamicProperties": [],
                    "Brush": {
                      "SolidColorBrush": {
                        "@xmlns": "http://schemas.microsoft.com/winfx/2006/xaml/presentation",
                        "#text": "#FF00FF58"
                      }
                    }
                  },
                  "EventProperties": null,
                  "Children": [
                    {
                      "LayerType": {
                        "$type": "Artemis.Profiles.Layers.Types.Headset.HeadsetType, Artemis"
                      },
                      "LayerCondition": {
                        "$type": "Artemis.Profiles.Layers.Conditions.DataModelCondition, Artemis"
                      },
                      "LayerAnimation": {
                        "$type": "Artemis.Profiles.Layers.Animations.SlideDownAnimation, Artemis"
                      },
                      "Name": "Health - headset",
                      "Order": 0,
                      "Enabled": true,
                      "Expanded": false,
                      "IsEvent": false,
                      "Properties": {
                        "$type": "Artemis.Profiles.Layers.Models.SimplePropertiesModel, Artemis",
                        "X": 0.0,
                        "Y": 0.0,
                        "Width": 10.0,
                        "Height": 10.0,
                        "Contain": true,
                        "Opacity": 1.0,
                        "AnimationSpeed": 0.25,
                        "Conditions": [],
                        "DynamicProperties": [],
                        "Brush": {
                          "LinearGradientBrush": {
                            "@StartPoint": "0.5,0",
                            "@EndPoint": "0.5,1",
                            "@MappingMode": "RelativeToBoundingBox",
                            "@SpreadMethod": "Pad",
                            "@Opacity": "1",
                            "@xmlns": "http://schemas.microsoft.com/winfx/2006/xaml/presentation",
                            "LinearGradientBrush.GradientStops": {
                              "GradientStop": [
                                {
                                  "@Color": "#FFFF1700",
                                  "@Offset": "0"
                                },
                                {
                                  "@Color": "#FFFF1700",
                                  "@Offset": "1"
                                },
                                {
                                  "@Color": "#FFFF4600",
                                  "@Offset": "0.49110452186805031"
                                }
                              ]
                            }
                          }
                        }
                      },
                      "EventProperties": null,
                      "Children": []
                    },
                    {
                      "LayerType": {
                        "$type": "Artemis.Profiles.Layers.Types.Mouse.MouseType, Artemis"
                      },
                      "LayerCondition": {
                        "$type": "Artemis.Profiles.Layers.Conditions.DataModelCondition, Artemis"
                      },
                      "LayerAnimation": {
                        "$type": "Artemis.Profiles.Layers.Animations.SlideDownAnimation, Artemis"
                      },
                      "Name": "Health - mouse",
                      "Order": 1,
                      "Enabled": true,
                      "Expanded": false,
                      "IsEvent": false,
                      "Properties": {
                        "$type": "Artemis.Profiles.Layers.Models.SimplePropertiesModel, Artemis",
                        "X": 0.0,
                        "Y": 0.0,
                        "Width": 10.0,
                        "Height": 10.0,
                        "Contain": true,
                        "Opacity": 1.0,
                        "AnimationSpeed": 0.25,
                        "Conditions": [],
                        "DynamicProperties": [],
                        "Brush": {
                          "LinearGradientBrush": {
                            "@StartPoint": "0.5,0",
                            "@EndPoint": "0.5,1",
                            "@MappingMode": "RelativeToBoundingBox",
                            "@SpreadMethod": "Pad",
                            "@Opacity": "1",
                            "@xmlns": "http://schemas.microsoft.com/winfx/2006/xaml/presentation",
                            "LinearGradientBrush.GradientStops": {
                              "GradientStop": [
                                {
                                  "@Color": "#FFFF1700",
                                  "@Offset": "0"
                                },
                                {
                                  "@Color": "#FFFF1700",
                                  "@Offset": "1"
                                },
                                {
                                  "@Color": "#FFFF4600",
                                  "@Offset": "0.49110452186805031"
                                }
                              ]
                            }
                          }
                        }
                      },
                      "EventProperties": null,
                      "Children": []
                    },
                    {
                      "LayerType": {
                        "$type": "Artemis.Profiles.Layers.Types.Generic.GenericType, Artemis"
                      },
                      "LayerCondition": {
                        "$type": "Artemis.Profiles.Layers.Conditions.DataModelCondition, Artemis"
                      },
                      "LayerAnimation": {
                        "$type": "Artemis.Profiles.Layers.Animations.SlideDownAnimation, Artemis"
                      },
                      "Name": "Health - generic",
                      "Order": 2,
                      "Enabled": true,
                      "Expanded": false,
                      "IsEvent": false,
                      "Properties": {
                        "$type": "Artemis.Profiles.Layers.Models.SimplePropertiesModel, Artemis",
                        "X": 0.0,
                        "Y": 0.0,
                        "Width": 10.0,
                        "Height": 10.0,
                        "Contain": true,
                        "Opacity": 1.0,
                        "AnimationSpeed": 0.25,
                        "Conditions": [],
                        "DynamicProperties": [],
                        "Brush": {
                          "LinearGradientBrush": {
                            "@StartPoint": "0.5,0",
                            "@EndPoint": "0.5,1",
                            "@MappingMode": "RelativeToBoundingBox",
                            "@SpreadMethod": "Pad",
                            "@Opacity": "1",
                            "@xmlns": "http://schemas.microsoft.com/winfx/2006/xaml/presentation",
                            "LinearGradientBrush.GradientStops": {
                              "GradientStop": [
                                {
                                  "@Color": "#FFFF1700",
                                  "@Offset": "0"
                                },
                                {
                                  "@Color": "#FFFF1700",
                                  "@Offset": "1"
                                },
                                {
                                  "@Color": "#FFFF4600",
                                  "@Offset": "0.49110452186805031"
                                }
                              ]
                            }
                          }
                        }
                      },
                      "EventProperties": null,
                      "Children": []
                    }
                  ]
                },
                {
                  "LayerType": {
                    "$type": "Artemis.Profiles.Layers.Types.Keyboard.KeyboardType, Artemis"
                  },
                  "LayerCondition": {
                    "$type": "Artemis.Profiles.Layers.Conditions.DataModelCondition, Artemis"
                  },
                  "LayerAnimation": {
                    "$type": "Artemis.Profiles.Layers.Animations.NoneAnimation, Artemis"
                  },
                  "Name": "Health bar",
                  "Order": 3,
                  "Enabled": true,
                  "Expanded": false,
                  "IsEvent": false,
                  "Properties": {
                    "$type": "Artemis.Profiles.Layers.Types.Keyboard.KeyboardPropertiesModel, Artemis",
                    "GifFile": null,
                    "X": 0.0,
                    "Y": 1.0,
                    "Width": 17.0,
                    "Height": 1.0,
                    "Contain": false,
                    "Opacity": 1.0,
                    "AnimationSpeed": 0.0,
                    "Conditions": [],
                    "DynamicProperties": [
                      {
                        "LayerProperty": "Width",
                        "GameProperty": "hero.health_percent",
                        "PercentageSource": 100.0,
                        "PercentageProperty": null,
                        "LayerPropertyType": 0,
                        "LayerPropertyOptions": 0
                      }
                    ],
                    "Brush": {
                      "LinearGradientBrush": {
                        "@StartPoint": "0,0",
                        "@EndPoint": "1,0",
                        "@MappingMode": "RelativeToBoundingBox",
                        "@SpreadMethod": "Pad",
                        "@Opacity": "1",
                        "@xmlns": "http://schemas.microsoft.com/winfx/2006/xaml/presentation",
                        "LinearGradientBrush.GradientStops": {
                          "GradientStop": [
                            {
                              "@Color": "#FF32FF00",
                              "@Offset": "1"
                            },
                            {
                              "@Color": "#FFFF0000",
                              "@Offset": "0.070422535211267609"
                            },
                            {
                              "@Color": "#FFFFEB00",
                              "@Offset": "0.51732765011119342"
                            }
                          ]
                        }
                      }
                    }
                  },
                  "EventProperties": null,
                  "Children": []
                }
              ]
            },
            {
              "LayerType": {
                "$type": "Artemis.Profiles.Layers.Types.Keyboard.KeyboardType, Artemis"
              },
              "LayerCondition": {
                "$type": "Artemis.Profiles.Layers.Conditions.DataModelCondition, Artemis"
              },
              "LayerAnimation": {
                "$type": "Artemis.Profiles.Layers.Animations.NoneAnimation, Artemis"
              },
              "Name": "Mana",
              "Order": 1,
              "Enabled": true,
              "Expanded": false,
              "IsEvent": false,
              "Properties": {
                "$type": "Artemis.Profiles.Layers.Types.Keyboard.KeyboardPropertiesModel, Artemis",
                "GifFile": null,
                "X": 0.0,
                "Y": 0.0,
                "Width": 17.0,
                "Height": 1.0,
                "Contain": false,
                "Opacity": 1.0,
                "AnimationSpeed": 0.0,
                "Conditions": [],
                "DynamicProperties": [
                  {
                    "LayerProperty": "Width",
                    "GameProperty": "hero.mana_percent",
                    "PercentageSource": 100.0,
                    "PercentageProperty": null,
                    "LayerPropertyType": 0,
                    "LayerPropertyOptions": 0
                  }
                ],
                "Brush": {
                  "LinearGradientBrush": {
                    "@StartPoint": "0,0",
                    "@EndPoint": "1,0",
                    "@MappingMode": "RelativeToBoundingBox",
                    "@SpreadMethod": "Pad",
                    "@Opacity": "1",
                    "@xmlns": "http://schemas.microsoft.com/winfx/2006/xaml/presentation",
                    "LinearGradientBrush.GradientStops": {
                      "GradientStop": [
                        {
                          "@Color": "#FF001FFF",
                          "@Offset": "0"
                        },
                        {
                          "@Color": "#FF0095FF",
                          "@Offset": "1"
                        }
                      ]
                    }
                  }
                }
              },
              "EventProperties": null,
              "Children": []
            }
          ]
        },
        {
          "LayerType": {
            "$type": "Artemis.Profiles.Layers.Types.Folder.FolderType, Artemis"
          },
          "LayerCondition": {
            "$type": "Artemis.Profiles.Layers.Conditions.DataModelCondition, Artemis"
          },
          "LayerAnimation": null,
          "Name": "Abilities",
          "Order": 1,
          "Enabled": true,
          "Expanded": false,
          "IsEvent": false,
          "Properties": {
            "$type": "Artemis.Profiles.Layers.Models.SimplePropertiesModel, Artemis",
            "X": 0.0,
            "Y": 0.0,
            "Width": 1.0,
            "Height": 1.0,
            "Contain": false,
            "Opacity": 1.0,
            "AnimationSpeed": 0.0,
            "Conditions": [],
            "DynamicProperties": [],
            "Brush": {
              "SolidColorBrush": {
                "@xmlns": "http://schemas.microsoft.com/winfx/2006/xaml/presentation",
                "#text": "#FF00FF8C"
              }
            }
          },
          "EventProperties": null,
          "Children": [
            {
              "LayerType": {
                "$type": "Artemis.Profiles.Layers.Types.Keyboard.KeyboardType, Artemis"
              },
              "LayerCondition": {
                "$type": "Artemis.Profiles.Layers.Conditions.DataModelCondition, Artemis"
              },
              "LayerAnimation": {
                "$type": "Artemis.Profiles.Layers.Animations.NoneAnimation, Artemis"
              },
              "Name": "Ability 1 ready",
              "Order": 0,
              "Enabled": true,
              "Expanded": false,
              "IsEvent": false,
              "Properties": {
                "$type": "Artemis.Profiles.Layers.Types.Keyboard.KeyboardPropertiesModel, Artemis",
                "GifFile": null,
                "X": 1.0,
                "Y": 2.0,
                "Width": 1.0,
                "Height": 1.0,
                "Contain": false,
                "Opacity": 1.0,
                "AnimationSpeed": 0.0,
                "Conditions": [
                  {
                    "Field": "abilities.ability0.can_cast",
                    "Value": "True",
                    "Operator": "==",
                    "Type": "Boolean"
                  }
                ],
                "DynamicProperties": [],
                "Brush": {
                  "SolidColorBrush": {
                    "@xmlns": "http://schemas.microsoft.com/winfx/2006/xaml/presentation",
                    "#text": "#FF3EFF00"
                  }
                }
              },
              "EventProperties": null,
              "Children": []
            },
            {
              "LayerType": {
                "$type": "Artemis.Profiles.Layers.Types.Keyboard.KeyboardType, Artemis"
              },
              "LayerCondition": {
                "$type": "Artemis.Profiles.Layers.Conditions.DataModelCondition, Artemis"
              },
              "LayerAnimation": {
                "$type": "Artemis.Profiles.Layers.Animations.NoneAnimation, Artemis"
              },
              "Name": "Ability 2 ready",
              "Order": 1,
              "Enabled": true,
              "Expanded": false,
              "IsEvent": false,
              "Properties": {
                "$type": "Artemis.Profiles.Layers.Types.Keyboard.KeyboardPropertiesModel, Artemis",
                "GifFile": null,
                "X": 2.0,
                "Y": 2.0,
                "Width": 1.0,
                "Height": 1.0,
                "Contain": false,
                "Opacity": 1.0,
                "AnimationSpeed": 0.0,
                "Conditions": [
                  {
                    "Field": "abilities.ability1.can_cast",
                    "Value": "True",
                    "Operator": "==",
                    "Type": "Boolean"
                  }
                ],
                "DynamicProperties": [],
                "Brush": {
                  "SolidColorBrush": {
                    "@xmlns": "http://schemas.microsoft.com/winfx/2006/xaml/presentation",
                    "#text": "#FF3EFF00"
                  }
                }
              },
              "EventProperties": null,
              "Children": []
            },
            {
              "LayerType": {
                "$type": "Artemis.Profiles.Layers.Types.Keyboard.KeyboardType, Artemis"
              },
              "LayerCondition": {
                "$type": "Artemis.Profiles.Layers.Conditions.DataModelCondition, Artemis"
              },
              "LayerAnimation": {
                "$type": "Artemis.Profiles.Layers.Animations.NoneAnimation, Artemis"
              },
              "Name": "Ability 3 ready",
              "Order": 2,
              "Enabled": true,
              "Expanded": false,
              "IsEvent": false,
              "Properties": {
                "$type": "Artemis.Profiles.Layers.Types.Keyboard.KeyboardPropertiesModel, Artemis",
                "GifFile": null,
                "X": 3.0,
                "Y": 2.0,
                "Width": 1.0,
                "Height": 1.0,
                "Contain": false,
                "Opacity": 1.0,
                "AnimationSpeed": 0.0,
                "Conditions": [
                  {
                    "Field": "abilities.ability2.can_cast",
                    "Value": "True",
                    "Operator": "==",
                    "Type": "Boolean"
                  }
                ],
                "DynamicProperties": [],
                "Brush": {
                  "SolidColorBrush": {
                    "@xmlns": "http://schemas.microsoft.com/winfx/2006/xaml/presentation",
                    "#text": "#FF3EFF00"
                  }
                }
              },
              "EventProperties": null,
              "Children": []
            },
            {
              "LayerType": {
                "$type": "Artemis.Profiles.Layers.Types.Keyboard.KeyboardType, Artemis"
              },
              "LayerCondition": {
                "$type": "Artemis.Profiles.Layers.Conditions.DataModelCondition, Artemis"
              },
              "LayerAnimation": {
                "$type": "Artemis.Profiles.Layers.Animations.NoneAnimation, Artemis"
              },
              "Name": "Ability 4 ready",
              "Order": 3,
              "Enabled": true,
              "Expanded": false,
              "IsEvent": false,
              "Properties": {
                "$type": "Artemis.Profiles.Layers.Types.Keyboard.KeyboardPropertiesModel, Artemis",
                "GifFile": null,
                "X": 5.0,
                "Y": 2.0,
                "Width": 1.0,
                "Height": 1.0,
                "Contain": false,
                "Opacity": 1.0,
                "AnimationSpeed": 0.0,
                "Conditions": [
                  {
                    "Field": "abilities.ability3.can_cast",
                    "Value": "True",
                    "Operator": "==",
                    "Type": "Boolean"
                  }
                ],
                "DynamicProperties": [],
                "Brush": {
                  "SolidColorBrush": {
                    "@xmlns": "http://schemas.microsoft.com/winfx/2006/xaml/presentation",
                    "#text": "#FF3EFF00"
                  }
                }
              },
              "EventProperties": null,
              "Children": []
            },
            {
              "LayerType": {
                "$type": "Artemis.Profiles.Layers.Types.Keyboard.KeyboardType, Artemis"
              },
              "LayerCondition": {
                "$type": "Artemis.Profiles.Layers.Conditions.DataModelCondition, Artemis"
              },
              "LayerAnimation": {
                "$type": "Artemis.Profiles.Layers.Animations.NoneAnimation, Artemis"
              },
              "Name": "Cooldown background",
              "Order": 4,
              "Enabled": true,
              "Expanded": false,
              "IsEvent": false,
              "Properties": {
                "$type": "Artemis.Profiles.Layers.Types.Keyboard.KeyboardPropertiesModel, Artemis",
                "GifFile": null,
                "X": 1.0,
                "Y": 2.0,
                "Width": 5.0,
                "Height": 1.0,
                "Contain": false,
                "Opacity": 1.0,
                "AnimationSpeed": 0.0,
                "Conditions": [],
                "DynamicProperties": [],
                "Brush": {
                  "SolidColorBrush": {
                    "@xmlns": "http://schemas.microsoft.com/winfx/2006/xaml/presentation",
                    "#text": "#FF000000"
                  }
                }
              },
              "EventProperties": null,
              "Children": []
            }
          ]
        },
        {
          "LayerType": {
            "$type": "Artemis.Profiles.Layers.Types.Folder.FolderType, Artemis"
          },
          "LayerCondition": {
            "$type": "Artemis.Profiles.Layers.Conditions.DataModelCondition, Artemis"
          },
          "LayerAnimation": null,
          "Name": "Hero conditions",
          "Order": 2,
          "Enabled": true,
          "Expanded": false,
          "IsEvent": false,
          "Properties": {
            "$type": "Artemis.Profiles.Layers.Models.SimplePropertiesModel, Artemis",
            "X": 0.0,
            "Y": 0.0,
            "Width": 1.0,
            "Height": 1.0,
            "Contain": false,
            "Opacity": 1.0,
            "AnimationSpeed": 0.0,
            "Conditions": [],
            "DynamicProperties": [],
            "Brush": {
              "SolidColorBrush": {
                "@xmlns": "http://schemas.microsoft.com/winfx/2006/xaml/presentation",
                "#text": "#FF7600FF"
              }
            }
          },
          "EventProperties": null,
          "Children": [
            {
              "LayerType": {
                "$type": "Artemis.Profiles.Layers.Types.Folder.FolderType, Artemis"
              },
              "LayerCondition": {
                "$type": "Artemis.Profiles.Layers.Conditions.DataModelCondition, Artemis"
              },
              "LayerAnimation": null,
              "Name": "Positive",
              "Order": 0,
              "Enabled": true,
              "Expanded": false,
              "IsEvent": false,
              "Properties": {
                "$type": "Artemis.Profiles.Layers.Models.SimplePropertiesModel, Artemis",
                "X": 0.0,
                "Y": 0.0,
                "Width": 1.0,
                "Height": 1.0,
                "Contain": false,
                "Opacity": 1.0,
                "AnimationSpeed": 0.0,
                "Conditions": [],
                "DynamicProperties": [],
                "Brush": {
                  "SolidColorBrush": {
                    "@xmlns": "http://schemas.microsoft.com/winfx/2006/xaml/presentation",
                    "#text": "#FF0096FF"
                  }
                }
              },
              "EventProperties": null,
              "Children": [
                {
                  "LayerType": {
                    "$type": "Artemis.Profiles.Layers.Types.Keyboard.KeyboardType, Artemis"
                  },
                  "LayerCondition": {
                    "$type": "Artemis.Profiles.Layers.Conditions.DataModelCondition, Artemis"
                  },
                  "LayerAnimation": {
                    "$type": "Artemis.Profiles.Layers.Animations.PulseAnimation, Artemis"
                  },
                  "Name": "Magic immune",
                  "Order": 0,
                  "Enabled": true,
                  "Expanded": false,
                  "IsEvent": false,
                  "Properties": {
                    "$type": "Artemis.Profiles.Layers.Types.Keyboard.KeyboardPropertiesModel, Artemis",
                    "GifFile": null,
                    "X": 0.0,
                    "Y": 0.0,
                    "Width": 21.0,
                    "Height": 6.0,
                    "Contain": false,
                    "Opacity": 1.0,
                    "AnimationSpeed": 0.15000000000000002,
                    "Conditions": [
                      {
                        "Field": "hero.magicimmune",
                        "Value": "True",
                        "Operator": "==",
                        "Type": "Boolean"
                      }
                    ],
                    "DynamicProperties": [],
                    "Brush": {
                      "LinearGradientBrush": {
                        "@StartPoint": "1,1",
                        "@EndPoint": "0,0",
                        "@MappingMode": "RelativeToBoundingBox",
                        "@SpreadMethod": "Pad",
                        "@Opacity": "1",
                        "@xmlns": "http://schemas.microsoft.com/winfx/2006/xaml/presentation",
                        "LinearGradientBrush.GradientStops": {
                          "GradientStop": [
                            {
                              "@Color": "#FFEF00FF",
                              "@Offset": "0"
                            },
                            {
                              "@Color": "#FFEF00FF",
                              "@Offset": "1"
                            },
                            {
                              "@Color": "#FFF893FF",
                              "@Offset": "0.48776871756856927"
                            }
                          ]
                        }
                      }
                    }
                  },
                  "EventProperties": null,
                  "Children": []
                }
              ]
            },
            {
              "LayerType": {
                "$type": "Artemis.Profiles.Layers.Types.Folder.FolderType, Artemis"
              },
              "LayerCondition": {
                "$type": "Artemis.Profiles.Layers.Conditions.DataModelCondition, Artemis"
              },
              "LayerAnimation": null,
              "Name": "Negative",
              "Order": 1,
              "Enabled": true,
              "Expanded": false,
              "IsEvent": false,
              "Properties": {
                "$type": "Artemis.Profiles.Layers.Models.SimplePropertiesModel, Artemis",
                "X": 0.0,
                "Y": 0.0,
                "Width": 1.0,
                "Height": 1.0,
                "Contain": false,
                "Opacity": 1.0,
                "AnimationSpeed": 0.0,
                "Conditions": [],
                "DynamicProperties": [],
                "Brush": {
                  "SolidColorBrush": {
                    "@xmlns": "http://schemas.microsoft.com/winfx/2006/xaml/presentation",
                    "#text": "#FF0096FF"
                  }
                }
              },
              "EventProperties": null,
              "Children": [
                {
                  "LayerType": {
                    "$type": "Artemis.Profiles.Layers.Types.Keyboard.KeyboardType, Artemis"
                  },
                  "LayerCondition": {
                    "$type": "Artemis.Profiles.Layers.Conditions.DataModelCondition, Artemis"
                  },
                  "LayerAnimation": {
                    "$type": "Artemis.Profiles.Layers.Animations.PulseAnimation, Artemis"
                  },
                  "Name": "Silenced",
                  "Order": 0,
                  "Enabled": true,
                  "Expanded": false,
                  "IsEvent": false,
                  "Properties": {
                    "$type": "Artemis.Profiles.Layers.Types.Keyboard.KeyboardPropertiesModel, Artemis",
                    "GifFile": null,
                    "X": 0.0,
                    "Y": 0.0,
                    "Width": 21.0,
                    "Height": 6.0,
                    "Contain": false,
                    "Opacity": 1.0,
                    "AnimationSpeed": 0.15000000000000002,
                    "Conditions": [
                      {
                        "Field": "hero.silenced",
                        "Value": "True",
                        "Operator": "==",
                        "Type": "Boolean"
                      }
                    ],
                    "DynamicProperties": [],
                    "Brush": {
                      "LinearGradientBrush": {
                        "@StartPoint": "1,1",
                        "@EndPoint": "0,0",
                        "@MappingMode": "RelativeToBoundingBox",
                        "@SpreadMethod": "Pad",
                        "@Opacity": "1",
                        "@xmlns": "http://schemas.microsoft.com/winfx/2006/xaml/presentation",
                        "LinearGradientBrush.GradientStops": {
                          "GradientStop": [
                            {
                              "@Color": "#FFFFFFFF",
                              "@Offset": "0"
                            },
                            {
                              "@Color": "#FFFFFFFF",
                              "@Offset": "1"
                            },
                            {
                              "@Color": "#FF737373",
                              "@Offset": "0.49722016308376582"
                            }
                          ]
                        }
                      }
                    }
                  },
                  "EventProperties": null,
                  "Children": []
                },
                {
                  "LayerType": {
                    "$type": "Artemis.Profiles.Layers.Types.Keyboard.KeyboardType, Artemis"
                  },
                  "LayerCondition": {
                    "$type": "Artemis.Profiles.Layers.Conditions.DataModelCondition, Artemis"
                  },
                  "LayerAnimation": {
                    "$type": "Artemis.Profiles.Layers.Animations.PulseAnimation, Artemis"
                  },
                  "Name": "Disarmed",
                  "Order": 2,
                  "Enabled": true,
                  "Expanded": false,
                  "IsEvent": false,
                  "Properties": {
                    "$type": "Artemis.Profiles.Layers.Types.Keyboard.KeyboardPropertiesModel, Artemis",
                    "GifFile": null,
                    "X": 0.0,
                    "Y": 0.0,
                    "Width": 21.0,
                    "Height": 6.0,
                    "Contain": false,
                    "Opacity": 1.0,
                    "AnimationSpeed": 0.15000000000000002,
                    "Conditions": [
                      {
                        "Field": "hero.disarmed",
                        "Value": "True",
                        "Operator": "==",
                        "Type": "Boolean"
                      }
                    ],
                    "DynamicProperties": [],
                    "Brush": {
                      "LinearGradientBrush": {
                        "@StartPoint": "1,1",
                        "@EndPoint": "0,0",
                        "@MappingMode": "RelativeToBoundingBox",
                        "@SpreadMethod": "Pad",
                        "@Opacity": "1",
                        "@xmlns": "http://schemas.microsoft.com/winfx/2006/xaml/presentation",
                        "LinearGradientBrush.GradientStops": {
                          "GradientStop": [
                            {
                              "@Color": "#FFFFFFFF",
                              "@Offset": "0"
                            },
                            {
                              "@Color": "#FFFFFFFF",
                              "@Offset": "1"
                            },
                            {
                              "@Color": "#FF737373",
                              "@Offset": "0.49722016308376582"
                            }
                          ]
                        }
                      }
                    }
                  },
                  "EventProperties": null,
                  "Children": []
                },
                {
                  "LayerType": {
                    "$type": "Artemis.Profiles.Layers.Types.Keyboard.KeyboardType, Artemis"
                  },
                  "LayerCondition": {
                    "$type": "Artemis.Profiles.Layers.Conditions.DataModelCondition, Artemis"
                  },
                  "LayerAnimation": {
                    "$type": "Artemis.Profiles.Layers.Animations.PulseAnimation, Artemis"
                  },
                  "Name": "Stunned",
                  "Order": 1,
                  "Enabled": true,
                  "Expanded": false,
                  "IsEvent": false,
                  "Properties": {
                    "$type": "Artemis.Profiles.Layers.Types.Keyboard.KeyboardPropertiesModel, Artemis",
                    "GifFile": null,
                    "X": 0.0,
                    "Y": 0.0,
                    "Width": 21.0,
                    "Height": 6.0,
                    "Contain": false,
                    "Opacity": 1.0,
                    "AnimationSpeed": 0.15000000000000002,
                    "Conditions": [
                      {
                        "Field": "hero.stunned",
                        "Value": "True",
                        "Operator": "==",
                        "Type": "Boolean"
                      }
                    ],
                    "DynamicProperties": [],
                    "Brush": {
                      "LinearGradientBrush": {
                        "@StartPoint": "1,1",
                        "@EndPoint": "0,0",
                        "@MappingMode": "RelativeToBoundingBox",
                        "@SpreadMethod": "Pad",
                        "@Opacity": "1",
                        "@xmlns": "http://schemas.microsoft.com/winfx/2006/xaml/presentation",
                        "LinearGradientBrush.GradientStops": {
                          "GradientStop": [
                            {
                              "@Color": "#FFFFFFFF",
                              "@Offset": "0"
                            },
                            {
                              "@Color": "#FFFFFFFF",
                              "@Offset": "1"
                            },
                            {
                              "@Color": "#FF737373",
                              "@Offset": "0.49722016308376582"
                            }
                          ]
                        }
                      }
                    }
                  },
                  "EventProperties": null,
                  "Children": []
                },
                {
                  "LayerType": {
                    "$type": "Artemis.Profiles.Layers.Types.Keyboard.KeyboardType, Artemis"
                  },
                  "LayerCondition": {
                    "$type": "Artemis.Profiles.Layers.Conditions.DataModelCondition, Artemis"
                  },
                  "LayerAnimation": {
                    "$type": "Artemis.Profiles.Layers.Animations.PulseAnimation, Artemis"
                  },
                  "Name": "Hexed",
                  "Order": 3,
                  "Enabled": true,
                  "Expanded": false,
                  "IsEvent": false,
                  "Properties": {
                    "$type": "Artemis.Profiles.Layers.Types.Keyboard.KeyboardPropertiesModel, Artemis",
                    "GifFile": null,
                    "X": 0.0,
                    "Y": 0.0,
                    "Width": 21.0,
                    "Height": 6.0,
                    "Contain": false,
                    "Opacity": 1.0,
                    "AnimationSpeed": 0.15000000000000002,
                    "Conditions": [
                      {
                        "Field": "hero.hexed",
                        "Value": "True",
                        "Operator": "==",
                        "Type": "Boolean"
                      }
                    ],
                    "DynamicProperties": [],
                    "Brush": {
                      "LinearGradientBrush": {
                        "@StartPoint": "1,1",
                        "@EndPoint": "0,0",
                        "@MappingMode": "RelativeToBoundingBox",
                        "@SpreadMethod": "Pad",
                        "@Opacity": "1",
                        "@xmlns": "http://schemas.microsoft.com/winfx/2006/xaml/presentation",
                        "LinearGradientBrush.GradientStops": {
                          "GradientStop": [
                            {
                              "@Color": "#FF0FFF00",
                              "@Offset": "0"
                            },
                            {
                              "@Color": "#FF0FFF00",
                              "@Offset": "1"
                            },
                            {
                              "@Color": "#FF077D00",
                              "@Offset": "0.49722016308376582"
                            }
                          ]
                        }
                      }
                    }
                  },
                  "EventProperties": null,
                  "Children": []
                }
              ]
            }
          ]
        }
      ]
    },
    {
      "LayerType": {
        "$type": "Artemis.Profiles.Layers.Types.Keyboard.KeyboardType, Artemis"
      },
      "LayerCondition": {
        "$type": "Artemis.Profiles.Layers.Conditions.DataModelCondition, Artemis"
      },
      "LayerAnimation": {
        "$type": "Artemis.Profiles.Layers.Animations.SlideRightAnimation, Artemis"
      },
      "Name": "Background",
      "Order": 2,
      "Enabled": true,
      "Expanded": false,
      "IsEvent": false,
      "Properties": {
        "$type": "Artemis.Profiles.Layers.Types.Keyboard.KeyboardPropertiesModel, Artemis",
        "GifFile": null,
        "X": 0.0,
        "Y": 0.0,
        "Width": 21.0,
        "Height": 6.0,
        "Contain": false,
        "Opacity": 1.0,
        "AnimationSpeed": 0.25,
        "Conditions": [
          {
            "Field": null,
            "Value": null,
            "Operator": null,
            "Type": null
          }
        ],
        "DynamicProperties": [],
        "Brush": {
          "LinearGradientBrush": {
            "@StartPoint": "1,1",
            "@EndPoint": "0,0",
            "@MappingMode": "RelativeToBoundingBox",
            "@SpreadMethod": "Pad",
            "@Opacity": "1",
            "@xmlns": "http://schemas.microsoft.com/winfx/2006/xaml/presentation",
            "LinearGradientBrush.GradientStops": {
              "GradientStop": [
                {
                  "@Color": "#FFFF2300",
                  "@Offset": "0.063380281690140844"
                },
                {
                  "@Color": "#FFFF2300",
                  "@Offset": "0.90845070422535223"
                },
                {
                  "@Color": "#FFFF8D00",
                  "@Offset": "0.48443291326908822"
                }
              ]
            }
          }
        }
      },
      "EventProperties": null,
      "Children": []
    },
    {
      "LayerType": {
        "$type": "Artemis.Profiles.Layers.Types.Keyboard.KeyboardType, Artemis"
      },
      "LayerCondition": {
        "$type": "Artemis.Profiles.Layers.Conditions.DataModelCondition, Artemis"
      },
      "LayerAnimation": {
        "$type": "Artemis.Profiles.Layers.Animations.SlideRightAnimation, Artemis"
      },
      "Name": "Hero dead",
      "Order": 1,
      "Enabled": true,
      "Expanded": false,
      "IsEvent": false,
      "Properties": {
        "$type": "Artemis.Profiles.Layers.Types.Keyboard.KeyboardPropertiesModel, Artemis",
        "GifFile": null,
        "X": 0.0,
        "Y": 0.0,
        "Width": 21.0,
        "Height": 6.0,
        "Contain": false,
        "Opacity": 1.0,
        "AnimationSpeed": 0.25,
        "Conditions": [
          {
            "Field": "hero.alive",
            "Value": "False",
            "Operator": "==",
            "Type": "Boolean"
          }
        ],
        "DynamicProperties": [],
        "Brush": {
          "LinearGradientBrush": {
            "@StartPoint": "1,1",
            "@EndPoint": "0,0",
            "@MappingMode": "RelativeToBoundingBox",
            "@SpreadMethod": "Pad",
            "@Opacity": "1",
            "@xmlns": "http://schemas.microsoft.com/winfx/2006/xaml/presentation",
            "LinearGradientBrush.GradientStops": {
              "GradientStop": [
                {
                  "@Color": "#FF4F4F4F",
                  "@Offset": "0.063380281690140844"
                },
                {
                  "@Color": "#FF4F4F4F",
                  "@Offset": "0.90845070422535223"
                },
                {
                  "@Color": "#FFB3B3B3",
                  "@Offset": "0.48443291326908822"
                }
              ]
            }
          }
        }
      },
      "EventProperties": null,
      "Children": []
    }
  ],
  "Name": "Default",
  "IsDefault": true,
  "KeyboardSlug": "logitech-g810",
  "GameName": "Dota2",
  "Width": 21,
  "Height": 6
}