{
  "Layers": [
    {
      "LayerType": {
        "$type": "Artemis.Profiles.Layers.Types.Folder.FolderType, Artemis"
      },
      "LayerCondition": {
        "$type": "Artemis.Profiles.Layers.Conditions.DataModelCondition, Artemis"
      },
      "LayerAnimation": null,
      "Name": "CPU usage",
      "Order": 0,
      "Enabled": true,
      "Expanded": false,
      "IsEvent": false,
      "Properties": {
        "$type": "Artemis.Profiles.Layers.Models.SimplePropertiesModel, Artemis",
        "X": 0.0,
        "Y": 0.0,
        "Width": 1.0,
        "Height": 1.0,
        "Contain": false,
        "Opacity": 1.0,
        "AnimationSpeed": 0.0,
        "Conditions": [],
        "DynamicProperties": [],
        "Brush": {
          "SolidColorBrush": {
            "@xmlns": "http://schemas.microsoft.com/winfx/2006/xaml/presentation",
            "#text": "#FF6FFF00"
          }
        }
      },
      "EventProperties": null,
      "Children": [
        {
          "LayerType": {
            "$type": "Artemis.Profiles.Layers.Types.Keyboard.KeyboardType, Artemis"
          },
          "LayerCondition": {
            "$type": "Artemis.Profiles.Layers.Conditions.DataModelCondition, Artemis"
          },
          "LayerAnimation": {
            "$type": "Artemis.Profiles.Layers.Animations.NoneAnimation, Artemis"
          },
          "Name": "Core 1",
          "Order": 0,
          "Enabled": true,
          "Expanded": false,
          "IsEvent": false,
          "Properties": {
            "$type": "Artemis.Profiles.Layers.Types.Keyboard.KeyboardPropertiesModel, Artemis",
            "GifFile": null,
            "X": 21.0,
            "Y": 1.0,
            "Width": 1.0,
            "Height": 6.0,
            "Contain": false,
            "Opacity": 1.0,
            "AnimationSpeed": 0.0,
            "Conditions": [],
            "DynamicProperties": [
              {
                "LayerProperty": "Height",
                "GameProperty": "Cpu.Core1Usage",
                "PercentageSource": 100.0,
                "PercentageProperty": null,
                "LayerPropertyType": 0,
                "LayerPropertyOptions": 2
              }
            ],
            "Brush": {
              "LinearGradientBrush": {
                "@StartPoint": "0.5,0",
                "@EndPoint": "0.5,1",
                "@MappingMode": "RelativeToBoundingBox",
                "@SpreadMethod": "Pad",
                "@Opacity": "1",
                "@xmlns": "http://schemas.microsoft.com/winfx/2006/xaml/presentation",
                "LinearGradientBrush.GradientStops": {
                  "GradientStop": [
                    {
                      "@Color": "#FFFF0000",
                      "@Offset": "0"
                    },
                    {
                      "@Color": "#FF0FFF00",
                      "@Offset": "1"
                    },
                    {
                      "@Color": "#FFFFDF00",
                      "@Offset": "0.50379911045218684"
                    }
                  ]
                }
              }
            }
          },
          "EventProperties": null,
          "Children": []
        },
        {
          "LayerType": {
            "$type": "Artemis.Profiles.Layers.Types.Keyboard.KeyboardType, Artemis"
          },
          "LayerCondition": {
            "$type": "Artemis.Profiles.Layers.Conditions.DataModelCondition, Artemis"
          },
          "LayerAnimation": {
            "$type": "Artemis.Profiles.Layers.Animations.NoneAnimation, Artemis"
          },
          "Name": "Core 2",
          "Order": 1,
          "Enabled": true,
          "Expanded": true,
          "IsEvent": false,
          "Properties": {
            "$type": "Artemis.Profiles.Layers.Types.Keyboard.KeyboardPropertiesModel, Artemis",
            "GifFile": null,
            "X": 22.0,
            "Y": 1.0,
            "Width": 1.0,
            "Height": 6.0,
            "Contain": false,
            "Opacity": 1.0,
            "AnimationSpeed": 0.0,
            "Conditions": [],
            "DynamicProperties": [
              {
                "LayerProperty": "Height",
                "GameProperty": "Cpu.Core2Usage",
                "PercentageSource": 100.0,
                "PercentageProperty": null,
                "LayerPropertyType": 0,
                "LayerPropertyOptions": 2
              }
            ],
            "Brush": {
              "LinearGradientBrush": {
                "@StartPoint": "0.5,0",
                "@EndPoint": "0.5,1",
                "@MappingMode": "RelativeToBoundingBox",
                "@SpreadMethod": "Pad",
                "@Opacity": "1",
                "@xmlns": "http://schemas.microsoft.com/winfx/2006/xaml/presentation",
                "LinearGradientBrush.GradientStops": {
                  "GradientStop": [
                    {
                      "@Color": "#FFFF0000",
                      "@Offset": "0"
                    },
                    {
                      "@Color": "#FF0FFF00",
                      "@Offset": "1"
                    },
                    {
                      "@Color": "#FFFFDF00",
                      "@Offset": "0.50379911045218684"
                    }
                  ]
                }
              }
            }
          },
          "EventProperties": null,
          "Children": []
        },
        {
          "LayerType": {
            "$type": "Artemis.Profiles.Layers.Types.Keyboard.KeyboardType, Artemis"
          },
          "LayerCondition": {
            "$type": "Artemis.Profiles.Layers.Conditions.DataModelCondition, Artemis"
          },
          "LayerAnimation": {
            "$type": "Artemis.Profiles.Layers.Animations.NoneAnimation, Artemis"
          },
          "Name": "Core 3",
          "Order": 2,
          "Enabled": true,
          "Expanded": true,
          "IsEvent": false,
          "Properties": {
            "$type": "Artemis.Profiles.Layers.Types.Keyboard.KeyboardPropertiesModel, Artemis",
            "GifFile": null,
            "X": 23.0,
            "Y": 1.0,
            "Width": 1.0,
            "Height": 6.0,
            "Contain": false,
            "Opacity": 1.0,
            "AnimationSpeed": 0.0,
            "Conditions": [],
            "DynamicProperties": [
              {
                "LayerProperty": "Height",
                "GameProperty": "Cpu.Core3Usage",
                "PercentageSource": 100.0,
                "PercentageProperty": null,
                "LayerPropertyType": 0,
                "LayerPropertyOptions": 2
              }
            ],
            "Brush": {
              "LinearGradientBrush": {
                "@StartPoint": "0.5,0",
                "@EndPoint": "0.5,1",
                "@MappingMode": "RelativeToBoundingBox",
                "@SpreadMethod": "Pad",
                "@Opacity": "1",
                "@xmlns": "http://schemas.microsoft.com/winfx/2006/xaml/presentation",
                "LinearGradientBrush.GradientStops": {
                  "GradientStop": [
                    {
                      "@Color": "#FFFF0000",
                      "@Offset": "0"
                    },
                    {
                      "@Color": "#FF0FFF00",
                      "@Offset": "1"
                    },
                    {
                      "@Color": "#FFFFDF00",
                      "@Offset": "0.50379911045218684"
                    }
                  ]
                }
              }
            }
          },
          "EventProperties": null,
          "Children": []
        },
        {
          "LayerType": {
            "$type": "Artemis.Profiles.Layers.Types.Keyboard.KeyboardType, Artemis"
          },
          "LayerCondition": {
            "$type": "Artemis.Profiles.Layers.Conditions.DataModelCondition, Artemis"
          },
          "LayerAnimation": {
            "$type": "Artemis.Profiles.Layers.Animations.NoneAnimation, Artemis"
          },
          "Name": "Core 4",
          "Order": 3,
          "Enabled": true,
          "Expanded": true,
          "IsEvent": false,
          "Properties": {
            "$type": "Artemis.Profiles.Layers.Types.Keyboard.KeyboardPropertiesModel, Artemis",
            "GifFile": null,
            "X": 24.0,
            "Y": 1.0,
            "Width": 1.0,
            "Height": 6.0,
            "Contain": false,
            "Opacity": 1.0,
            "AnimationSpeed": 0.0,
            "Conditions": [],
            "DynamicProperties": [
              {
                "LayerProperty": "Height",
                "GameProperty": "Cpu.Core4Usage",
                "PercentageSource": 100.0,
                "PercentageProperty": null,
                "LayerPropertyType": 0,
                "LayerPropertyOptions": 2
              }
            ],
            "Brush": {
              "LinearGradientBrush": {
                "@StartPoint": "0.5,0",
                "@EndPoint": "0.5,1",
                "@MappingMode": "RelativeToBoundingBox",
                "@SpreadMethod": "Pad",
                "@Opacity": "1",
                "@xmlns": "http://schemas.microsoft.com/winfx/2006/xaml/presentation",
                "LinearGradientBrush.GradientStops": {
                  "GradientStop": [
                    {
                      "@Color": "#FFFF0000",
                      "@Offset": "0"
                    },
                    {
                      "@Color": "#FF0FFF00",
                      "@Offset": "1"
                    },
                    {
                      "@Color": "#FFFFDF00",
                      "@Offset": "0.50379911045218684"
                    }
                  ]
                }
              }
            }
          },
          "EventProperties": null,
          "Children": []
        },
        {
          "LayerType": {
            "$type": "Artemis.Profiles.Layers.Types.Keyboard.KeyboardType, Artemis"
          },
          "LayerCondition": {
            "$type": "Artemis.Profiles.Layers.Conditions.DataModelCondition, Artemis"
          },
          "LayerAnimation": {
            "$type": "Artemis.Profiles.Layers.Animations.NoneAnimation, Artemis"
          },
          "Name": "Background",
          "Order": 4,
          "Enabled": true,
          "Expanded": true,
          "IsEvent": false,
          "Properties": {
            "$type": "Artemis.Profiles.Layers.Types.Keyboard.KeyboardPropertiesModel, Artemis",
            "GifFile": null,
            "X": 21.0,
            "Y": 1.0,
            "Width": 4.0,
            "Height": 6.0,
            "Contain": false,
            "Opacity": 1.0,
            "AnimationSpeed": 0.0,
            "Conditions": [],
            "DynamicProperties": [],
            "Brush": {
              "SolidColorBrush": {
                "@xmlns": "http://schemas.microsoft.com/winfx/2006/xaml/presentation",
                "#text": "#78000000"
              }
            }
          },
          "EventProperties": null,
          "Children": []
        }
      ]
    },
    {
      "LayerType": {
        "$type": "Artemis.Profiles.Layers.Types.Folder.FolderType, Artemis"
      },
      "LayerCondition": {
        "$type": "Artemis.Profiles.Layers.Conditions.DataModelCondition, Artemis"
      },
      "LayerAnimation": null,
      "Name": "Spotify",
      "Order": 1,
      "Enabled": true,
      "Expanded": false,
      "IsEvent": false,
      "Properties": {
        "$type": "Artemis.Profiles.Layers.Models.SimplePropertiesModel, Artemis",
        "X": 0.0,
        "Y": 0.0,
        "Width": 1.0,
        "Height": 1.0,
        "Contain": false,
        "Opacity": 1.0,
        "AnimationSpeed": 0.0,
        "Conditions": [],
        "DynamicProperties": [],
        "Brush": {
          "SolidColorBrush": {
            "@xmlns": "http://schemas.microsoft.com/winfx/2006/xaml/presentation",
            "#text": "#FF6BFF00"
          }
        }
      },
      "EventProperties": null,
      "Children": [
        {
          "LayerType": {
            "$type": "Artemis.Profiles.Layers.Types.Keyboard.KeyboardType, Artemis"
          },
          "LayerCondition": {
            "$type": "Artemis.Profiles.Layers.Conditions.DataModelCondition, Artemis"
          },
          "LayerAnimation": {
            "$type": "Artemis.Profiles.Layers.Animations.NoneAnimation, Artemis"
          },
          "Name": "Song progress",
          "Order": 0,
          "Enabled": true,
          "Expanded": false,
          "IsEvent": false,
          "Properties": {
            "$type": "Artemis.Profiles.Layers.Types.Keyboard.KeyboardPropertiesModel, Artemis",
            "GifFile": null,
            "X": 3.0,
            "Y": 1.0,
            "Width": 15.0,
            "Height": 1.0,
            "Contain": false,
            "Opacity": 1.0,
            "AnimationSpeed": 0.0,
            "Conditions": [],
            "DynamicProperties": [
              {
                "LayerProperty": "Width",
                "GameProperty": "Spotify.SongPercentCompleted",
                "PercentageSource": 100.0,
                "PercentageProperty": null,
                "LayerPropertyType": 0,
                "LayerPropertyOptions": 0
              }
            ],
            "Brush": {
              "SolidColorBrush": {
                "@xmlns": "http://schemas.microsoft.com/winfx/2006/xaml/presentation",
                "#text": "#FF15FF68"
              }
            }
          },
          "EventProperties": null,
          "Children": []
        },
        {
          "LayerType": {
            "$type": "Artemis.Profiles.Layers.Types.Keyboard.KeyboardType, Artemis"
          },
          "LayerCondition": {
            "$type": "Artemis.Profiles.Layers.Conditions.DataModelCondition, Artemis"
          },
          "LayerAnimation": {
            "$type": "Artemis.Profiles.Layers.Animations.NoneAnimation, Artemis"
          },
          "Name": "Background",
          "Order": 1,
          "Enabled": true,
          "Expanded": true,
          "IsEvent": false,
          "Properties": {
            "$type": "Artemis.Profiles.Layers.Types.Keyboard.KeyboardPropertiesModel, Artemis",
            "GifFile": null,
            "X": 3.0,
            "Y": 1.0,
            "Width": 15.0,
            "Height": 1.0,
            "Contain": false,
            "Opacity": 1.0,
            "AnimationSpeed": 0.0,
            "Conditions": [],
            "DynamicProperties": [],
            "Brush": {
              "SolidColorBrush": {
                "@xmlns": "http://schemas.microsoft.com/winfx/2006/xaml/presentation",
                "#text": "#78000000"
              }
            }
          },
          "EventProperties": null,
          "Children": []
        }
      ]
    },
    {
      "LayerType": {
        "$type": "Artemis.Profiles.Layers.Types.Keyboard.KeyboardType, Artemis"
      },
      "LayerCondition": {
        "$type": "Artemis.Profiles.Layers.Conditions.DataModelCondition, Artemis"
      },
      "LayerAnimation": {
        "$type": "Artemis.Profiles.Layers.Animations.SlideRightAnimation, Artemis"
      },
      "Name": "Background",
      "Order": 2,
      "Enabled": true,
      "Expanded": true,
      "IsEvent": false,
      "Properties": {
        "$type": "Artemis.Profiles.Layers.Types.Keyboard.KeyboardPropertiesModel, Artemis",
        "GifFile": null,
        "X": 0.0,
        "Y": 0.0,
        "Width": 25.0,
        "Height": 7.0,
        "Contain": false,
        "Opacity": 1.0,
        "AnimationSpeed": 0.25,
        "Conditions": [],
        "DynamicProperties": [],
        "Brush": {
          "LinearGradientBrush": {
            "@StartPoint": "0,0",
            "@EndPoint": "1,1",
            "@MappingMode": "RelativeToBoundingBox",
            "@SpreadMethod": "Pad",
            "@Opacity": "1",
            "@xmlns": "http://schemas.microsoft.com/winfx/2006/xaml/presentation",
            "LinearGradientBrush.GradientStops": {
              "GradientStop": [
                {
                  "@Color": "#FF07908E",
                  "@Offset": "0.077464788732394374"
                },
                {
                  "@Color": "#FF07908E",
                  "@Offset": "0.89436619718309851"
                },
                {
                  "@Color": "#FF69FF1D",
                  "@Offset": "0.309581171237954"
                },
                {
                  "@Color": "#FFFFCB10",
                  "@Offset": "0.50935878428465531"
                },
                {
                  "@Color": "#FF9C00FF",
                  "@Offset": "0.70820978502594523"
                }
              ]
            }
          }
        }
      },
      "EventProperties": null,
      "Children": []
    }
  ],
  "Name": "Default",
  "IsDefault": true,
  "KeyboardSlug": "corsair-k95-rgb",
  "GameName": "WindowsProfile",
  "Width": 25,
  "Height": 7
}