<?xml version="1.0" encoding="utf-16"?>
<ProfileModel xmlns:xsd="http://www.w3.org/2001/XMLSchema" xmlns:xsi="http://www.w3.org/2001/XMLSchema-instance">
  <Layers>
    <LayerModel>
      <Name>Hero Alive Condition</Name>
      <Order>0</Order>
      <LayerType>Folder</LayerType>
      <Enabled>true</Enabled>
      <Expanded>false</Expanded>
      <Properties xsi:type="KeyboardPropertiesModel">
        <Conditions>
          <LayerConditionModel>
            <Field>hero.alive</Field>
            <Value>True</Value>
            <Operator>==</Operator>
            <Type>Boolean</Type>
          </LayerConditionModel>
        </Conditions>
        <Brush xsi:type="SolidColorBrush">
          <Opacity>1</Opacity>
          <Transform xsi:type="MatrixTransform">
            <Matrix>
              <M11>1</M11>
              <M12>0</M12>
              <M21>0</M21>
              <M22>1</M22>
              <OffsetX>0</OffsetX>
              <OffsetY>0</OffsetY>
            </Matrix>
          </Transform>
          <RelativeTransform xsi:type="MatrixTransform">
            <Matrix>
              <M11>1</M11>
              <M12>0</M12>
              <M21>0</M21>
              <M22>1</M22>
              <OffsetX>0</OffsetX>
              <OffsetY>0</OffsetY>
            </Matrix>
          </RelativeTransform>
          <Color>
            <A>255</A>
            <R>50</R>
            <G>255</G>
            <B>0</B>
            <ScA>1</ScA>
            <ScR>0.0318960324</ScR>
            <ScG>1</ScG>
            <ScB>0</ScB>
          </Color>
        </Brush>
        <X>0</X>
        <Y>0</Y>
        <Width>1</Width>
        <Height>1</Height>
        <Opacity>1</Opacity>
        <Contain>false</Contain>
        <Animation>None</Animation>
        <AnimationSpeed>0</AnimationSpeed>
        <DynamicProperties>
          <DynamicPropertiesModel>
            <LayerProperty>Height</LayerProperty>
            <PercentageSource>0</PercentageSource>
            <LayerPropertyType>PercentageOf</LayerPropertyType>
            <LayerPropertyOptions>Downwards</LayerPropertyOptions>
          </DynamicPropertiesModel>
          <DynamicPropertiesModel>
            <LayerProperty>Width</LayerProperty>
            <PercentageSource>0</PercentageSource>
            <LayerPropertyType>PercentageOf</LayerPropertyType>
            <LayerPropertyOptions>LeftToRight</LayerPropertyOptions>
          </DynamicPropertiesModel>
          <DynamicPropertiesModel>
            <LayerProperty>Opacity</LayerProperty>
            <PercentageSource>0</PercentageSource>
            <LayerPropertyType>PercentageOf</LayerPropertyType>
            <LayerPropertyOptions>Increase</LayerPropertyOptions>
          </DynamicPropertiesModel>
        </DynamicProperties>
      </Properties>
      <Children>
        <LayerModel>
          <Name>Hero Details</Name>
          <Order>0</Order>
          <LayerType>Folder</LayerType>
          <Enabled>true</Enabled>
          <Expanded>false</Expanded>
          <Properties xsi:type="KeyboardPropertiesModel">
            <Conditions />
            <Brush xsi:type="SolidColorBrush">
              <Opacity>1</Opacity>
              <Transform xsi:type="MatrixTransform">
                <Matrix>
                  <M11>1</M11>
                  <M12>0</M12>
                  <M21>0</M21>
                  <M22>1</M22>
                  <OffsetX>0</OffsetX>
                  <OffsetY>0</OffsetY>
                </Matrix>
              </Transform>
              <RelativeTransform xsi:type="MatrixTransform">
                <Matrix>
                  <M11>1</M11>
                  <M12>0</M12>
                  <M21>0</M21>
                  <M22>1</M22>
                  <OffsetX>0</OffsetX>
                  <OffsetY>0</OffsetY>
                </Matrix>
              </RelativeTransform>
              <Color>
                <A>255</A>
                <R>0</R>
                <G>161</G>
                <B>255</B>
                <ScA>1</ScA>
                <ScR>0</ScR>
                <ScG>0.356400162</ScG>
                <ScB>1</ScB>
              </Color>
            </Brush>
            <X>0</X>
            <Y>0</Y>
            <Width>1</Width>
            <Height>1</Height>
            <Opacity>1</Opacity>
            <Contain>false</Contain>
            <Animation>None</Animation>
            <AnimationSpeed>0</AnimationSpeed>
            <DynamicProperties />
          </Properties>
          <Children>
            <LayerModel>
              <Name>Health &gt;66</Name>
              <Order>0</Order>
              <LayerType>Mouse</LayerType>
              <Enabled>true</Enabled>
              <Expanded>false</Expanded>
              <Properties xsi:type="MousePropertiesModel">
                <Conditions>
                  <LayerConditionModel>
                    <Field>hero.health_percent</Field>
                    <Value>66</Value>
                    <Operator>&gt;</Operator>
                    <Type>Int32</Type>
                  </LayerConditionModel>
                </Conditions>
                <Brush xsi:type="SolidColorBrush">
                  <Opacity>1</Opacity>
                  <Transform xsi:type="MatrixTransform">
                    <Matrix>
                      <M11>1</M11>
                      <M12>0</M12>
                      <M21>0</M21>
                      <M22>1</M22>
                      <OffsetX>0</OffsetX>
                      <OffsetY>0</OffsetY>
                    </Matrix>
                  </Transform>
                  <RelativeTransform xsi:type="MatrixTransform">
                    <Matrix>
                      <M11>1</M11>
                      <M12>0</M12>
                      <M21>0</M21>
                      <M22>1</M22>
                      <OffsetX>0</OffsetX>
                      <OffsetY>0</OffsetY>
                    </Matrix>
                  </RelativeTransform>
                  <Color>
                    <A>255</A>
                    <R>39</R>
                    <G>255</G>
                    <B>0</B>
                    <ScA>1</ScA>
                    <ScR>0.0202885643</ScR>
                    <ScG>1</ScG>
                    <ScB>0</ScB>
                  </Color>
                </Brush>
              </Properties>
              <Children />
            </LayerModel>
            <LayerModel>
              <Name>Health &gt;33</Name>
              <Order>1</Order>
              <LayerType>Mouse</LayerType>
              <Enabled>true</Enabled>
              <Expanded>false</Expanded>
              <Properties xsi:type="MousePropertiesModel">
                <Conditions>
                  <LayerConditionModel>
                    <Field>hero.health_percent</Field>
                    <Value>33</Value>
                    <Operator>&gt;</Operator>
                    <Type>Int32</Type>
                  </LayerConditionModel>
                </Conditions>
                <Brush xsi:type="SolidColorBrush">
                  <Opacity>1</Opacity>
                  <Transform xsi:type="MatrixTransform">
                    <Matrix>
                      <M11>1</M11>
                      <M12>0</M12>
                      <M21>0</M21>
                      <M22>1</M22>
                      <OffsetX>0</OffsetX>
                      <OffsetY>0</OffsetY>
                    </Matrix>
                  </Transform>
                  <RelativeTransform xsi:type="MatrixTransform">
                    <Matrix>
                      <M11>1</M11>
                      <M12>0</M12>
                      <M21>0</M21>
                      <M22>1</M22>
                      <OffsetX>0</OffsetX>
                      <OffsetY>0</OffsetY>
                    </Matrix>
                  </RelativeTransform>
                  <Color>
                    <A>255</A>
                    <R>255</R>
                    <G>223</G>
                    <B>0</B>
                    <ScA>1</ScA>
                    <ScR>1</ScR>
                    <ScG>0.73791045</ScG>
                    <ScB>0</ScB>
                  </Color>
                </Brush>
              </Properties>
              <Children />
            </LayerModel>
            <LayerModel>
              <Name>Health &gt;=0</Name>
              <Order>2</Order>
              <LayerType>Mouse</LayerType>
              <Enabled>true</Enabled>
              <Expanded>false</Expanded>
              <Properties xsi:type="MousePropertiesModel">
                <Conditions>
                  <LayerConditionModel>
                    <Field>hero.max_health</Field>
                    <Value>0</Value>
                    <Operator>&gt;=</Operator>
                    <Type>Int32</Type>
                  </LayerConditionModel>
                </Conditions>
                <Brush xsi:type="SolidColorBrush">
                  <Opacity>1</Opacity>
                  <Transform xsi:type="MatrixTransform">
                    <Matrix>
                      <M11>1</M11>
                      <M12>0</M12>
                      <M21>0</M21>
                      <M22>1</M22>
                      <OffsetX>0</OffsetX>
                      <OffsetY>0</OffsetY>
                    </Matrix>
                  </Transform>
                  <RelativeTransform xsi:type="MatrixTransform">
                    <Matrix>
                      <M11>1</M11>
                      <M12>0</M12>
                      <M21>0</M21>
                      <M22>1</M22>
                      <OffsetX>0</OffsetX>
                      <OffsetY>0</OffsetY>
                    </Matrix>
                  </RelativeTransform>
                  <Color>
                    <A>255</A>
                    <R>255</R>
                    <G>0</G>
                    <B>0</B>
                    <ScA>1</ScA>
                    <ScR>1</ScR>
                    <ScG>0</ScG>
                    <ScB>0</ScB>
                  </Color>
                </Brush>
              </Properties>
              <Children />
            </LayerModel>
            <LayerModel>
              <Name>Health &gt;66</Name>
              <Order>3</Order>
              <LayerType>Headset</LayerType>
              <Enabled>true</Enabled>
              <Expanded>false</Expanded>
              <Properties xsi:type="HeadsetPropertiesModel">
                <Conditions>
                  <LayerConditionModel>
                    <Field>hero.health_percent</Field>
                    <Value>66</Value>
                    <Operator>&gt;</Operator>
                    <Type>Int32</Type>
                  </LayerConditionModel>
                </Conditions>
                <Brush xsi:type="SolidColorBrush">
                  <Opacity>1</Opacity>
                  <Transform xsi:type="MatrixTransform">
                    <Matrix>
                      <M11>1</M11>
                      <M12>0</M12>
                      <M21>0</M21>
                      <M22>1</M22>
                      <OffsetX>0</OffsetX>
                      <OffsetY>0</OffsetY>
                    </Matrix>
                  </Transform>
                  <RelativeTransform xsi:type="MatrixTransform">
                    <Matrix>
                      <M11>1</M11>
                      <M12>0</M12>
                      <M21>0</M21>
                      <M22>1</M22>
                      <OffsetX>0</OffsetX>
                      <OffsetY>0</OffsetY>
                    </Matrix>
                  </RelativeTransform>
                  <Color>
                    <A>255</A>
                    <R>39</R>
                    <G>255</G>
                    <B>0</B>
                    <ScA>1</ScA>
                    <ScR>0.0202885643</ScR>
                    <ScG>1</ScG>
                    <ScB>0</ScB>
                  </Color>
                </Brush>
              </Properties>
              <Children />
            </LayerModel>
            <LayerModel>
              <Name>Health &gt;33</Name>
              <Order>4</Order>
              <LayerType>Headset</LayerType>
              <Enabled>true</Enabled>
              <Expanded>false</Expanded>
              <Properties xsi:type="HeadsetPropertiesModel">
                <Conditions>
                  <LayerConditionModel>
                    <Field>hero.health_percent</Field>
                    <Value>33</Value>
                    <Operator>&gt;</Operator>
                    <Type>Int32</Type>
                  </LayerConditionModel>
                </Conditions>
                <Brush xsi:type="SolidColorBrush">
                  <Opacity>1</Opacity>
                  <Transform xsi:type="MatrixTransform">
                    <Matrix>
                      <M11>1</M11>
                      <M12>0</M12>
                      <M21>0</M21>
                      <M22>1</M22>
                      <OffsetX>0</OffsetX>
                      <OffsetY>0</OffsetY>
                    </Matrix>
                  </Transform>
                  <RelativeTransform xsi:type="MatrixTransform">
                    <Matrix>
                      <M11>1</M11>
                      <M12>0</M12>
                      <M21>0</M21>
                      <M22>1</M22>
                      <OffsetX>0</OffsetX>
                      <OffsetY>0</OffsetY>
                    </Matrix>
                  </RelativeTransform>
                  <Color>
                    <A>255</A>
                    <R>255</R>
                    <G>223</G>
                    <B>0</B>
                    <ScA>1</ScA>
                    <ScR>1</ScR>
                    <ScG>0.73791045</ScG>
                    <ScB>0</ScB>
                  </Color>
                </Brush>
              </Properties>
              <Children />
            </LayerModel>
            <LayerModel>
              <Name>Health &gt;=0</Name>
              <Order>5</Order>
              <LayerType>Headset</LayerType>
              <Enabled>true</Enabled>
              <Expanded>false</Expanded>
              <Properties xsi:type="HeadsetPropertiesModel">
                <Conditions>
                  <LayerConditionModel>
                    <Field>hero.health_percent</Field>
                    <Value>0</Value>
                    <Operator>&gt;=</Operator>
                    <Type>Int32</Type>
                  </LayerConditionModel>
                </Conditions>
                <Brush xsi:type="SolidColorBrush">
                  <Opacity>1</Opacity>
                  <Transform xsi:type="MatrixTransform">
                    <Matrix>
                      <M11>1</M11>
                      <M12>0</M12>
                      <M21>0</M21>
                      <M22>1</M22>
                      <OffsetX>0</OffsetX>
                      <OffsetY>0</OffsetY>
                    </Matrix>
                  </Transform>
                  <RelativeTransform xsi:type="MatrixTransform">
                    <Matrix>
                      <M11>1</M11>
                      <M12>0</M12>
                      <M21>0</M21>
                      <M22>1</M22>
                      <OffsetX>0</OffsetX>
                      <OffsetY>0</OffsetY>
                    </Matrix>
                  </RelativeTransform>
                  <Color>
                    <A>255</A>
                    <R>255</R>
                    <G>0</G>
                    <B>0</B>
                    <ScA>1</ScA>
                    <ScR>1</ScR>
                    <ScG>0</ScG>
                    <ScB>0</ScB>
                  </Color>
                </Brush>
              </Properties>
              <Children />
            </LayerModel>
            <LayerModel>
              <Name>Health</Name>
              <Order>6</Order>
              <LayerType>Keyboard</LayerType>
              <Enabled>true</Enabled>
              <Expanded>false</Expanded>
              <Properties xsi:type="KeyboardPropertiesModel">
                <Conditions />
                <Brush xsi:type="LinearGradientBrush">
                  <Opacity>1</Opacity>
                  <Transform xsi:type="MatrixTransform">
                    <Matrix>
                      <M11>1</M11>
                      <M12>0</M12>
                      <M21>0</M21>
                      <M22>1</M22>
                      <OffsetX>0</OffsetX>
                      <OffsetY>0</OffsetY>
                    </Matrix>
                  </Transform>
                  <RelativeTransform xsi:type="MatrixTransform">
                    <Matrix>
                      <M11>1</M11>
                      <M12>0</M12>
                      <M21>0</M21>
                      <M22>1</M22>
                      <OffsetX>0</OffsetX>
                      <OffsetY>0</OffsetY>
                    </Matrix>
                  </RelativeTransform>
                  <ColorInterpolationMode>SRgbLinearInterpolation</ColorInterpolationMode>
                  <MappingMode>RelativeToBoundingBox</MappingMode>
                  <SpreadMethod>Pad</SpreadMethod>
                  <GradientStops>
                    <GradientStop>
                      <Color>
                        <A>255</A>
                        <R>255</R>
                        <G>0</G>
                        <B>0</B>
                        <ScA>1</ScA>
                        <ScR>1</ScR>
                        <ScG>0</ScG>
                        <ScB>0</ScB>
                      </Color>
                      <Offset>0</Offset>
                    </GradientStop>
                    <GradientStop>
                      <Color>
                        <A>255</A>
                        <R>15</R>
                        <G>255</G>
                        <B>0</B>
                        <ScA>1</ScA>
                        <ScR>0.00477695372</ScR>
                        <ScG>1</ScG>
                        <ScB>0</ScB>
                      </Color>
                      <Offset>0.89436619718309851</Offset>
                    </GradientStop>
                    <GradientStop>
                      <Color>
                        <A>255</A>
                        <R>239</R>
                        <G>255</G>
                        <B>0</B>
                        <ScA>1</ScA>
                        <ScR>0.8631572</ScR>
                        <ScG>1</ScG>
                        <ScB>0</ScB>
                      </Color>
                      <Offset>0.42624166048925116</Offset>
                    </GradientStop>
                  </GradientStops>
                  <StartPoint>
                    <X>0</X>
                    <Y>0</Y>
                  </StartPoint>
                  <EndPoint>
                    <X>1</X>
                    <Y>0</Y>
                  </EndPoint>
                </Brush>
                <X>0</X>
                <Y>1</Y>
                <Width>17</Width>
                <Height>1</Height>
                <Opacity>1</Opacity>
                <Contain>false</Contain>
                <Animation>None</Animation>
                <AnimationSpeed>0</AnimationSpeed>
                <DynamicProperties>
                  <DynamicPropertiesModel>
                    <LayerProperty>Height</LayerProperty>
                    <PercentageSource>0</PercentageSource>
                    <LayerPropertyType>PercentageOf</LayerPropertyType>
                    <LayerPropertyOptions>Downwards</LayerPropertyOptions>
                  </DynamicPropertiesModel>
                  <DynamicPropertiesModel>
                    <LayerProperty>Width</LayerProperty>
                    <GameProperty>hero.health_percent</GameProperty>
                    <PercentageSource>100</PercentageSource>
                    <LayerPropertyType>PercentageOf</LayerPropertyType>
                    <LayerPropertyOptions>LeftToRight</LayerPropertyOptions>
                  </DynamicPropertiesModel>
                  <DynamicPropertiesModel>
                    <LayerProperty>Opacity</LayerProperty>
                    <PercentageSource>0</PercentageSource>
                    <LayerPropertyType>PercentageOf</LayerPropertyType>
                    <LayerPropertyOptions>Increase</LayerPropertyOptions>
                  </DynamicPropertiesModel>
                </DynamicProperties>
              </Properties>
              <Children />
            </LayerModel>
            <LayerModel>
              <Name>Mana</Name>
              <Order>7</Order>
              <LayerType>Keyboard</LayerType>
              <Enabled>true</Enabled>
              <Expanded>false</Expanded>
              <Properties xsi:type="KeyboardPropertiesModel">
                <Conditions />
                <Brush xsi:type="SolidColorBrush">
                  <Opacity>1</Opacity>
                  <Transform xsi:type="MatrixTransform">
                    <Matrix>
                      <M11>1</M11>
                      <M12>0</M12>
                      <M21>0</M21>
                      <M22>1</M22>
                      <OffsetX>0</OffsetX>
                      <OffsetY>0</OffsetY>
                    </Matrix>
                  </Transform>
                  <RelativeTransform xsi:type="MatrixTransform">
                    <Matrix>
                      <M11>1</M11>
                      <M12>0</M12>
                      <M21>0</M21>
                      <M22>1</M22>
                      <OffsetX>0</OffsetX>
                      <OffsetY>0</OffsetY>
                    </Matrix>
                  </RelativeTransform>
                  <Color>
                    <A>255</A>
                    <R>0</R>
                    <G>7</G>
                    <B>255</B>
                    <ScA>1</ScA>
                    <ScR>0</ScR>
                    <ScG>0.00212468882</ScG>
                    <ScB>1</ScB>
                  </Color>
                </Brush>
                <X>0</X>
                <Y>2</Y>
                <Width>17</Width>
                <Height>1</Height>
                <Opacity>1</Opacity>
                <Contain>false</Contain>
                <Animation>None</Animation>
                <AnimationSpeed>0</AnimationSpeed>
                <DynamicProperties>
                  <DynamicPropertiesModel>
                    <LayerProperty>Height</LayerProperty>
                    <PercentageSource>0</PercentageSource>
                    <LayerPropertyType>PercentageOf</LayerPropertyType>
                    <LayerPropertyOptions>Downwards</LayerPropertyOptions>
                  </DynamicPropertiesModel>
                  <DynamicPropertiesModel>
                    <LayerProperty>Width</LayerProperty>
                    <GameProperty>hero.mana_percent</GameProperty>
                    <PercentageSource>100</PercentageSource>
                    <LayerPropertyType>PercentageOf</LayerPropertyType>
                    <LayerPropertyOptions>LeftToRight</LayerPropertyOptions>
                  </DynamicPropertiesModel>
                  <DynamicPropertiesModel>
                    <LayerProperty>Opacity</LayerProperty>
                    <PercentageSource>0</PercentageSource>
                    <LayerPropertyType>PercentageOf</LayerPropertyType>
                    <LayerPropertyOptions>Increase</LayerPropertyOptions>
                  </DynamicPropertiesModel>
                </DynamicProperties>
              </Properties>
              <Children />
            </LayerModel>
          </Children>
        </LayerModel>
        <LayerModel>
          <Name>Abilities</Name>
          <Order>1</Order>
          <LayerType>Folder</LayerType>
          <Enabled>true</Enabled>
          <Expanded>false</Expanded>
          <Properties xsi:type="KeyboardPropertiesModel">
            <Conditions />
            <Brush xsi:type="SolidColorBrush">
              <Opacity>1</Opacity>
              <Transform xsi:type="MatrixTransform">
                <Matrix>
                  <M11>1</M11>
                  <M12>0</M12>
                  <M21>0</M21>
                  <M22>1</M22>
                  <OffsetX>0</OffsetX>
                  <OffsetY>0</OffsetY>
                </Matrix>
              </Transform>
              <RelativeTransform xsi:type="MatrixTransform">
                <Matrix>
                  <M11>1</M11>
                  <M12>0</M12>
                  <M21>0</M21>
                  <M22>1</M22>
                  <OffsetX>0</OffsetX>
                  <OffsetY>0</OffsetY>
                </Matrix>
              </RelativeTransform>
              <Color>
                <A>255</A>
                <R>255</R>
                <G>200</G>
                <B>0</B>
                <ScA>1</ScA>
                <ScR>1</ScR>
                <ScG>0.577580452</ScG>
                <ScB>0</ScB>
              </Color>
            </Brush>
            <X>0</X>
            <Y>0</Y>
            <Width>1</Width>
            <Height>1</Height>
            <Opacity>1</Opacity>
            <Contain>false</Contain>
            <Animation>None</Animation>
            <AnimationSpeed>0</AnimationSpeed>
            <DynamicProperties />
          </Properties>
          <Children>
            <LayerModel>
              <Name>Ability 4 Ready</Name>
              <Order>0</Order>
              <LayerType>Keyboard</LayerType>
              <Enabled>true</Enabled>
              <Expanded>false</Expanded>
              <Properties xsi:type="KeyboardPropertiesModel">
                <Conditions>
                  <LayerConditionModel>
                    <Field>abilities.ability3.can_cast</Field>
                    <Value>True</Value>
                    <Operator>==</Operator>
                    <Type>Boolean</Type>
                  </LayerConditionModel>
                </Conditions>
                <Brush xsi:type="SolidColorBrush">
                  <Opacity>1</Opacity>
                  <Transform xsi:type="MatrixTransform">
                    <Matrix>
                      <M11>1</M11>
                      <M12>0</M12>
                      <M21>0</M21>
                      <M22>1</M22>
                      <OffsetX>0</OffsetX>
                      <OffsetY>0</OffsetY>
                    </Matrix>
                  </Transform>
                  <RelativeTransform xsi:type="MatrixTransform">
                    <Matrix>
                      <M11>1</M11>
                      <M12>0</M12>
                      <M21>0</M21>
                      <M22>1</M22>
                      <OffsetX>0</OffsetX>
                      <OffsetY>0</OffsetY>
                    </Matrix>
                  </RelativeTransform>
                  <Color>
                    <A>255</A>
                    <R>27</R>
                    <G>255</G>
                    <B>0</B>
                    <ScA>1</ScA>
                    <ScR>0.0109600946</ScR>
                    <ScG>1</ScG>
                    <ScB>0</ScB>
                  </Color>
                </Brush>
                <X>4</X>
                <Y>3</Y>
                <Width>1</Width>
                <Height>1</Height>
                <Opacity>1</Opacity>
                <Contain>false</Contain>
                <Animation>None</Animation>
                <AnimationSpeed>0</AnimationSpeed>
                <DynamicProperties>
                  <DynamicPropertiesModel>
                    <LayerProperty>Height</LayerProperty>
                    <PercentageSource>0</PercentageSource>
                    <LayerPropertyType>PercentageOf</LayerPropertyType>
                    <LayerPropertyOptions>Downwards</LayerPropertyOptions>
                  </DynamicPropertiesModel>
                  <DynamicPropertiesModel>
                    <LayerProperty>Width</LayerProperty>
                    <PercentageSource>0</PercentageSource>
                    <LayerPropertyType>PercentageOf</LayerPropertyType>
                    <LayerPropertyOptions>LeftToRight</LayerPropertyOptions>
                  </DynamicPropertiesModel>
                  <DynamicPropertiesModel>
                    <LayerProperty>Opacity</LayerProperty>
                    <PercentageSource>0</PercentageSource>
                    <LayerPropertyType>PercentageOf</LayerPropertyType>
                    <LayerPropertyOptions>Increase</LayerPropertyOptions>
                  </DynamicPropertiesModel>
                </DynamicProperties>
              </Properties>
              <Children />
            </LayerModel>
            <LayerModel>
              <Name>Ability 4 Cooldown</Name>
              <Order>1</Order>
              <LayerType>Keyboard</LayerType>
              <Enabled>true</Enabled>
              <Expanded>true</Expanded>
              <Properties xsi:type="KeyboardPropertiesModel">
                <Conditions />
                <Brush xsi:type="SolidColorBrush">
                  <Opacity>1</Opacity>
                  <Transform xsi:type="MatrixTransform">
                    <Matrix>
                      <M11>1</M11>
                      <M12>0</M12>
                      <M21>0</M21>
                      <M22>1</M22>
                      <OffsetX>0</OffsetX>
                      <OffsetY>0</OffsetY>
                    </Matrix>
                  </Transform>
                  <RelativeTransform xsi:type="MatrixTransform">
                    <Matrix>
                      <M11>1</M11>
                      <M12>0</M12>
                      <M21>0</M21>
                      <M22>1</M22>
                      <OffsetX>0</OffsetX>
                      <OffsetY>0</OffsetY>
                    </Matrix>
                  </RelativeTransform>
                  <Color>
                    <A>255</A>
                    <R>255</R>
                    <G>0</G>
                    <B>0</B>
                    <ScA>1</ScA>
                    <ScR>1</ScR>
                    <ScG>0</ScG>
                    <ScB>0</ScB>
                  </Color>
                </Brush>
                <X>4</X>
                <Y>3</Y>
                <Width>1</Width>
                <Height>1</Height>
                <Opacity>1</Opacity>
                <Contain>false</Contain>
                <Animation>None</Animation>
                <AnimationSpeed>0</AnimationSpeed>
                <DynamicProperties>
                  <DynamicPropertiesModel>
                    <LayerProperty>Height</LayerProperty>
                    <PercentageSource>0</PercentageSource>
                    <LayerPropertyType>PercentageOf</LayerPropertyType>
                    <LayerPropertyOptions>Downwards</LayerPropertyOptions>
                  </DynamicPropertiesModel>
                  <DynamicPropertiesModel>
                    <LayerProperty>Width</LayerProperty>
                    <PercentageSource>0</PercentageSource>
                    <LayerPropertyType>PercentageOf</LayerPropertyType>
                    <LayerPropertyOptions>LeftToRight</LayerPropertyOptions>
                  </DynamicPropertiesModel>
                  <DynamicPropertiesModel>
                    <LayerProperty>Opacity</LayerProperty>
                    <GameProperty>abilities.ability3.cooldown</GameProperty>
                    <PercentageSource>0</PercentageSource>
                    <PercentageProperty>abilities.ability3.cooldown</PercentageProperty>
                    <LayerPropertyType>PercentageOfProperty</LayerPropertyType>
                    <LayerPropertyOptions>Increase</LayerPropertyOptions>
                  </DynamicPropertiesModel>
                </DynamicProperties>
              </Properties>
              <Children />
            </LayerModel>
            <LayerModel>
              <Name>Ability 3 Ready</Name>
              <Order>2</Order>
              <LayerType>Keyboard</LayerType>
              <Enabled>true</Enabled>
              <Expanded>false</Expanded>
              <Properties xsi:type="KeyboardPropertiesModel">
                <Conditions>
                  <LayerConditionModel>
                    <Field>abilities.ability2.can_cast</Field>
                    <Value>True</Value>
                    <Operator>==</Operator>
                    <Type>Boolean</Type>
                  </LayerConditionModel>
                </Conditions>
                <Brush xsi:type="SolidColorBrush">
                  <Opacity>1</Opacity>
                  <Transform xsi:type="MatrixTransform">
                    <Matrix>
                      <M11>1</M11>
                      <M12>0</M12>
                      <M21>0</M21>
                      <M22>1</M22>
                      <OffsetX>0</OffsetX>
                      <OffsetY>0</OffsetY>
                    </Matrix>
                  </Transform>
                  <RelativeTransform xsi:type="MatrixTransform">
                    <Matrix>
                      <M11>1</M11>
                      <M12>0</M12>
                      <M21>0</M21>
                      <M22>1</M22>
                      <OffsetX>0</OffsetX>
                      <OffsetY>0</OffsetY>
                    </Matrix>
                  </RelativeTransform>
                  <Color>
                    <A>255</A>
                    <R>27</R>
                    <G>255</G>
                    <B>0</B>
                    <ScA>1</ScA>
                    <ScR>0.0109600946</ScR>
                    <ScG>1</ScG>
                    <ScB>0</ScB>
                  </Color>
                </Brush>
                <X>3</X>
                <Y>3</Y>
                <Width>1</Width>
                <Height>1</Height>
                <Opacity>1</Opacity>
                <Contain>false</Contain>
                <Animation>None</Animation>
                <AnimationSpeed>0</AnimationSpeed>
                <DynamicProperties>
                  <DynamicPropertiesModel>
                    <LayerProperty>Height</LayerProperty>
                    <PercentageSource>0</PercentageSource>
                    <LayerPropertyType>PercentageOf</LayerPropertyType>
                    <LayerPropertyOptions>Downwards</LayerPropertyOptions>
                  </DynamicPropertiesModel>
                  <DynamicPropertiesModel>
                    <LayerProperty>Width</LayerProperty>
                    <PercentageSource>0</PercentageSource>
                    <LayerPropertyType>PercentageOf</LayerPropertyType>
                    <LayerPropertyOptions>LeftToRight</LayerPropertyOptions>
                  </DynamicPropertiesModel>
                  <DynamicPropertiesModel>
                    <LayerProperty>Opacity</LayerProperty>
                    <PercentageSource>0</PercentageSource>
                    <LayerPropertyType>PercentageOf</LayerPropertyType>
                    <LayerPropertyOptions>Increase</LayerPropertyOptions>
                  </DynamicPropertiesModel>
                </DynamicProperties>
              </Properties>
              <Children />
            </LayerModel>
            <LayerModel>
              <Name>Ability 3 Cooldown</Name>
              <Order>3</Order>
              <LayerType>Keyboard</LayerType>
              <Enabled>true</Enabled>
              <Expanded>false</Expanded>
              <Properties xsi:type="KeyboardPropertiesModel">
                <Conditions />
                <Brush xsi:type="SolidColorBrush">
                  <Opacity>1</Opacity>
                  <Transform xsi:type="MatrixTransform">
                    <Matrix>
                      <M11>1</M11>
                      <M12>0</M12>
                      <M21>0</M21>
                      <M22>1</M22>
                      <OffsetX>0</OffsetX>
                      <OffsetY>0</OffsetY>
                    </Matrix>
                  </Transform>
                  <RelativeTransform xsi:type="MatrixTransform">
                    <Matrix>
                      <M11>1</M11>
                      <M12>0</M12>
                      <M21>0</M21>
                      <M22>1</M22>
                      <OffsetX>0</OffsetX>
                      <OffsetY>0</OffsetY>
                    </Matrix>
                  </RelativeTransform>
                  <Color>
                    <A>255</A>
                    <R>255</R>
                    <G>0</G>
                    <B>0</B>
                    <ScA>1</ScA>
                    <ScR>1</ScR>
                    <ScG>0</ScG>
                    <ScB>0</ScB>
                  </Color>
                </Brush>
                <X>3</X>
                <Y>3</Y>
                <Width>1</Width>
                <Height>1</Height>
                <Opacity>1</Opacity>
                <Contain>false</Contain>
                <Animation>None</Animation>
                <AnimationSpeed>0</AnimationSpeed>
                <DynamicProperties>
                  <DynamicPropertiesModel>
                    <LayerProperty>Height</LayerProperty>
                    <PercentageSource>0</PercentageSource>
                    <LayerPropertyType>PercentageOf</LayerPropertyType>
                    <LayerPropertyOptions>Downwards</LayerPropertyOptions>
                  </DynamicPropertiesModel>
                  <DynamicPropertiesModel>
                    <LayerProperty>Width</LayerProperty>
                    <PercentageSource>0</PercentageSource>
                    <LayerPropertyType>PercentageOf</LayerPropertyType>
                    <LayerPropertyOptions>LeftToRight</LayerPropertyOptions>
                  </DynamicPropertiesModel>
                  <DynamicPropertiesModel>
                    <LayerProperty>Opacity</LayerProperty>
                    <GameProperty>abilities.ability2.cooldown</GameProperty>
                    <PercentageSource>0</PercentageSource>
                    <PercentageProperty>abilities.ability2.cooldown</PercentageProperty>
                    <LayerPropertyType>PercentageOfProperty</LayerPropertyType>
                    <LayerPropertyOptions>Increase</LayerPropertyOptions>
                  </DynamicPropertiesModel>
                </DynamicProperties>
              </Properties>
              <Children />
            </LayerModel>
            <LayerModel>
              <Name>Ability 2 Ready</Name>
              <Order>4</Order>
              <LayerType>Keyboard</LayerType>
              <Enabled>true</Enabled>
              <Expanded>false</Expanded>
              <Properties xsi:type="KeyboardPropertiesModel">
                <Conditions>
                  <LayerConditionModel>
                    <Field>abilities.ability1.can_cast</Field>
                    <Value>True</Value>
                    <Operator>==</Operator>
                    <Type>Boolean</Type>
                  </LayerConditionModel>
                </Conditions>
                <Brush xsi:type="SolidColorBrush">
                  <Opacity>1</Opacity>
                  <Transform xsi:type="MatrixTransform">
                    <Matrix>
                      <M11>1</M11>
                      <M12>0</M12>
                      <M21>0</M21>
                      <M22>1</M22>
                      <OffsetX>0</OffsetX>
                      <OffsetY>0</OffsetY>
                    </Matrix>
                  </Transform>
                  <RelativeTransform xsi:type="MatrixTransform">
                    <Matrix>
                      <M11>1</M11>
                      <M12>0</M12>
                      <M21>0</M21>
                      <M22>1</M22>
                      <OffsetX>0</OffsetX>
                      <OffsetY>0</OffsetY>
                    </Matrix>
                  </RelativeTransform>
                  <Color>
                    <A>255</A>
                    <R>27</R>
                    <G>255</G>
                    <B>0</B>
                    <ScA>1</ScA>
                    <ScR>0.0109600946</ScR>
                    <ScG>1</ScG>
                    <ScB>0</ScB>
                  </Color>
                </Brush>
                <X>2</X>
                <Y>3</Y>
                <Width>1</Width>
                <Height>1</Height>
                <Opacity>1</Opacity>
                <Contain>false</Contain>
                <Animation>None</Animation>
                <AnimationSpeed>0</AnimationSpeed>
                <DynamicProperties>
                  <DynamicPropertiesModel>
                    <LayerProperty>Height</LayerProperty>
                    <PercentageSource>0</PercentageSource>
                    <LayerPropertyType>PercentageOf</LayerPropertyType>
                    <LayerPropertyOptions>Downwards</LayerPropertyOptions>
                  </DynamicPropertiesModel>
                  <DynamicPropertiesModel>
                    <LayerProperty>Width</LayerProperty>
                    <PercentageSource>0</PercentageSource>
                    <LayerPropertyType>PercentageOf</LayerPropertyType>
                    <LayerPropertyOptions>LeftToRight</LayerPropertyOptions>
                  </DynamicPropertiesModel>
                  <DynamicPropertiesModel>
                    <LayerProperty>Opacity</LayerProperty>
                    <PercentageSource>0</PercentageSource>
                    <LayerPropertyType>PercentageOf</LayerPropertyType>
                    <LayerPropertyOptions>Increase</LayerPropertyOptions>
                  </DynamicPropertiesModel>
                </DynamicProperties>
              </Properties>
              <Children />
            </LayerModel>
            <LayerModel>
              <Name>Ability 2 Cooldown</Name>
              <Order>5</Order>
              <LayerType>Keyboard</LayerType>
              <Enabled>true</Enabled>
              <Expanded>false</Expanded>
              <Properties xsi:type="KeyboardPropertiesModel">
                <Conditions />
                <Brush xsi:type="SolidColorBrush">
                  <Opacity>1</Opacity>
                  <Transform xsi:type="MatrixTransform">
                    <Matrix>
                      <M11>1</M11>
                      <M12>0</M12>
                      <M21>0</M21>
                      <M22>1</M22>
                      <OffsetX>0</OffsetX>
                      <OffsetY>0</OffsetY>
                    </Matrix>
                  </Transform>
                  <RelativeTransform xsi:type="MatrixTransform">
                    <Matrix>
                      <M11>1</M11>
                      <M12>0</M12>
                      <M21>0</M21>
                      <M22>1</M22>
                      <OffsetX>0</OffsetX>
                      <OffsetY>0</OffsetY>
                    </Matrix>
                  </RelativeTransform>
                  <Color>
                    <A>255</A>
                    <R>255</R>
                    <G>0</G>
                    <B>0</B>
                    <ScA>1</ScA>
                    <ScR>1</ScR>
                    <ScG>0</ScG>
                    <ScB>0</ScB>
                  </Color>
                </Brush>
                <X>2</X>
                <Y>3</Y>
                <Width>1</Width>
                <Height>1</Height>
                <Opacity>1</Opacity>
                <Contain>false</Contain>
                <Animation>None</Animation>
                <AnimationSpeed>0</AnimationSpeed>
                <DynamicProperties>
                  <DynamicPropertiesModel>
                    <LayerProperty>Height</LayerProperty>
                    <PercentageSource>0</PercentageSource>
                    <LayerPropertyType>PercentageOf</LayerPropertyType>
                    <LayerPropertyOptions>Downwards</LayerPropertyOptions>
                  </DynamicPropertiesModel>
                  <DynamicPropertiesModel>
                    <LayerProperty>Width</LayerProperty>
                    <PercentageSource>0</PercentageSource>
                    <LayerPropertyType>PercentageOf</LayerPropertyType>
                    <LayerPropertyOptions>LeftToRight</LayerPropertyOptions>
                  </DynamicPropertiesModel>
                  <DynamicPropertiesModel>
                    <LayerProperty>Opacity</LayerProperty>
                    <GameProperty>abilities.ability1.cooldown</GameProperty>
                    <PercentageSource>0</PercentageSource>
                    <PercentageProperty>abilities.ability1.cooldown</PercentageProperty>
                    <LayerPropertyType>PercentageOfProperty</LayerPropertyType>
                    <LayerPropertyOptions>Increase</LayerPropertyOptions>
                  </DynamicPropertiesModel>
                </DynamicProperties>
              </Properties>
              <Children />
            </LayerModel>
            <LayerModel>
              <Name>Ability 1 Ready</Name>
              <Order>6</Order>
              <LayerType>Keyboard</LayerType>
              <Enabled>true</Enabled>
              <Expanded>false</Expanded>
              <Properties xsi:type="KeyboardPropertiesModel">
                <Conditions>
                  <LayerConditionModel>
                    <Field>abilities.ability0.can_cast</Field>
                    <Value>True</Value>
                    <Operator>==</Operator>
                    <Type>Boolean</Type>
                  </LayerConditionModel>
                </Conditions>
                <Brush xsi:type="SolidColorBrush">
                  <Opacity>1</Opacity>
                  <Transform xsi:type="MatrixTransform">
                    <Matrix>
                      <M11>1</M11>
                      <M12>0</M12>
                      <M21>0</M21>
                      <M22>1</M22>
                      <OffsetX>0</OffsetX>
                      <OffsetY>0</OffsetY>
                    </Matrix>
                  </Transform>
                  <RelativeTransform xsi:type="MatrixTransform">
                    <Matrix>
                      <M11>1</M11>
                      <M12>0</M12>
                      <M21>0</M21>
                      <M22>1</M22>
                      <OffsetX>0</OffsetX>
                      <OffsetY>0</OffsetY>
                    </Matrix>
                  </RelativeTransform>
                  <Color>
                    <A>255</A>
                    <R>27</R>
                    <G>255</G>
                    <B>0</B>
                    <ScA>1</ScA>
                    <ScR>0.0109600946</ScR>
                    <ScG>1</ScG>
                    <ScB>0</ScB>
                  </Color>
                </Brush>
                <X>1</X>
                <Y>3</Y>
                <Width>1</Width>
                <Height>1</Height>
                <Opacity>1</Opacity>
                <Contain>false</Contain>
                <Animation>None</Animation>
                <AnimationSpeed>0</AnimationSpeed>
                <DynamicProperties>
                  <DynamicPropertiesModel>
                    <LayerProperty>Height</LayerProperty>
                    <PercentageSource>0</PercentageSource>
                    <LayerPropertyType>PercentageOf</LayerPropertyType>
                    <LayerPropertyOptions>Downwards</LayerPropertyOptions>
                  </DynamicPropertiesModel>
                  <DynamicPropertiesModel>
                    <LayerProperty>Width</LayerProperty>
                    <PercentageSource>0</PercentageSource>
                    <LayerPropertyType>PercentageOf</LayerPropertyType>
                    <LayerPropertyOptions>LeftToRight</LayerPropertyOptions>
                  </DynamicPropertiesModel>
                  <DynamicPropertiesModel>
                    <LayerProperty>Opacity</LayerProperty>
                    <PercentageSource>0</PercentageSource>
                    <LayerPropertyType>PercentageOf</LayerPropertyType>
                    <LayerPropertyOptions>Increase</LayerPropertyOptions>
                  </DynamicPropertiesModel>
                </DynamicProperties>
              </Properties>
              <Children />
            </LayerModel>
            <LayerModel>
              <Name>Ability 1 Cooldown</Name>
              <Order>7</Order>
              <LayerType>Keyboard</LayerType>
              <Enabled>true</Enabled>
              <Expanded>false</Expanded>
              <Properties xsi:type="KeyboardPropertiesModel">
                <Conditions />
                <Brush xsi:type="SolidColorBrush">
                  <Opacity>1</Opacity>
                  <Transform xsi:type="MatrixTransform">
                    <Matrix>
                      <M11>1</M11>
                      <M12>0</M12>
                      <M21>0</M21>
                      <M22>1</M22>
                      <OffsetX>0</OffsetX>
                      <OffsetY>0</OffsetY>
                    </Matrix>
                  </Transform>
                  <RelativeTransform xsi:type="MatrixTransform">
                    <Matrix>
                      <M11>1</M11>
                      <M12>0</M12>
                      <M21>0</M21>
                      <M22>1</M22>
                      <OffsetX>0</OffsetX>
                      <OffsetY>0</OffsetY>
                    </Matrix>
                  </RelativeTransform>
                  <Color>
                    <A>255</A>
                    <R>255</R>
                    <G>0</G>
                    <B>0</B>
                    <ScA>1</ScA>
                    <ScR>1</ScR>
                    <ScG>0</ScG>
                    <ScB>0</ScB>
                  </Color>
                </Brush>
                <X>1</X>
                <Y>3</Y>
                <Width>1</Width>
                <Height>1</Height>
                <Opacity>1</Opacity>
                <Contain>false</Contain>
                <Animation>None</Animation>
                <AnimationSpeed>0</AnimationSpeed>
                <DynamicProperties>
                  <DynamicPropertiesModel>
                    <LayerProperty>Height</LayerProperty>
                    <PercentageSource>0</PercentageSource>
                    <LayerPropertyType>PercentageOf</LayerPropertyType>
                    <LayerPropertyOptions>Downwards</LayerPropertyOptions>
                  </DynamicPropertiesModel>
                  <DynamicPropertiesModel>
                    <LayerProperty>Width</LayerProperty>
                    <PercentageSource>0</PercentageSource>
                    <LayerPropertyType>PercentageOf</LayerPropertyType>
                    <LayerPropertyOptions>LeftToRight</LayerPropertyOptions>
                  </DynamicPropertiesModel>
                  <DynamicPropertiesModel>
                    <LayerProperty>Opacity</LayerProperty>
                    <GameProperty>abilities.ability0.cooldown</GameProperty>
                    <PercentageSource>0</PercentageSource>
                    <PercentageProperty>abilities.ability0.cooldown</PercentageProperty>
                    <LayerPropertyType>PercentageOfProperty</LayerPropertyType>
                    <LayerPropertyOptions>Increase</LayerPropertyOptions>
                  </DynamicPropertiesModel>
                </DynamicProperties>
              </Properties>
              <Children />
            </LayerModel>
          </Children>
        </LayerModel>
        <LayerModel>
          <Name>Hero Conditions</Name>
          <Order>2</Order>
          <LayerType>Folder</LayerType>
          <Enabled>true</Enabled>
          <Expanded>false</Expanded>
          <Properties xsi:type="KeyboardPropertiesModel">
            <Conditions />
            <Brush xsi:type="SolidColorBrush">
              <Opacity>1</Opacity>
              <Transform xsi:type="MatrixTransform">
                <Matrix>
                  <M11>1</M11>
                  <M12>0</M12>
                  <M21>0</M21>
                  <M22>1</M22>
                  <OffsetX>0</OffsetX>
                  <OffsetY>0</OffsetY>
                </Matrix>
              </Transform>
              <RelativeTransform xsi:type="MatrixTransform">
                <Matrix>
                  <M11>1</M11>
                  <M12>0</M12>
                  <M21>0</M21>
                  <M22>1</M22>
                  <OffsetX>0</OffsetX>
                  <OffsetY>0</OffsetY>
                </Matrix>
              </RelativeTransform>
              <Color>
                <A>255</A>
                <R>255</R>
                <G>194</G>
                <B>0</B>
                <ScA>1</ScA>
                <ScR>1</ScR>
                <ScG>0.5394795</ScG>
                <ScB>0</ScB>
              </Color>
            </Brush>
            <X>0</X>
            <Y>0</Y>
            <Width>1</Width>
            <Height>1</Height>
            <Opacity>1</Opacity>
            <Contain>false</Contain>
            <Animation>None</Animation>
            <AnimationSpeed>0</AnimationSpeed>
            <DynamicProperties />
          </Properties>
          <Children>
            <LayerModel>
              <Name>Good</Name>
              <Order>0</Order>
              <LayerType>Folder</LayerType>
              <Enabled>true</Enabled>
              <Expanded>false</Expanded>
              <Properties xsi:type="KeyboardPropertiesModel">
                <Conditions />
                <Brush xsi:type="SolidColorBrush">
                  <Opacity>1</Opacity>
                  <Transform xsi:type="MatrixTransform">
                    <Matrix>
                      <M11>1</M11>
                      <M12>0</M12>
                      <M21>0</M21>
                      <M22>1</M22>
                      <OffsetX>0</OffsetX>
                      <OffsetY>0</OffsetY>
                    </Matrix>
                  </Transform>
                  <RelativeTransform xsi:type="MatrixTransform">
                    <Matrix>
                      <M11>1</M11>
                      <M12>0</M12>
                      <M21>0</M21>
                      <M22>1</M22>
                      <OffsetX>0</OffsetX>
                      <OffsetY>0</OffsetY>
                    </Matrix>
                  </RelativeTransform>
                  <Color>
                    <A>255</A>
                    <R>0</R>
                    <G>120</G>
                    <B>255</B>
                    <ScA>1</ScA>
                    <ScR>0</ScR>
                    <ScG>0.187820777</ScG>
                    <ScB>1</ScB>
                  </Color>
                </Brush>
                <X>0</X>
                <Y>0</Y>
                <Width>1</Width>
                <Height>1</Height>
                <Opacity>1</Opacity>
                <Contain>false</Contain>
                <Animation>None</Animation>
                <AnimationSpeed>0</AnimationSpeed>
                <DynamicProperties />
              </Properties>
              <Children>
                <LayerModel>
                  <Name>Magic Immune</Name>
                  <Order>0</Order>
                  <LayerType>Keyboard</LayerType>
                  <Enabled>true</Enabled>
                  <Expanded>false</Expanded>
                  <Properties xsi:type="KeyboardPropertiesModel">
                    <Conditions>
                      <LayerConditionModel>
                        <Field>hero.magicimmune</Field>
                        <Value>True</Value>
                        <Operator>==</Operator>
                        <Type>Boolean</Type>
                      </LayerConditionModel>
                    </Conditions>
                    <Brush xsi:type="LinearGradientBrush">
                      <Opacity>1</Opacity>
                      <Transform xsi:type="MatrixTransform">
                        <Matrix>
                          <M11>1</M11>
                          <M12>0</M12>
                          <M21>0</M21>
                          <M22>1</M22>
                          <OffsetX>0</OffsetX>
                          <OffsetY>0</OffsetY>
                        </Matrix>
                      </Transform>
                      <RelativeTransform xsi:type="MatrixTransform">
                        <Matrix>
                          <M11>1</M11>
                          <M12>0</M12>
                          <M21>0</M21>
                          <M22>1</M22>
                          <OffsetX>0</OffsetX>
                          <OffsetY>0</OffsetY>
                        </Matrix>
                      </RelativeTransform>
                      <ColorInterpolationMode>SRgbLinearInterpolation</ColorInterpolationMode>
                      <MappingMode>RelativeToBoundingBox</MappingMode>
                      <SpreadMethod>Pad</SpreadMethod>
                      <GradientStops>
                        <GradientStop>
                          <Color>
                            <A>255</A>
                            <R>255</R>
                            <G>0</G>
                            <B>247</B>
                            <ScA>1</ScA>
                            <ScR>1</ScR>
                            <ScG>0</ScG>
                            <ScB>0.9301109</ScB>
                          </Color>
                          <Offset>0.90845070422535223</Offset>
                        </GradientStop>
                        <GradientStop>
                          <Color>
                            <A>255</A>
                            <R>255</R>
                            <G>0</G>
                            <B>247</B>
                            <ScA>1</ScA>
                            <ScR>1</ScR>
                            <ScG>0</ScG>
                            <ScB>0.9301109</ScB>
                          </Color>
                          <Offset>0.063380281690140844</Offset>
                        </GradientStop>
                        <GradientStop>
                          <Color>
                            <A>255</A>
                            <R>255</R>
                            <G>212</G>
                            <B>251</B>
                            <ScA>1</ScA>
                            <ScR>1</ScR>
                            <ScG>0.658374846</ScG>
                            <ScB>0.9646863</ScB>
                          </Color>
                          <Offset>0.5019458858413639</Offset>
                        </GradientStop>
                      </GradientStops>
                      <StartPoint>
                        <X>0</X>
                        <Y>0</Y>
                      </StartPoint>
                      <EndPoint>
                        <X>1</X>
                        <Y>1</Y>
                      </EndPoint>
                    </Brush>
                    <X>0</X>
                    <Y>0</Y>
                    <Width>21</Width>
                    <Height>7</Height>
                    <Opacity>1</Opacity>
                    <Contain>false</Contain>
                    <Animation>SlideLeft</Animation>
                    <AnimationSpeed>0.5</AnimationSpeed>
                    <DynamicProperties />
                  </Properties>
                  <Children />
                </LayerModel>
              </Children>
            </LayerModel>
            <LayerModel>
              <Name>Bad</Name>
              <Order>1</Order>
              <LayerType>Folder</LayerType>
              <Enabled>true</Enabled>
              <Expanded>false</Expanded>
              <Properties xsi:type="KeyboardPropertiesModel">
                <Conditions />
                <Brush xsi:type="SolidColorBrush">
                  <Opacity>1</Opacity>
                  <Transform xsi:type="MatrixTransform">
                    <Matrix>
                      <M11>1</M11>
                      <M12>0</M12>
                      <M21>0</M21>
                      <M22>1</M22>
                      <OffsetX>0</OffsetX>
                      <OffsetY>0</OffsetY>
                    </Matrix>
                  </Transform>
                  <RelativeTransform xsi:type="MatrixTransform">
                    <Matrix>
                      <M11>1</M11>
                      <M12>0</M12>
                      <M21>0</M21>
                      <M22>1</M22>
                      <OffsetX>0</OffsetX>
                      <OffsetY>0</OffsetY>
                    </Matrix>
                  </RelativeTransform>
                  <Color>
                    <A>255</A>
                    <R>150</R>
                    <G>255</G>
                    <B>0</B>
                    <ScA>1</ScA>
                    <ScR>0.304987341</ScR>
                    <ScG>1</ScG>
                    <ScB>0</ScB>
                  </Color>
                </Brush>
                <X>0</X>
                <Y>0</Y>
                <Width>1</Width>
                <Height>1</Height>
                <Opacity>1</Opacity>
                <Contain>false</Contain>
                <Animation>None</Animation>
                <AnimationSpeed>0</AnimationSpeed>
                <DynamicProperties />
              </Properties>
              <Children>
                <LayerModel>
                  <Name>Silenced</Name>
                  <Order>0</Order>
                  <LayerType>Keyboard</LayerType>
                  <Enabled>true</Enabled>
                  <Expanded>false</Expanded>
                  <Properties xsi:type="KeyboardPropertiesModel">
                    <Conditions>
                      <LayerConditionModel>
                        <Field>hero.silenced</Field>
                        <Value>True</Value>
                        <Operator>==</Operator>
                        <Type>Boolean</Type>
                      </LayerConditionModel>
                    </Conditions>
                    <Brush xsi:type="SolidColorBrush">
                      <Opacity>1</Opacity>
                      <Transform xsi:type="MatrixTransform">
                        <Matrix>
                          <M11>1</M11>
                          <M12>0</M12>
                          <M21>0</M21>
                          <M22>1</M22>
                          <OffsetX>0</OffsetX>
                          <OffsetY>0</OffsetY>
                        </Matrix>
                      </Transform>
                      <RelativeTransform xsi:type="MatrixTransform">
                        <Matrix>
                          <M11>1</M11>
                          <M12>0</M12>
                          <M21>0</M21>
                          <M22>1</M22>
                          <OffsetX>0</OffsetX>
                          <OffsetY>0</OffsetY>
                        </Matrix>
                      </RelativeTransform>
                      <Color>
                        <A>255</A>
                        <R>0</R>
                        <G>0</G>
                        <B>0</B>
                        <ScA>1</ScA>
                        <ScR>0</ScR>
                        <ScG>0</ScG>
                        <ScB>0</ScB>
                      </Color>
                    </Brush>
                    <X>0</X>
                    <Y>0</Y>
                    <Width>21</Width>
                    <Height>7</Height>
                    <Opacity>1</Opacity>
                    <Contain>false</Contain>
                    <Animation>None</Animation>
                    <AnimationSpeed>0</AnimationSpeed>
                    <DynamicProperties>
                      <DynamicPropertiesModel>
                        <LayerProperty>Height</LayerProperty>
                        <PercentageSource>0</PercentageSource>
                        <LayerPropertyType>PercentageOf</LayerPropertyType>
                        <LayerPropertyOptions>Downwards</LayerPropertyOptions>
                      </DynamicPropertiesModel>
                      <DynamicPropertiesModel>
                        <LayerProperty>Width</LayerProperty>
                        <PercentageSource>0</PercentageSource>
                        <LayerPropertyType>PercentageOf</LayerPropertyType>
                        <LayerPropertyOptions>LeftToRight</LayerPropertyOptions>
                      </DynamicPropertiesModel>
                      <DynamicPropertiesModel>
                        <LayerProperty>Opacity</LayerProperty>
                        <PercentageSource>0</PercentageSource>
                        <LayerPropertyType>PercentageOf</LayerPropertyType>
                        <LayerPropertyOptions>Increase</LayerPropertyOptions>
                      </DynamicPropertiesModel>
                    </DynamicProperties>
                  </Properties>
                  <Children />
                </LayerModel>
                <LayerModel>
                  <Name>Stunned</Name>
                  <Order>1</Order>
                  <LayerType>Keyboard</LayerType>
                  <Enabled>true</Enabled>
                  <Expanded>false</Expanded>
                  <Properties xsi:type="KeyboardPropertiesModel">
                    <Conditions>
                      <LayerConditionModel>
                        <Field>hero.stunned</Field>
                        <Operator>==</Operator>
                        <Type>Boolean</Type>
                      </LayerConditionModel>
                    </Conditions>
                    <Brush xsi:type="SolidColorBrush">
                      <Opacity>1</Opacity>
                      <Transform xsi:type="MatrixTransform">
                        <Matrix>
                          <M11>1</M11>
                          <M12>0</M12>
                          <M21>0</M21>
                          <M22>1</M22>
                          <OffsetX>0</OffsetX>
                          <OffsetY>0</OffsetY>
                        </Matrix>
                      </Transform>
                      <RelativeTransform xsi:type="MatrixTransform">
                        <Matrix>
                          <M11>1</M11>
                          <M12>0</M12>
                          <M21>0</M21>
                          <M22>1</M22>
                          <OffsetX>0</OffsetX>
                          <OffsetY>0</OffsetY>
                        </Matrix>
                      </RelativeTransform>
                      <Color>
                        <A>255</A>
                        <R>0</R>
                        <G>0</G>
                        <B>0</B>
                        <ScA>1</ScA>
                        <ScR>0</ScR>
                        <ScG>0</ScG>
                        <ScB>0</ScB>
                      </Color>
                    </Brush>
                    <X>0</X>
                    <Y>0</Y>
                    <Width>21</Width>
                    <Height>7</Height>
                    <Opacity>1</Opacity>
                    <Contain>false</Contain>
                    <Animation>None</Animation>
                    <AnimationSpeed>0</AnimationSpeed>
                    <DynamicProperties>
                      <DynamicPropertiesModel>
                        <LayerProperty>Height</LayerProperty>
                        <PercentageSource>0</PercentageSource>
                        <LayerPropertyType>PercentageOf</LayerPropertyType>
                        <LayerPropertyOptions>Downwards</LayerPropertyOptions>
                      </DynamicPropertiesModel>
                      <DynamicPropertiesModel>
                        <LayerProperty>Width</LayerProperty>
                        <PercentageSource>0</PercentageSource>
                        <LayerPropertyType>PercentageOf</LayerPropertyType>
                        <LayerPropertyOptions>LeftToRight</LayerPropertyOptions>
                      </DynamicPropertiesModel>
                      <DynamicPropertiesModel>
                        <LayerProperty>Opacity</LayerProperty>
                        <PercentageSource>0</PercentageSource>
                        <LayerPropertyType>PercentageOf</LayerPropertyType>
                        <LayerPropertyOptions>Increase</LayerPropertyOptions>
                      </DynamicPropertiesModel>
                    </DynamicProperties>
                  </Properties>
                  <Children />
                </LayerModel>
                <LayerModel>
                  <Name>Hexed</Name>
                  <Order>2</Order>
                  <LayerType>Keyboard</LayerType>
                  <Enabled>true</Enabled>
                  <Expanded>false</Expanded>
                  <Properties xsi:type="KeyboardPropertiesModel">
                    <Conditions>
                      <LayerConditionModel>
                        <Field>hero.hexed</Field>
                        <Value>True</Value>
                        <Operator>==</Operator>
                        <Type>Boolean</Type>
                      </LayerConditionModel>
                    </Conditions>
                    <Brush xsi:type="SolidColorBrush">
                      <Opacity>1</Opacity>
                      <Transform xsi:type="MatrixTransform">
                        <Matrix>
                          <M11>1</M11>
                          <M12>0</M12>
                          <M21>0</M21>
                          <M22>1</M22>
                          <OffsetX>0</OffsetX>
                          <OffsetY>0</OffsetY>
                        </Matrix>
                      </Transform>
                      <RelativeTransform xsi:type="MatrixTransform">
                        <Matrix>
                          <M11>1</M11>
                          <M12>0</M12>
                          <M21>0</M21>
                          <M22>1</M22>
                          <OffsetX>0</OffsetX>
                          <OffsetY>0</OffsetY>
                        </Matrix>
                      </RelativeTransform>
                      <Color>
                        <A>255</A>
                        <R>0</R>
                        <G>0</G>
                        <B>0</B>
                        <ScA>1</ScA>
                        <ScR>0</ScR>
                        <ScG>0</ScG>
                        <ScB>0</ScB>
                      </Color>
                    </Brush>
                    <X>0</X>
                    <Y>0</Y>
                    <Width>21</Width>
                    <Height>7</Height>
                    <Opacity>1</Opacity>
                    <Contain>false</Contain>
                    <Animation>None</Animation>
                    <AnimationSpeed>0</AnimationSpeed>
                    <DynamicProperties>
                      <DynamicPropertiesModel>
                        <LayerProperty>Height</LayerProperty>
                        <PercentageSource>0</PercentageSource>
                        <LayerPropertyType>PercentageOf</LayerPropertyType>
                        <LayerPropertyOptions>Downwards</LayerPropertyOptions>
                      </DynamicPropertiesModel>
                      <DynamicPropertiesModel>
                        <LayerProperty>Width</LayerProperty>
                        <PercentageSource>0</PercentageSource>
                        <LayerPropertyType>PercentageOf</LayerPropertyType>
                        <LayerPropertyOptions>LeftToRight</LayerPropertyOptions>
                      </DynamicPropertiesModel>
                      <DynamicPropertiesModel>
                        <LayerProperty>Opacity</LayerProperty>
                        <PercentageSource>0</PercentageSource>
                        <LayerPropertyType>PercentageOf</LayerPropertyType>
                        <LayerPropertyOptions>Increase</LayerPropertyOptions>
                      </DynamicPropertiesModel>
                    </DynamicProperties>
                  </Properties>
                  <Children />
                </LayerModel>
                <LayerModel>
                  <Name>Disarmed</Name>
                  <Order>3</Order>
                  <LayerType>Keyboard</LayerType>
                  <Enabled>true</Enabled>
                  <Expanded>false</Expanded>
                  <Properties xsi:type="KeyboardPropertiesModel">
                    <Conditions>
                      <LayerConditionModel>
                        <Field>hero.disarmed</Field>
                        <Value>True</Value>
                        <Operator>==</Operator>
                        <Type>Boolean</Type>
                      </LayerConditionModel>
                    </Conditions>
                    <Brush xsi:type="SolidColorBrush">
                      <Opacity>1</Opacity>
                      <Transform xsi:type="MatrixTransform">
                        <Matrix>
                          <M11>1</M11>
                          <M12>0</M12>
                          <M21>0</M21>
                          <M22>1</M22>
                          <OffsetX>0</OffsetX>
                          <OffsetY>0</OffsetY>
                        </Matrix>
                      </Transform>
                      <RelativeTransform xsi:type="MatrixTransform">
                        <Matrix>
                          <M11>1</M11>
                          <M12>0</M12>
                          <M21>0</M21>
                          <M22>1</M22>
                          <OffsetX>0</OffsetX>
                          <OffsetY>0</OffsetY>
                        </Matrix>
                      </RelativeTransform>
                      <Color>
                        <A>255</A>
                        <R>0</R>
                        <G>0</G>
                        <B>0</B>
                        <ScA>1</ScA>
                        <ScR>0</ScR>
                        <ScG>0</ScG>
                        <ScB>0</ScB>
                      </Color>
                    </Brush>
                    <X>0</X>
                    <Y>0</Y>
                    <Width>21</Width>
                    <Height>7</Height>
                    <Opacity>1</Opacity>
                    <Contain>false</Contain>
                    <Animation>None</Animation>
                    <AnimationSpeed>0</AnimationSpeed>
                    <DynamicProperties>
                      <DynamicPropertiesModel>
                        <LayerProperty>Height</LayerProperty>
                        <PercentageSource>0</PercentageSource>
                        <LayerPropertyType>PercentageOf</LayerPropertyType>
                        <LayerPropertyOptions>Downwards</LayerPropertyOptions>
                      </DynamicPropertiesModel>
                      <DynamicPropertiesModel>
                        <LayerProperty>Width</LayerProperty>
                        <PercentageSource>0</PercentageSource>
                        <LayerPropertyType>PercentageOf</LayerPropertyType>
                        <LayerPropertyOptions>LeftToRight</LayerPropertyOptions>
                      </DynamicPropertiesModel>
                      <DynamicPropertiesModel>
                        <LayerProperty>Opacity</LayerProperty>
                        <PercentageSource>0</PercentageSource>
                        <LayerPropertyType>PercentageOf</LayerPropertyType>
                        <LayerPropertyOptions>Increase</LayerPropertyOptions>
                      </DynamicPropertiesModel>
                    </DynamicProperties>
                  </Properties>
                  <Children />
                </LayerModel>
                <LayerModel>
                  <Name>Muted</Name>
                  <Order>4</Order>
                  <LayerType>Keyboard</LayerType>
                  <Enabled>true</Enabled>
                  <Expanded>false</Expanded>
                  <Properties xsi:type="KeyboardPropertiesModel">
                    <Conditions>
                      <LayerConditionModel>
                        <Field>hero.muted</Field>
                        <Value>True</Value>
                        <Operator>==</Operator>
                        <Type>Boolean</Type>
                      </LayerConditionModel>
                    </Conditions>
                    <Brush xsi:type="SolidColorBrush">
                      <Opacity>1</Opacity>
                      <Transform xsi:type="MatrixTransform">
                        <Matrix>
                          <M11>1</M11>
                          <M12>0</M12>
                          <M21>0</M21>
                          <M22>1</M22>
                          <OffsetX>0</OffsetX>
                          <OffsetY>0</OffsetY>
                        </Matrix>
                      </Transform>
                      <RelativeTransform xsi:type="MatrixTransform">
                        <Matrix>
                          <M11>1</M11>
                          <M12>0</M12>
                          <M21>0</M21>
                          <M22>1</M22>
                          <OffsetX>0</OffsetX>
                          <OffsetY>0</OffsetY>
                        </Matrix>
                      </RelativeTransform>
                      <Color>
                        <A>255</A>
                        <R>0</R>
                        <G>0</G>
                        <B>0</B>
                        <ScA>1</ScA>
                        <ScR>0</ScR>
                        <ScG>0</ScG>
                        <ScB>0</ScB>
                      </Color>
                    </Brush>
                    <X>0</X>
                    <Y>0</Y>
                    <Width>21</Width>
                    <Height>7</Height>
                    <Opacity>1</Opacity>
                    <Contain>false</Contain>
                    <Animation>None</Animation>
                    <AnimationSpeed>0</AnimationSpeed>
                    <DynamicProperties>
                      <DynamicPropertiesModel>
                        <LayerProperty>Height</LayerProperty>
                        <PercentageSource>0</PercentageSource>
                        <LayerPropertyType>PercentageOf</LayerPropertyType>
                        <LayerPropertyOptions>Downwards</LayerPropertyOptions>
                      </DynamicPropertiesModel>
                      <DynamicPropertiesModel>
                        <LayerProperty>Width</LayerProperty>
                        <PercentageSource>0</PercentageSource>
                        <LayerPropertyType>PercentageOf</LayerPropertyType>
                        <LayerPropertyOptions>LeftToRight</LayerPropertyOptions>
                      </DynamicPropertiesModel>
                      <DynamicPropertiesModel>
                        <LayerProperty>Opacity</LayerProperty>
                        <PercentageSource>0</PercentageSource>
                        <LayerPropertyType>PercentageOf</LayerPropertyType>
                        <LayerPropertyOptions>Increase</LayerPropertyOptions>
                      </DynamicPropertiesModel>
                    </DynamicProperties>
                  </Properties>
                  <Children />
                </LayerModel>
              </Children>
            </LayerModel>
          </Children>
        </LayerModel>
      </Children>
    </LayerModel>
    <LayerModel>
      <Name>Hero Dead</Name>
      <Order>1</Order>
      <LayerType>Keyboard</LayerType>
      <Enabled>true</Enabled>
      <Expanded>false</Expanded>
      <Properties xsi:type="KeyboardPropertiesModel">
        <Conditions>
          <LayerConditionModel>
            <Field>hero.alive</Field>
            <Value>False</Value>
            <Operator>==</Operator>
            <Type>Boolean</Type>
          </LayerConditionModel>
        </Conditions>
        <Brush xsi:type="SolidColorBrush">
          <Opacity>1</Opacity>
          <Transform xsi:type="MatrixTransform">
            <Matrix>
              <M11>1</M11>
              <M12>0</M12>
              <M21>0</M21>
              <M22>1</M22>
              <OffsetX>0</OffsetX>
              <OffsetY>0</OffsetY>
            </Matrix>
          </Transform>
          <RelativeTransform xsi:type="MatrixTransform">
            <Matrix>
              <M11>1</M11>
              <M12>0</M12>
              <M21>0</M21>
              <M22>1</M22>
              <OffsetX>0</OffsetX>
              <OffsetY>0</OffsetY>
            </Matrix>
          </RelativeTransform>
          <Color>
            <A>255</A>
            <R>91</R>
            <G>91</G>
            <B>91</B>
            <ScA>1</ScA>
            <ScR>0.104616493</ScR>
            <ScG>0.104616493</ScG>
            <ScB>0.104616493</ScB>
          </Color>
        </Brush>
        <X>0</X>
        <Y>0</Y>
        <Width>21</Width>
        <Height>7</Height>
        <Opacity>1</Opacity>
        <Contain>false</Contain>
        <Animation>Pulse</Animation>
        <AnimationSpeed>0.05</AnimationSpeed>
        <DynamicProperties>
          <DynamicPropertiesModel>
            <LayerProperty>Height</LayerProperty>
            <PercentageSource>0</PercentageSource>
            <LayerPropertyType>PercentageOf</LayerPropertyType>
            <LayerPropertyOptions>Downwards</LayerPropertyOptions>
          </DynamicPropertiesModel>
          <DynamicPropertiesModel>
            <LayerProperty>Width</LayerProperty>
            <PercentageSource>0</PercentageSource>
            <LayerPropertyType>PercentageOf</LayerPropertyType>
            <LayerPropertyOptions>LeftToRight</LayerPropertyOptions>
          </DynamicPropertiesModel>
          <DynamicPropertiesModel>
            <LayerProperty>Opacity</LayerProperty>
            <PercentageSource>0</PercentageSource>
            <LayerPropertyType>PercentageOf</LayerPropertyType>
            <LayerPropertyOptions>Increase</LayerPropertyOptions>
          </DynamicPropertiesModel>
        </DynamicProperties>
      </Properties>
      <Children />
    </LayerModel>
    <LayerModel>
      <Name>Background</Name>
      <Order>2</Order>
      <LayerType>Keyboard</LayerType>
      <Enabled>true</Enabled>
      <Expanded>false</Expanded>
      <Properties xsi:type="KeyboardPropertiesModel">
        <Conditions>
          <LayerConditionModel>
            <Field>hero.alive</Field>
            <Value>True</Value>
            <Operator>==</Operator>
            <Type>Boolean</Type>
          </LayerConditionModel>
        </Conditions>
        <Brush xsi:type="SolidColorBrush">
          <Opacity>1</Opacity>
          <Transform xsi:type="MatrixTransform">
            <Matrix>
              <M11>1</M11>
              <M12>0</M12>
              <M21>0</M21>
              <M22>1</M22>
              <OffsetX>0</OffsetX>
              <OffsetY>0</OffsetY>
            </Matrix>
          </Transform>
          <RelativeTransform xsi:type="MatrixTransform">
            <Matrix>
              <M11>1</M11>
              <M12>0</M12>
              <M21>0</M21>
              <M22>1</M22>
              <OffsetX>0</OffsetX>
              <OffsetY>0</OffsetY>
            </Matrix>
          </RelativeTransform>
          <Color>
            <A>161</A>
            <R>255</R>
            <G>0</G>
            <B>0</B>
            <ScA>0.6313726</ScA>
            <ScR>1</ScR>
            <ScG>0</ScG>
            <ScB>0</ScB>
          </Color>
        </Brush>
        <X>0</X>
        <Y>0</Y>
        <Width>21</Width>
        <Height>7</Height>
        <Opacity>1</Opacity>
        <Contain>false</Contain>
        <Animation>None</Animation>
        <AnimationSpeed>0</AnimationSpeed>
        <DynamicProperties>
          <DynamicPropertiesModel>
            <LayerProperty>Height</LayerProperty>
            <PercentageSource>0</PercentageSource>
            <LayerPropertyType>PercentageOf</LayerPropertyType>
            <LayerPropertyOptions>Downwards</LayerPropertyOptions>
          </DynamicPropertiesModel>
          <DynamicPropertiesModel>
            <LayerProperty>Width</LayerProperty>
            <PercentageSource>0</PercentageSource>
            <LayerPropertyType>PercentageOf</LayerPropertyType>
            <LayerPropertyOptions>LeftToRight</LayerPropertyOptions>
          </DynamicPropertiesModel>
          <DynamicPropertiesModel>
            <LayerProperty>Opacity</LayerProperty>
            <PercentageSource>0</PercentageSource>
            <LayerPropertyType>PercentageOf</LayerPropertyType>
            <LayerPropertyOptions>Increase</LayerPropertyOptions>
          </DynamicPropertiesModel>
        </DynamicProperties>
      </Properties>
      <Children />
    </LayerModel>
  </Layers>
  <Name>Default</Name>
  <IsDefault>true</IsDefault>
  <KeyboardSlug>corsair-k70-rgb</KeyboardSlug>
  <GameName>Dota2</GameName>
</ProfileModel>