{
  "Layers": [
    {
      "LayerType": {
        "$type": "Artemis.Profiles.Layers.Types.Folder.FolderType, Artemis"
      },
      "LayerCondition": {
        "$type": "Artemis.Profiles.Layers.Conditions.DataModelCondition, Artemis"
      },
      "LayerAnimation": null,
      "Name": "Controls",
      "Order": 0,
      "Enabled": true,
      "RenderAllowed": true,
      "Expanded": false,
      "IsEvent": false,
      "FadeInTime": 0.0,
      "FadeOutTime": 0.0,
      "Properties": {
        "$type": "Artemis.Profiles.Layers.Models.SimplePropertiesModel, Artemis",
        "X": 0.0,
        "Y": 0.0,
        "Width": 1.0,
        "Height": 1.0,
        "Contain": false,
        "AnimationSpeed": 0.0,
        "OpacityEaseTime": 0.0,
        "HeightEaseTime": 0.0,
        "WidthEaseTime": 0.0,
        "WidthEase": null,
        "HeightEase": null,
        "OpacityEase": null,
        "ConditionType": 0,
        "Conditions": [
          {
            "Field": "Status",
            "Value": "InGame",
            "Operator": "==",
            "Type": "Enum",
            "HotKey": null
          }
        ],
        "LayerKeybindModels": [],
        "DynamicProperties": [],
        "Brush": {
          "SolidColorBrush": {
            "@xmlns": "http://schemas.microsoft.com/winfx/2006/xaml/presentation",
            "#text": "#FFFFEF00"
          }
        }
      },
      "EventProperties": null,
      "Children": [
        {
          "LayerType": {
            "$type": "Artemis.Profiles.Layers.Types.Folder.FolderType, Artemis"
          },
          "LayerCondition": {
            "$type": "Artemis.Profiles.Layers.Conditions.DataModelCondition, Artemis"
          },
          "LayerAnimation": null,
          "Name": "Static",
          "Order": 0,
          "Enabled": true,
          "RenderAllowed": true,
          "Expanded": false,
          "IsEvent": false,
          "FadeInTime": 0.0,
          "FadeOutTime": 0.0,
          "Properties": {
            "$type": "Artemis.Profiles.Layers.Models.SimplePropertiesModel, Artemis",
            "X": 0.0,
            "Y": 0.0,
            "Width": 1.0,
            "Height": 1.0,
            "Contain": false,
            "AnimationSpeed": 0.0,
            "OpacityEaseTime": 0.0,
            "HeightEaseTime": 0.0,
            "WidthEaseTime": 0.0,
            "WidthEase": null,
            "HeightEase": null,
            "OpacityEase": null,
            "ConditionType": 0,
            "Conditions": [],
            "LayerKeybindModels": [],
            "DynamicProperties": [],
            "Brush": {
              "SolidColorBrush": {
                "@xmlns": "http://schemas.microsoft.com/winfx/2006/xaml/presentation",
                "#text": "#FF00FF65"
              }
            }
          },
          "EventProperties": null,
          "Children": [
            {
              "LayerType": {
                "$type": "Artemis.Profiles.Layers.Types.Keyboard.KeyboardType, Artemis"
              },
              "LayerCondition": {
                "$type": "Artemis.Profiles.Layers.Conditions.DataModelCondition, Artemis"
              },
              "LayerAnimation": {
                "$type": "Artemis.Profiles.Layers.Animations.NoneAnimation, Artemis"
              },
              "Name": "ASD",
              "Order": 1,
              "Enabled": true,
              "RenderAllowed": true,
              "Expanded": false,
              "IsEvent": false,
              "FadeInTime": 0.0,
              "FadeOutTime": 0.0,
              "Properties": {
                "$type": "Artemis.Profiles.Layers.Types.Keyboard.KeyboardPropertiesModel, Artemis",
                "GifFile": null,
                "X": 5.0,
                "Y": 4.0,
                "Width": 3.0,
                "Height": 1.0,
                "Contain": false,
                "AnimationSpeed": 0.0,
                "OpacityEaseTime": 0.0,
                "HeightEaseTime": 0.0,
                "WidthEaseTime": 0.0,
                "WidthEase": null,
                "HeightEase": null,
                "OpacityEase": null,
                "ConditionType": 0,
                "Conditions": [],
                "LayerKeybindModels": [],
                "DynamicProperties": [],
                "Brush": {
                  "SolidColorBrush": {
                    "@xmlns": "http://schemas.microsoft.com/winfx/2006/xaml/presentation",
                    "#text": "#FFFF6900"
                  }
                }
              },
              "EventProperties": null,
              "Children": []
            },
            {
              "LayerType": {
                "$type": "Artemis.Profiles.Layers.Types.Keyboard.KeyboardType, Artemis"
              },
              "LayerCondition": {
                "$type": "Artemis.Profiles.Layers.Conditions.DataModelCondition, Artemis"
              },
              "LayerAnimation": {
                "$type": "Artemis.Profiles.Layers.Animations.NoneAnimation, Artemis"
              },
              "Name": "W",
              "Order": 0,
              "Enabled": true,
              "RenderAllowed": true,
              "Expanded": false,
              "IsEvent": false,
              "FadeInTime": 0.0,
              "FadeOutTime": 0.0,
              "Properties": {
                "$type": "Artemis.Profiles.Layers.Types.Keyboard.KeyboardPropertiesModel, Artemis",
                "GifFile": null,
                "X": 5.0,
                "Y": 3.0,
                "Width": 1.0,
                "Height": 1.0,
                "Contain": false,
                "AnimationSpeed": 0.0,
                "OpacityEaseTime": 0.0,
                "HeightEaseTime": 0.0,
                "WidthEaseTime": 0.0,
                "WidthEase": null,
                "HeightEase": null,
                "OpacityEase": null,
                "ConditionType": 0,
                "Conditions": [],
                "LayerKeybindModels": [],
                "DynamicProperties": [],
                "Brush": {
                  "SolidColorBrush": {
                    "@xmlns": "http://schemas.microsoft.com/winfx/2006/xaml/presentation",
                    "#text": "#FFFF6900"
                  }
                }
              },
              "EventProperties": null,
              "Children": []
            }
          ]
        },
        {
          "LayerType": {
            "$type": "Artemis.Profiles.Layers.Types.Folder.FolderType, Artemis"
          },
          "LayerCondition": {
            "$type": "Artemis.Profiles.Layers.Conditions.DataModelCondition, Artemis"
          },
          "LayerAnimation": null,
          "Name": "Dynamic",
          "Order": 1,
          "Enabled": true,
          "RenderAllowed": true,
          "Expanded": false,
          "IsEvent": false,
          "FadeInTime": 0.0,
          "FadeOutTime": 0.0,
          "Properties": {
            "$type": "Artemis.Profiles.Layers.Models.SimplePropertiesModel, Artemis",
            "X": 0.0,
            "Y": 0.0,
            "Width": 1.0,
            "Height": 1.0,
            "Contain": false,
            "AnimationSpeed": 0.0,
            "OpacityEaseTime": 0.0,
            "HeightEaseTime": 0.0,
            "WidthEaseTime": 0.0,
            "WidthEase": null,
            "HeightEase": null,
            "OpacityEase": null,
            "ConditionType": 0,
            "Conditions": [],
            "LayerKeybindModels": [],
            "DynamicProperties": [],
            "Brush": {
              "SolidColorBrush": {
                "@xmlns": "http://schemas.microsoft.com/winfx/2006/xaml/presentation",
                "#text": "#FF00C1FF"
              }
            }
          },
          "EventProperties": null,
          "Children": [
            {
              "LayerType": {
                "$type": "Artemis.Profiles.Layers.Types.Keyboard.KeyboardType, Artemis"
              },
              "LayerCondition": {
                "$type": "Artemis.Profiles.Layers.Conditions.DataModelCondition, Artemis"
              },
              "LayerAnimation": {
                "$type": "Artemis.Profiles.Layers.Animations.NoneAnimation, Artemis"
              },
              "Name": "Ability 1",
              "Order": 0,
              "Enabled": true,
              "RenderAllowed": true,
              "Expanded": false,
              "IsEvent": false,
              "FadeInTime": 0.0,
              "FadeOutTime": 0.0,
              "Properties": {
                "$type": "Artemis.Profiles.Layers.Types.Keyboard.KeyboardPropertiesModel, Artemis",
                "GifFile": null,
                "X": 3.0,
                "Y": 5.0,
                "Width": 1.0,
                "Height": 1.0,
                "Contain": false,
                "AnimationSpeed": 0.0,
                "OpacityEaseTime": 0.0,
                "HeightEaseTime": 0.0,
                "WidthEaseTime": 0.0,
                "WidthEase": null,
                "HeightEase": null,
                "OpacityEase": null,
                "ConditionType": 0,
                "Conditions": [
                  {
                    "Field": "Ability1Ready",
                    "Value": "True",
                    "Operator": "==",
                    "Type": "Boolean",
                    "HotKey": null
                  }
                ],
                "LayerKeybindModels": [],
                "DynamicProperties": [],
                "Brush": {
                  "SolidColorBrush": {
                    "@xmlns": "http://schemas.microsoft.com/winfx/2006/xaml/presentation",
                    "#text": "#FF00A0FF"
                  }
                }
              },
              "EventProperties": null,
              "Children": []
            },
            {
              "LayerType": {
                "$type": "Artemis.Profiles.Layers.Types.Keyboard.KeyboardType, Artemis"
              },
              "LayerCondition": {
                "$type": "Artemis.Profiles.Layers.Conditions.DataModelCondition, Artemis"
              },
              "LayerAnimation": {
                "$type": "Artemis.Profiles.Layers.Animations.NoneAnimation, Artemis"
              },
              "Name": "Ability 1 background",
              "Order": 1,
              "Enabled": true,
              "RenderAllowed": true,
              "Expanded": false,
              "IsEvent": false,
              "FadeInTime": 0.0,
              "FadeOutTime": 0.0,
              "Properties": {
                "$type": "Artemis.Profiles.Layers.Types.Keyboard.KeyboardPropertiesModel, Artemis",
                "GifFile": null,
                "X": 3.0,
                "Y": 5.0,
                "Width": 1.0,
                "Height": 1.0,
                "Contain": false,
                "AnimationSpeed": 0.0,
                "OpacityEaseTime": 0.0,
                "HeightEaseTime": 0.0,
                "WidthEaseTime": 0.0,
                "WidthEase": null,
                "HeightEase": null,
                "OpacityEase": null,
                "ConditionType": 0,
                "Conditions": [
                  {
                    "Field": "Ability1Ready",
                    "Value": "True",
                    "Operator": "==",
                    "Type": "Boolean",
                    "HotKey": null
                  }
                ],
                "LayerKeybindModels": [],
                "DynamicProperties": [],
                "Brush": {
                  "SolidColorBrush": {
                    "@xmlns": "http://schemas.microsoft.com/winfx/2006/xaml/presentation",
                    "#text": "#FF000000"
                  }
                }
              },
              "EventProperties": null,
              "Children": []
            },
            {
              "LayerType": {
                "$type": "Artemis.Profiles.Layers.Types.Keyboard.KeyboardType, Artemis"
              },
              "LayerCondition": {
                "$type": "Artemis.Profiles.Layers.Conditions.DataModelCondition, Artemis"
              },
              "LayerAnimation": {
                "$type": "Artemis.Profiles.Layers.Animations.NoneAnimation, Artemis"
              },
              "Name": "Ability 2",
              "Order": 2,
              "Enabled": true,
              "RenderAllowed": true,
              "Expanded": false,
              "IsEvent": false,
              "FadeInTime": 0.0,
              "FadeOutTime": 0.0,
              "Properties": {
                "$type": "Artemis.Profiles.Layers.Types.Keyboard.KeyboardPropertiesModel, Artemis",
                "GifFile": null,
                "X": 6.0,
                "Y": 3.0,
                "Width": 1.0,
                "Height": 1.0,
                "Contain": false,
                "AnimationSpeed": 0.0,
                "OpacityEaseTime": 0.0,
                "HeightEaseTime": 0.0,
                "WidthEaseTime": 0.0,
                "WidthEase": null,
                "HeightEase": null,
                "OpacityEase": null,
                "ConditionType": 0,
                "Conditions": [
                  {
                    "Field": "Ability2Ready",
                    "Value": "True",
                    "Operator": "==",
                    "Type": "Boolean",
                    "HotKey": null
                  }
                ],
                "LayerKeybindModels": [],
                "DynamicProperties": [],
                "Brush": {
                  "SolidColorBrush": {
                    "@xmlns": "http://schemas.microsoft.com/winfx/2006/xaml/presentation",
                    "#text": "#FF00A0FF"
                  }
                }
              },
              "EventProperties": null,
              "Children": []
            },
            {
              "LayerType": {
                "$type": "Artemis.Profiles.Layers.Types.Keyboard.KeyboardType, Artemis"
              },
              "LayerCondition": {
                "$type": "Artemis.Profiles.Layers.Conditions.DataModelCondition, Artemis"
              },
              "LayerAnimation": {
                "$type": "Artemis.Profiles.Layers.Animations.NoneAnimation, Artemis"
              },
              "Name": "Ability 2 background",
              "Order": 3,
              "Enabled": true,
              "RenderAllowed": true,
              "Expanded": false,
              "IsEvent": false,
              "FadeInTime": 0.0,
              "FadeOutTime": 0.0,
              "Properties": {
                "$type": "Artemis.Profiles.Layers.Types.Keyboard.KeyboardPropertiesModel, Artemis",
                "GifFile": null,
                "X": 6.0,
                "Y": 3.0,
                "Width": 1.0,
                "Height": 1.0,
                "Contain": false,
                "AnimationSpeed": 0.0,
                "OpacityEaseTime": 0.0,
                "HeightEaseTime": 0.0,
                "WidthEaseTime": 0.0,
                "WidthEase": null,
                "HeightEase": null,
                "OpacityEase": null,
                "ConditionType": 0,
                "Conditions": [
                  {
                    "Field": "Ability1Ready",
                    "Value": "True",
                    "Operator": "==",
                    "Type": "Boolean",
                    "HotKey": null
                  }
                ],
                "LayerKeybindModels": [],
                "DynamicProperties": [],
                "Brush": {
                  "SolidColorBrush": {
                    "@xmlns": "http://schemas.microsoft.com/winfx/2006/xaml/presentation",
                    "#text": "#FF000000"
                  }
                }
              },
              "EventProperties": null,
              "Children": []
            },
            {
              "LayerType": {
                "$type": "Artemis.Profiles.Layers.Types.Keyboard.KeyboardType, Artemis"
              },
              "LayerCondition": {
                "$type": "Artemis.Profiles.Layers.Conditions.DataModelCondition, Artemis"
              },
              "LayerAnimation": {
                "$type": "Artemis.Profiles.Layers.Animations.PulseAnimation, Artemis"
              },
              "Name": "Ultimate",
              "Order": 4,
              "Enabled": true,
              "RenderAllowed": true,
              "Expanded": false,
              "IsEvent": false,
              "FadeInTime": 0.0,
              "FadeOutTime": 0.0,
              "Properties": {
                "$type": "Artemis.Profiles.Layers.Types.Keyboard.KeyboardPropertiesModel, Artemis",
                "GifFile": null,
                "X": 4.0,
                "Y": 3.0,
                "Width": 1.0,
                "Height": 1.0,
                "Contain": false,
                "AnimationSpeed": 0.2,
                "OpacityEaseTime": 0.0,
                "HeightEaseTime": 0.0,
                "WidthEaseTime": 0.0,
                "WidthEase": null,
                "HeightEase": null,
                "OpacityEase": null,
                "ConditionType": 0,
                "Conditions": [
                  {
                    "Field": "UltimateReady",
                    "Value": "True",
                    "Operator": "==",
                    "Type": "Boolean",
                    "HotKey": null
                  }
                ],
                "LayerKeybindModels": [],
                "DynamicProperties": [],
                "Brush": {
                  "SolidColorBrush": {
                    "@xmlns": "http://schemas.microsoft.com/winfx/2006/xaml/presentation",
                    "#text": "#FF00A0FF"
                  }
                }
              },
              "EventProperties": null,
              "Children": []
            },
            {
              "LayerType": {
                "$type": "Artemis.Profiles.Layers.Types.Keyboard.KeyboardType, Artemis"
              },
              "LayerCondition": {
                "$type": "Artemis.Profiles.Layers.Conditions.DataModelCondition, Artemis"
              },
              "LayerAnimation": {
                "$type": "Artemis.Profiles.Layers.Animations.NoneAnimation, Artemis"
              },
              "Name": "Ultimate background",
              "Order": 5,
              "Enabled": true,
              "RenderAllowed": true,
              "Expanded": false,
              "IsEvent": false,
              "FadeInTime": 0.0,
              "FadeOutTime": 0.0,
              "Properties": {
                "$type": "Artemis.Profiles.Layers.Types.Keyboard.KeyboardPropertiesModel, Artemis",
                "GifFile": null,
                "X": 4.0,
                "Y": 3.0,
                "Width": 1.0,
                "Height": 1.0,
                "Contain": false,
                "AnimationSpeed": 0.0,
                "OpacityEaseTime": 0.0,
                "HeightEaseTime": 0.0,
                "WidthEaseTime": 0.0,
                "WidthEase": null,
                "HeightEase": null,
                "OpacityEase": null,
                "ConditionType": 0,
                "Conditions": [],
                "LayerKeybindModels": [],
                "DynamicProperties": [],
                "Brush": {
                  "SolidColorBrush": {
                    "@xmlns": "http://schemas.microsoft.com/winfx/2006/xaml/presentation",
                    "#text": "#FF000000"
                  }
                }
              },
              "EventProperties": null,
              "Children": []
            }
          ]
        }
      ]
    },
    {
      "LayerType": {
        "$type": "Artemis.Profiles.Layers.Types.Folder.FolderType, Artemis"
      },
      "LayerCondition": {
        "$type": "Artemis.Profiles.Layers.Conditions.DataModelCondition, Artemis"
      },
      "LayerAnimation": null,
      "Name": "Background",
      "Order": 1,
      "Enabled": true,
      "RenderAllowed": true,
      "Expanded": false,
      "IsEvent": false,
      "FadeInTime": 0.0,
      "FadeOutTime": 0.0,
      "Properties": {
        "$type": "Artemis.Profiles.Layers.Models.SimplePropertiesModel, Artemis",
        "X": 0.0,
        "Y": 0.0,
        "Width": 1.0,
        "Height": 1.0,
        "Contain": false,
        "AnimationSpeed": 0.0,
        "OpacityEaseTime": 0.0,
        "HeightEaseTime": 0.0,
        "WidthEaseTime": 0.0,
        "WidthEase": null,
        "HeightEase": null,
        "OpacityEase": null,
        "ConditionType": 0,
        "Conditions": [
          {
            "Field": "Character",
            "Value": "Genji",
            "Operator": "==",
            "Type": "Enum",
            "HotKey": null
          }
        ],
        "LayerKeybindModels": [],
        "DynamicProperties": [],
        "Brush": {
          "SolidColorBrush": {
            "@xmlns": "http://schemas.microsoft.com/winfx/2006/xaml/presentation",
            "#text": "#FF33FF00"
          }
        }
      },
      "EventProperties": null,
      "Children": [
        {
          "LayerType": {
            "$type": "Artemis.Profiles.Layers.Types.Keyboard.KeyboardType, Artemis"
          },
          "LayerCondition": {
            "$type": "Artemis.Profiles.Layers.Conditions.DataModelCondition, Artemis"
          },
          "LayerAnimation": {
            "$type": "Artemis.Profiles.Layers.Animations.NoneAnimation, Artemis"
          },
          "Name": "Color - keyboard",
          "Order": 0,
          "Enabled": true,
          "RenderAllowed": true,
          "Expanded": false,
          "IsEvent": false,
          "FadeInTime": 0.0,
          "FadeOutTime": 0.0,
          "Properties": {
            "$type": "Artemis.Profiles.Layers.Types.Keyboard.KeyboardPropertiesModel, Artemis",
            "GifFile": null,
            "X": 0.0,
            "Y": 0.0,
            "Width": 25.0,
            "Height": 7.0,
            "Contain": false,
            "AnimationSpeed": 0.0,
            "OpacityEaseTime": 0.0,
            "HeightEaseTime": 0.0,
            "WidthEaseTime": 0.0,
            "WidthEase": null,
            "HeightEase": null,
            "OpacityEase": null,
            "ConditionType": 0,
            "Conditions": [],
            "LayerKeybindModels": [],
            "DynamicProperties": [],
            "Brush": {
              "SolidColorBrush": {
                "@xmlns": "http://schemas.microsoft.com/winfx/2006/xaml/presentation",
                "#text": "#7036FF00"
              }
            }
          },
          "EventProperties": null,
          "Children": []
        },
        {
          "LayerType": {
            "$type": "Artemis.Profiles.Layers.Types.Mouse.MouseType, Artemis"
          },
          "LayerCondition": {
            "$type": "Artemis.Profiles.Layers.Conditions.DataModelCondition, Artemis"
          },
          "LayerAnimation": {
            "$type": "Artemis.Profiles.Layers.Animations.NoneAnimation, Artemis"
          },
          "Name": "Color - mouse",
          "Order": 1,
          "Enabled": true,
          "RenderAllowed": true,
          "Expanded": false,
          "IsEvent": false,
          "FadeInTime": 0.0,
          "FadeOutTime": 0.0,
          "Properties": {
            "$type": "Artemis.Profiles.Layers.Models.SimplePropertiesModel, Artemis",
            "X": 0.0,
            "Y": 0.0,
            "Width": 10.0,
            "Height": 10.0,
            "Contain": true,
            "AnimationSpeed": 0.0,
            "OpacityEaseTime": 0.0,
            "HeightEaseTime": 0.0,
            "WidthEaseTime": 0.0,
            "WidthEase": null,
            "HeightEase": null,
            "OpacityEase": null,
            "ConditionType": 0,
            "Conditions": [],
            "LayerKeybindModels": [],
            "DynamicProperties": [],
            "Brush": {
              "SolidColorBrush": {
                "@xmlns": "http://schemas.microsoft.com/winfx/2006/xaml/presentation",
                "#text": "#7036FF00"
              }
            }
          },
          "EventProperties": null,
          "Children": []
        },
        {
          "LayerType": {
            "$type": "Artemis.Profiles.Layers.Types.Headset.HeadsetType, Artemis"
          },
          "LayerCondition": {
            "$type": "Artemis.Profiles.Layers.Conditions.DataModelCondition, Artemis"
          },
          "LayerAnimation": {
            "$type": "Artemis.Profiles.Layers.Animations.NoneAnimation, Artemis"
          },
          "Name": "Color - headset",
          "Order": 2,
          "Enabled": true,
          "RenderAllowed": true,
          "Expanded": false,
          "IsEvent": false,
          "FadeInTime": 0.0,
          "FadeOutTime": 0.0,
          "Properties": {
            "$type": "Artemis.Profiles.Layers.Models.SimplePropertiesModel, Artemis",
            "X": 0.0,
            "Y": 0.0,
            "Width": 10.0,
            "Height": 10.0,
            "Contain": true,
            "AnimationSpeed": 0.0,
            "OpacityEaseTime": 0.0,
            "HeightEaseTime": 0.0,
            "WidthEaseTime": 0.0,
            "WidthEase": null,
            "HeightEase": null,
            "OpacityEase": null,
            "ConditionType": 0,
            "Conditions": [],
            "LayerKeybindModels": [],
            "DynamicProperties": [],
            "Brush": {
              "SolidColorBrush": {
                "@xmlns": "http://schemas.microsoft.com/winfx/2006/xaml/presentation",
                "#text": "#7036FF00"
              }
            }
          },
          "EventProperties": null,
          "Children": []
        },
        {
          "LayerType": {
            "$type": "Artemis.Profiles.Layers.Types.Generic.GenericType, Artemis"
          },
          "LayerCondition": {
            "$type": "Artemis.Profiles.Layers.Conditions.DataModelCondition, Artemis"
          },
          "LayerAnimation": {
            "$type": "Artemis.Profiles.Layers.Animations.NoneAnimation, Artemis"
          },
          "Name": "Color - generic",
          "Order": 3,
          "Enabled": true,
          "RenderAllowed": true,
          "Expanded": false,
          "IsEvent": false,
          "FadeInTime": 0.0,
          "FadeOutTime": 0.0,
          "Properties": {
            "$type": "Artemis.Profiles.Layers.Models.SimplePropertiesModel, Artemis",
            "X": 0.0,
            "Y": 0.0,
            "Width": 10.0,
            "Height": 10.0,
            "Contain": true,
            "AnimationSpeed": 0.0,
            "OpacityEaseTime": 0.0,
            "HeightEaseTime": 0.0,
            "WidthEaseTime": 0.0,
            "WidthEase": null,
            "HeightEase": null,
            "OpacityEase": null,
            "ConditionType": 0,
            "Conditions": [],
            "LayerKeybindModels": [],
            "DynamicProperties": [],
            "Brush": {
              "SolidColorBrush": {
                "@xmlns": "http://schemas.microsoft.com/winfx/2006/xaml/presentation",
                "#text": "#7036FF00"
              }
            }
          },
          "EventProperties": null,
          "Children": []
        },
        {
          "LayerType": {
            "$type": "Artemis.Profiles.Layers.Types.Mousemat.MousematType, Artemis"
          },
          "LayerCondition": {
            "$type": "Artemis.Profiles.Layers.Conditions.DataModelCondition, Artemis"
          },
          "LayerAnimation": {
            "$type": "Artemis.Profiles.Layers.Animations.NoneAnimation, Artemis"
          },
          "Name": "Color - mousemat",
          "Order": 4,
          "Enabled": true,
          "RenderAllowed": true,
          "Expanded": true,
          "IsEvent": false,
          "FadeInTime": 0.0,
          "FadeOutTime": 0.0,
          "Properties": {
            "$type": "Artemis.Profiles.Layers.Models.SimplePropertiesModel, Artemis",
            "X": 0.0,
            "Y": 0.0,
            "Width": 10.0,
            "Height": 10.0,
            "Contain": true,
            "AnimationSpeed": 0.0,
            "OpacityEaseTime": 0.0,
            "HeightEaseTime": 0.0,
            "WidthEaseTime": 0.0,
            "WidthEase": null,
            "HeightEase": null,
            "OpacityEase": null,
            "ConditionType": 0,
            "Conditions": [],
            "LayerKeybindModels": [],
            "DynamicProperties": [],
            "Brush": {
              "SolidColorBrush": {
                "@xmlns": "http://schemas.microsoft.com/winfx/2006/xaml/presentation",
                "#text": "#7036FF00"
              }
            }
          },
          "EventProperties": null,
          "Children": []
        }
      ]
    },
    {
      "LayerType": {
        "$type": "Artemis.Profiles.Layers.Types.Folder.FolderType, Artemis"
      },
      "LayerCondition": {
        "$type": "Artemis.Profiles.Layers.Conditions.DataModelCondition, Artemis"
      },
      "LayerAnimation": null,
      "Name": "Main menu",
      "Order": 2,
      "Enabled": true,
      "RenderAllowed": true,
      "Expanded": false,
      "IsEvent": false,
      "FadeInTime": 0.0,
      "FadeOutTime": 0.0,
      "Properties": {
        "$type": "Artemis.Profiles.Layers.Models.SimplePropertiesModel, Artemis",
        "X": 0.0,
        "Y": 0.0,
        "Width": 1.0,
        "Height": 1.0,
        "Contain": false,
        "AnimationSpeed": 0.0,
        "OpacityEaseTime": 0.0,
        "HeightEaseTime": 0.0,
        "WidthEaseTime": 0.0,
        "WidthEase": null,
        "HeightEase": null,
        "OpacityEase": null,
        "ConditionType": 0,
        "Conditions": [
          {
            "Field": "Status",
            "Value": "InMainMenu",
            "Operator": "==",
            "Type": "Enum",
            "HotKey": null
          }
        ],
        "LayerKeybindModels": [],
        "DynamicProperties": [],
        "Brush": {
          "SolidColorBrush": {
            "@xmlns": "http://schemas.microsoft.com/winfx/2006/xaml/presentation",
            "#text": "#FF4EFF00"
          }
        }
      },
      "EventProperties": null,
      "Children": [
        {
          "LayerType": {
            "$type": "Artemis.Profiles.Layers.Types.Keyboard.KeyboardType, Artemis"
          },
          "LayerCondition": {
            "$type": "Artemis.Profiles.Layers.Conditions.DataModelCondition, Artemis"
          },
          "LayerAnimation": {
            "$type": "Artemis.Profiles.Layers.Animations.SlideRightAnimation, Artemis"
          },
          "Name": "Keyboard background",
          "Order": 0,
          "Enabled": true,
          "RenderAllowed": true,
          "Expanded": false,
          "IsEvent": false,
          "FadeInTime": 0.0,
          "FadeOutTime": 0.0,
          "Properties": {
            "$type": "Artemis.Profiles.Layers.Types.Keyboard.KeyboardPropertiesModel, Artemis",
            "GifFile": null,
            "X": 0.0,
            "Y": 0.0,
            "Width": 25.0,
            "Height": 7.0,
            "Contain": false,
            "AnimationSpeed": 1.4000000000000001,
            "OpacityEaseTime": 0.0,
            "HeightEaseTime": 0.0,
            "WidthEaseTime": 0.0,
            "WidthEase": null,
            "HeightEase": null,
            "OpacityEase": null,
            "ConditionType": 0,
            "Conditions": [],
            "LayerKeybindModels": [],
            "DynamicProperties": [],
            "Brush": {
              "LinearGradientBrush": {
                "@StartPoint": "0,0",
                "@EndPoint": "1,0",
                "@MappingMode": "RelativeToBoundingBox",
                "@SpreadMethod": "Pad",
                "@Opacity": "1",
                "@xmlns": "http://schemas.microsoft.com/winfx/2006/xaml/presentation",
                "LinearGradientBrush.GradientStops": {
                  "GradientStop": [
                    {
                      "@Color": "#FFFF8D00",
                      "@Offset": "0"
                    },
                    {
                      "@Color": "#FFFF8D00",
                      "@Offset": "1"
                    },
                    {
                      "@Color": "#FFFFCE64",
                      "@Offset": "0.49861008154188291"
                    }
                  ]
                }
              }
            }
          },
          "EventProperties": null,
          "Children": []
        },
        {
          "LayerType": {
            "$type": "Artemis.Profiles.Layers.Types.Mouse.MouseType, Artemis"
          },
          "LayerCondition": {
            "$type": "Artemis.Profiles.Layers.Conditions.DataModelCondition, Artemis"
          },
          "LayerAnimation": {
            "$type": "Artemis.Profiles.Layers.Animations.SlideRightAnimation, Artemis"
          },
          "Name": "Mouse background",
          "Order": 2,
          "Enabled": true,
          "RenderAllowed": true,
          "Expanded": false,
          "IsEvent": false,
          "FadeInTime": 0.0,
          "FadeOutTime": 0.0,
          "Properties": {
            "$type": "Artemis.Profiles.Layers.Models.SimplePropertiesModel, Artemis",
            "X": 0.0,
            "Y": 0.0,
            "Width": 10.0,
            "Height": 10.0,
            "Contain": true,
            "AnimationSpeed": 0.3,
            "OpacityEaseTime": 0.0,
            "HeightEaseTime": 0.0,
            "WidthEaseTime": 0.0,
            "WidthEase": null,
            "HeightEase": null,
            "OpacityEase": null,
            "ConditionType": 0,
            "Conditions": [],
            "LayerKeybindModels": [],
            "DynamicProperties": [],
            "Brush": {
              "LinearGradientBrush": {
                "@StartPoint": "0,0",
                "@EndPoint": "1,0",
                "@MappingMode": "RelativeToBoundingBox",
                "@SpreadMethod": "Pad",
                "@Opacity": "1",
                "@xmlns": "http://schemas.microsoft.com/winfx/2006/xaml/presentation",
                "LinearGradientBrush.GradientStops": {
                  "GradientStop": [
                    {
                      "@Color": "#FFFF8D00",
                      "@Offset": "0"
                    },
                    {
                      "@Color": "#FFFF8D00",
                      "@Offset": "1"
                    },
                    {
                      "@Color": "#FFFFBF37",
                      "@Offset": "0.49861008154188291"
                    }
                  ]
                }
              }
            }
          },
          "EventProperties": null,
          "Children": []
        },
        {
          "LayerType": {
            "$type": "Artemis.Profiles.Layers.Types.Generic.GenericType, Artemis"
          },
          "LayerCondition": {
            "$type": "Artemis.Profiles.Layers.Conditions.DataModelCondition, Artemis"
          },
          "LayerAnimation": {
            "$type": "Artemis.Profiles.Layers.Animations.SlideRightAnimation, Artemis"
          },
          "Name": "Generic background",
          "Order": 3,
          "Enabled": true,
          "RenderAllowed": true,
          "Expanded": false,
          "IsEvent": false,
          "FadeInTime": 0.0,
          "FadeOutTime": 0.0,
          "Properties": {
            "$type": "Artemis.Profiles.Layers.Models.SimplePropertiesModel, Artemis",
            "X": 0.0,
            "Y": 0.0,
            "Width": 10.0,
            "Height": 10.0,
            "Contain": true,
            "AnimationSpeed": 0.3,
            "OpacityEaseTime": 0.0,
            "HeightEaseTime": 0.0,
            "WidthEaseTime": 0.0,
            "WidthEase": null,
            "HeightEase": null,
            "OpacityEase": null,
            "ConditionType": 0,
            "Conditions": [],
            "LayerKeybindModels": [],
            "DynamicProperties": [],
            "Brush": {
              "LinearGradientBrush": {
                "@StartPoint": "0,0",
                "@EndPoint": "1,0",
                "@MappingMode": "RelativeToBoundingBox",
                "@SpreadMethod": "Pad",
                "@Opacity": "1",
                "@xmlns": "http://schemas.microsoft.com/winfx/2006/xaml/presentation",
                "LinearGradientBrush.GradientStops": {
                  "GradientStop": [
                    {
                      "@Color": "#FFFF8D00",
                      "@Offset": "0"
                    },
                    {
                      "@Color": "#FFFF8D00",
                      "@Offset": "1"
                    },
                    {
                      "@Color": "#FFFFBF37",
                      "@Offset": "0.49861008154188291"
                    }
                  ]
                }
              }
            }
          },
          "EventProperties": null,
          "Children": []
        },
        {
          "LayerType": {
            "$type": "Artemis.Profiles.Layers.Types.Headset.HeadsetType, Artemis"
          },
          "LayerCondition": {
            "$type": "Artemis.Profiles.Layers.Conditions.DataModelCondition, Artemis"
          },
          "LayerAnimation": {
            "$type": "Artemis.Profiles.Layers.Animations.SlideRightAnimation, Artemis"
          },
          "Name": "Headset background",
          "Order": 1,
          "Enabled": true,
          "RenderAllowed": true,
          "Expanded": false,
          "IsEvent": false,
          "FadeInTime": 0.0,
          "FadeOutTime": 0.0,
          "Properties": {
            "$type": "Artemis.Profiles.Layers.Models.SimplePropertiesModel, Artemis",
            "X": 0.0,
            "Y": 0.0,
            "Width": 10.0,
            "Height": 10.0,
            "Contain": true,
            "AnimationSpeed": 0.3,
            "OpacityEaseTime": 0.0,
            "HeightEaseTime": 0.0,
            "WidthEaseTime": 0.0,
            "WidthEase": null,
            "HeightEase": null,
            "OpacityEase": null,
            "ConditionType": 0,
            "Conditions": [],
            "LayerKeybindModels": [],
            "DynamicProperties": [],
            "Brush": {
              "LinearGradientBrush": {
                "@StartPoint": "0,0",
                "@EndPoint": "1,0",
                "@MappingMode": "RelativeToBoundingBox",
                "@SpreadMethod": "Pad",
                "@Opacity": "1",
                "@xmlns": "http://schemas.microsoft.com/winfx/2006/xaml/presentation",
                "LinearGradientBrush.GradientStops": {
                  "GradientStop": [
                    {
                      "@Color": "#FFFF8D00",
                      "@Offset": "0"
                    },
                    {
                      "@Color": "#FFFF8D00",
                      "@Offset": "1"
                    },
                    {
                      "@Color": "#FFFFBF37",
                      "@Offset": "0.49861008154188291"
                    }
                  ]
                }
              }
            }
          },
          "EventProperties": null,
          "Children": []
        },
        {
          "LayerType": {
            "$type": "Artemis.Profiles.Layers.Types.Mousemat.MousematType, Artemis"
          },
          "LayerCondition": {
            "$type": "Artemis.Profiles.Layers.Conditions.DataModelCondition, Artemis"
          },
          "LayerAnimation": {
            "$type": "Artemis.Profiles.Layers.Animations.SlideRightAnimation, Artemis"
          },
          "Name": "Mousemat background",
          "Order": 4,
          "Enabled": true,
          "RenderAllowed": true,
          "Expanded": true,
          "IsEvent": false,
          "FadeInTime": 0.0,
          "FadeOutTime": 0.0,
          "Properties": {
            "$type": "Artemis.Profiles.Layers.Models.SimplePropertiesModel, Artemis",
            "X": 0.0,
            "Y": 0.0,
            "Width": 10.0,
            "Height": 10.0,
            "Contain": true,
            "AnimationSpeed": 0.3,
            "OpacityEaseTime": 0.0,
            "HeightEaseTime": 0.0,
            "WidthEaseTime": 0.0,
            "WidthEase": null,
            "HeightEase": null,
            "OpacityEase": null,
            "ConditionType": 0,
            "Conditions": [],
            "LayerKeybindModels": [],
            "DynamicProperties": [],
            "Brush": {
              "LinearGradientBrush": {
                "@StartPoint": "0,0",
                "@EndPoint": "1,0",
                "@MappingMode": "RelativeToBoundingBox",
                "@SpreadMethod": "Pad",
                "@Opacity": "1",
                "@xmlns": "http://schemas.microsoft.com/winfx/2006/xaml/presentation",
                "LinearGradientBrush.GradientStops": {
                  "GradientStop": [
                    {
                      "@Color": "#FFFF8D00",
                      "@Offset": "0"
                    },
                    {
                      "@Color": "#FFFF8D00",
                      "@Offset": "1"
                    },
                    {
                      "@Color": "#FFFFBF37",
                      "@Offset": "0.49861008154188291"
                    }
                  ]
                }
              }
            }
          },
          "EventProperties": null,
          "Children": []
        }
      ]
    }
  ],
  "Name": "Default",
  "IsDefault": true,
  "KeyboardSlug": "corsair-k95-rgb",
  "GameName": "Overwatch",
  "Width": 25,
  "Height": 7,
  "LuaScript": "-- LUA for default Overwatch profile. Sets the color of each layer in the Background folder to the current character color\r\n\r\nfunction updateHandler(profile, eventArgs)\r\n    if eventArgs.Preview then \r\n        return \r\n    end\r\n\r\n    if not (eventArgs.DeviceType == \"keyboard\") then\r\n        return\r\n    end\r\n    \r\n    -- Set the color of each background layer to the character color\r\n    local bgFolder = profile.GetLayerByName(\"Background\");\r\n    local children = bgFolder.GetChildren()\r\n    for childKey, childValue in pairs(children) do\r\n        childValue.Brush = Brushes.GetSolidColorBrush(Brushes.GetColor(eventArgs.DataModel.CharacterColor))\r\n    end    \r\nend\r\n\r\nEvents.DeviceUpdating.add(updateHandler)",
  "LuaStorage": "{}"
}