<?xml version="1.0" encoding="utf-16"?>
<ProfileModel xmlns:xsd="http://www.w3.org/2001/XMLSchema" xmlns:xsi="http://www.w3.org/2001/XMLSchema-instance">
  <Layers>
    <LayerModel>
      <Name>CT-specific</Name>
      <Order>1</Order>
      <LayerType>Folder</LayerType>
      <Enabled>true</Enabled>
      <Expanded>false</Expanded>
      <Properties xsi:type="KeyboardPropertiesModel">
        <Conditions>
          <LayerConditionModel>
            <Field>player.team</Field>
            <Value>ct</Value>
            <Operator>==</Operator>
            <Type>String</Type>
          </LayerConditionModel>
        </Conditions>
        <Brush xsi:type="SolidColorBrush">
          <Opacity>1</Opacity>
          <Transform xsi:type="MatrixTransform">
            <Matrix>
              <M11>1</M11>
              <M12>0</M12>
              <M21>0</M21>
              <M22>1</M22>
              <OffsetX>0</OffsetX>
              <OffsetY>0</OffsetY>
            </Matrix>
          </Transform>
          <RelativeTransform xsi:type="MatrixTransform">
            <Matrix>
              <M11>1</M11>
              <M12>0</M12>
              <M21>0</M21>
              <M22>1</M22>
              <OffsetX>0</OffsetX>
              <OffsetY>0</OffsetY>
            </Matrix>
          </RelativeTransform>
          <Color>
            <A>255</A>
            <R>0</R>
            <G>65</G>
            <B>255</B>
            <ScA>1</ScA>
            <ScR>0</ScR>
            <ScG>0.05286065</ScG>
            <ScB>1</ScB>
          </Color>
        </Brush>
        <X>0</X>
        <Y>0</Y>
        <Width>1</Width>
        <Height>1</Height>
        <Opacity>1</Opacity>
        <Contain>false</Contain>
        <Animation>None</Animation>
        <AnimationSpeed>0</AnimationSpeed>
        <DynamicProperties />
      </Properties>
      <Children>
        <LayerModel>
          <Name>Keyboard main</Name>
          <Order>0</Order>
          <LayerType>Keyboard</LayerType>
          <Enabled>true</Enabled>
          <Expanded>false</Expanded>
          <Properties xsi:type="KeyboardPropertiesModel">
            <Conditions />
            <Brush xsi:type="LinearGradientBrush">
              <Opacity>1</Opacity>
              <Transform xsi:type="MatrixTransform">
                <Matrix>
                  <M11>1</M11>
                  <M12>0</M12>
                  <M21>0</M21>
                  <M22>1</M22>
                  <OffsetX>0</OffsetX>
                  <OffsetY>0</OffsetY>
                </Matrix>
              </Transform>
              <RelativeTransform xsi:type="MatrixTransform">
                <Matrix>
                  <M11>1</M11>
                  <M12>0</M12>
                  <M21>0</M21>
                  <M22>1</M22>
                  <OffsetX>0</OffsetX>
                  <OffsetY>0</OffsetY>
                </Matrix>
              </RelativeTransform>
              <ColorInterpolationMode>SRgbLinearInterpolation</ColorInterpolationMode>
              <MappingMode>RelativeToBoundingBox</MappingMode>
              <SpreadMethod>Pad</SpreadMethod>
              <GradientStops>
                <GradientStop>
                  <Color>
                    <A>255</A>
                    <R>112</R>
                    <G>195</G>
                    <B>255</B>
                    <ScA>1</ScA>
                    <ScR>0.162029386</ScR>
                    <ScG>0.5457245</ScG>
                    <ScB>1</ScB>
                  </Color>
                  <Offset>0</Offset>
                </GradientStop>
                <GradientStop>
                  <Color>
                    <A>255</A>
                    <R>112</R>
                    <G>195</G>
                    <B>255</B>
                    <ScA>1</ScA>
                    <ScR>0.162029386</ScR>
                    <ScG>0.5457245</ScG>
                    <ScB>1</ScB>
                  </Color>
                  <Offset>1</Offset>
                </GradientStop>
                <GradientStop>
                  <Color>
                    <A>255</A>
                    <R>0</R>
                    <G>43</G>
                    <B>255</B>
                    <ScA>1</ScA>
                    <ScR>0</ScR>
                    <ScG>0.024157634</ScG>
                    <ScB>1</ScB>
                  </Color>
                  <Offset>0.48498888065233514</Offset>
                </GradientStop>
              </GradientStops>
              <StartPoint>
                <X>0</X>
                <Y>0</Y>
              </StartPoint>
              <EndPoint>
                <X>1</X>
                <Y>0</Y>
              </EndPoint>
            </Brush>
            <X>1</X>
            <Y>2</Y>
            <Width>16</Width>
            <Height>5</Height>
            <Opacity>1</Opacity>
            <Contain>false</Contain>
            <Animation>SlideRight</Animation>
            <AnimationSpeed>0.25</AnimationSpeed>
            <DynamicProperties>
              <DynamicPropertiesModel>
                <LayerProperty>Height</LayerProperty>
                <PercentageSource>0</PercentageSource>
                <LayerPropertyType>PercentageOf</LayerPropertyType>
                <LayerPropertyOptions>Downwards</LayerPropertyOptions>
              </DynamicPropertiesModel>
              <DynamicPropertiesModel>
                <LayerProperty>Width</LayerProperty>
                <PercentageSource>0</PercentageSource>
                <LayerPropertyType>PercentageOf</LayerPropertyType>
                <LayerPropertyOptions>LeftToRight</LayerPropertyOptions>
              </DynamicPropertiesModel>
              <DynamicPropertiesModel>
                <LayerProperty>Opacity</LayerProperty>
                <PercentageSource>0</PercentageSource>
                <LayerPropertyType>PercentageOf</LayerPropertyType>
                <LayerPropertyOptions>Increase</LayerPropertyOptions>
              </DynamicPropertiesModel>
            </DynamicProperties>
          </Properties>
          <Children />
        </LayerModel>
        <LayerModel>
          <Name>CT mouse</Name>
          <Order>1</Order>
          <LayerType>Mouse</LayerType>
          <Enabled>true</Enabled>
          <Expanded>false</Expanded>
          <Properties xsi:type="MousePropertiesModel">
            <Conditions />
            <Brush xsi:type="SolidColorBrush">
              <Opacity>1</Opacity>
              <Transform xsi:type="MatrixTransform">
                <Matrix>
                  <M11>1</M11>
                  <M12>0</M12>
                  <M21>0</M21>
                  <M22>1</M22>
                  <OffsetX>0</OffsetX>
                  <OffsetY>0</OffsetY>
                </Matrix>
              </Transform>
              <RelativeTransform xsi:type="MatrixTransform">
                <Matrix>
                  <M11>1</M11>
                  <M12>0</M12>
                  <M21>0</M21>
                  <M22>1</M22>
                  <OffsetX>0</OffsetX>
                  <OffsetY>0</OffsetY>
                </Matrix>
              </RelativeTransform>
              <Color>
                <A>255</A>
                <R>0</R>
                <G>206</G>
                <B>255</B>
                <ScA>1</ScA>
                <ScR>0</ScR>
                <ScG>0.6172066</ScG>
                <ScB>1</ScB>
              </Color>
            </Brush>
          </Properties>
          <Children />
        </LayerModel>
        <LayerModel>
          <Name>CT headset</Name>
          <Order>2</Order>
          <LayerType>Headset</LayerType>
          <Enabled>true</Enabled>
          <Expanded>false</Expanded>
          <Properties xsi:type="HeadsetPropertiesModel">
            <Conditions />
            <Brush xsi:type="SolidColorBrush">
              <Opacity>1</Opacity>
              <Transform xsi:type="MatrixTransform">
                <Matrix>
                  <M11>1</M11>
                  <M12>0</M12>
                  <M21>0</M21>
                  <M22>1</M22>
                  <OffsetX>0</OffsetX>
                  <OffsetY>0</OffsetY>
                </Matrix>
              </Transform>
              <RelativeTransform xsi:type="MatrixTransform">
                <Matrix>
                  <M11>1</M11>
                  <M12>0</M12>
                  <M21>0</M21>
                  <M22>1</M22>
                  <OffsetX>0</OffsetX>
                  <OffsetY>0</OffsetY>
                </Matrix>
              </RelativeTransform>
              <Color>
                <A>255</A>
                <R>0</R>
                <G>206</G>
                <B>255</B>
                <ScA>1</ScA>
                <ScR>0</ScR>
                <ScG>0.6172066</ScG>
                <ScB>1</ScB>
              </Color>
            </Brush>
          </Properties>
          <Children />
        </LayerModel>
      </Children>
    </LayerModel>
    <LayerModel>
      <Name>T-specific</Name>
      <Order>3</Order>
      <LayerType>Folder</LayerType>
      <Enabled>true</Enabled>
      <Expanded>false</Expanded>
      <Properties xsi:type="KeyboardPropertiesModel">
        <Conditions>
          <LayerConditionModel>
            <Field>player.team</Field>
            <Value>t</Value>
            <Operator>==</Operator>
            <Type>String</Type>
          </LayerConditionModel>
        </Conditions>
        <Brush xsi:type="SolidColorBrush">
          <Opacity>1</Opacity>
          <Transform xsi:type="MatrixTransform">
            <Matrix>
              <M11>1</M11>
              <M12>0</M12>
              <M21>0</M21>
              <M22>1</M22>
              <OffsetX>0</OffsetX>
              <OffsetY>0</OffsetY>
            </Matrix>
          </Transform>
          <RelativeTransform xsi:type="MatrixTransform">
            <Matrix>
              <M11>1</M11>
              <M12>0</M12>
              <M21>0</M21>
              <M22>1</M22>
              <OffsetX>0</OffsetX>
              <OffsetY>0</OffsetY>
            </Matrix>
          </RelativeTransform>
          <Color>
            <A>255</A>
            <R>0</R>
            <G>255</G>
            <B>119</B>
            <ScA>1</ScA>
            <ScR>0</ScR>
            <ScG>1</ScG>
            <ScB>0.18447499</ScB>
          </Color>
        </Brush>
        <X>0</X>
        <Y>0</Y>
        <Width>1</Width>
        <Height>1</Height>
        <Opacity>1</Opacity>
        <Contain>false</Contain>
        <Animation>None</Animation>
        <AnimationSpeed>0</AnimationSpeed>
        <DynamicProperties />
      </Properties>
      <Children>
        <LayerModel>
          <Name>Keyboard main</Name>
          <Order>0</Order>
          <LayerType>Keyboard</LayerType>
          <Enabled>true</Enabled>
          <Expanded>false</Expanded>
          <Properties xsi:type="KeyboardPropertiesModel">
            <Conditions />
            <Brush xsi:type="LinearGradientBrush">
              <Opacity>1</Opacity>
              <Transform xsi:type="MatrixTransform">
                <Matrix>
                  <M11>1</M11>
                  <M12>0</M12>
                  <M21>0</M21>
                  <M22>1</M22>
                  <OffsetX>0</OffsetX>
                  <OffsetY>0</OffsetY>
                </Matrix>
              </Transform>
              <RelativeTransform xsi:type="MatrixTransform">
                <Matrix>
                  <M11>1</M11>
                  <M12>0</M12>
                  <M21>0</M21>
                  <M22>1</M22>
                  <OffsetX>0</OffsetX>
                  <OffsetY>0</OffsetY>
                </Matrix>
              </RelativeTransform>
              <ColorInterpolationMode>SRgbLinearInterpolation</ColorInterpolationMode>
              <MappingMode>RelativeToBoundingBox</MappingMode>
              <SpreadMethod>Pad</SpreadMethod>
              <GradientStops>
                <GradientStop>
                  <Color>
                    <A>255</A>
                    <R>255</R>
                    <G>244</G>
                    <B>112</B>
                    <ScA>1</ScA>
                    <ScR>1</ScR>
                    <ScG>0.9046612</ScG>
                    <ScB>0.162029386</ScB>
                  </Color>
                  <Offset>0</Offset>
                </GradientStop>
                <GradientStop>
                  <Color>
                    <A>255</A>
                    <R>255</R>
                    <G>244</G>
                    <B>112</B>
                    <ScA>1</ScA>
                    <ScR>1</ScR>
                    <ScG>0.9046612</ScG>
                    <ScB>0.162029386</ScB>
                  </Color>
                  <Offset>1</Offset>
                </GradientStop>
                <GradientStop>
                  <Color>
                    <A>255</A>
                    <R>255</R>
                    <G>117</G>
                    <B>0</B>
                    <ScA>1</ScA>
                    <ScR>1</ScR>
                    <ScG>0.177888423</ScG>
                    <ScB>0</ScB>
                  </Color>
                  <Offset>0.48498888065233514</Offset>
                </GradientStop>
              </GradientStops>
              <StartPoint>
                <X>0</X>
                <Y>0</Y>
              </StartPoint>
              <EndPoint>
                <X>1</X>
                <Y>0</Y>
              </EndPoint>
            </Brush>
            <X>1</X>
            <Y>2</Y>
            <Width>16</Width>
            <Height>5</Height>
            <Opacity>1</Opacity>
            <Contain>false</Contain>
            <Animation>SlideRight</Animation>
            <AnimationSpeed>0.25</AnimationSpeed>
            <DynamicProperties>
              <DynamicPropertiesModel>
                <LayerProperty>Height</LayerProperty>
                <PercentageSource>0</PercentageSource>
                <LayerPropertyType>PercentageOf</LayerPropertyType>
                <LayerPropertyOptions>Downwards</LayerPropertyOptions>
              </DynamicPropertiesModel>
              <DynamicPropertiesModel>
                <LayerProperty>Width</LayerProperty>
                <PercentageSource>0</PercentageSource>
                <LayerPropertyType>PercentageOf</LayerPropertyType>
                <LayerPropertyOptions>LeftToRight</LayerPropertyOptions>
              </DynamicPropertiesModel>
              <DynamicPropertiesModel>
                <LayerProperty>Opacity</LayerProperty>
                <PercentageSource>0</PercentageSource>
                <LayerPropertyType>PercentageOf</LayerPropertyType>
                <LayerPropertyOptions>Increase</LayerPropertyOptions>
              </DynamicPropertiesModel>
            </DynamicProperties>
          </Properties>
          <Children />
        </LayerModel>
        <LayerModel>
          <Name>T headset</Name>
          <Order>1</Order>
          <LayerType>Headset</LayerType>
          <Enabled>true</Enabled>
          <Expanded>false</Expanded>
          <Properties xsi:type="HeadsetPropertiesModel">
            <Conditions />
            <Brush xsi:type="SolidColorBrush">
              <Opacity>1</Opacity>
              <Transform xsi:type="MatrixTransform">
                <Matrix>
                  <M11>1</M11>
                  <M12>0</M12>
                  <M21>0</M21>
                  <M22>1</M22>
                  <OffsetX>0</OffsetX>
                  <OffsetY>0</OffsetY>
                </Matrix>
              </Transform>
              <RelativeTransform xsi:type="MatrixTransform">
                <Matrix>
                  <M11>1</M11>
                  <M12>0</M12>
                  <M21>0</M21>
                  <M22>1</M22>
                  <OffsetX>0</OffsetX>
                  <OffsetY>0</OffsetY>
                </Matrix>
              </RelativeTransform>
              <Color>
                <A>255</A>
                <R>255</R>
                <G>117</G>
                <B>0</B>
                <ScA>1</ScA>
                <ScR>1</ScR>
                <ScG>0.177888423</ScG>
                <ScB>0</ScB>
              </Color>
            </Brush>
          </Properties>
          <Children />
        </LayerModel>
        <LayerModel>
          <Name>T mouse</Name>
          <Order>2</Order>
          <LayerType>Mouse</LayerType>
          <Enabled>true</Enabled>
          <Expanded>false</Expanded>
          <Properties xsi:type="MousePropertiesModel">
            <Conditions />
            <Brush xsi:type="SolidColorBrush">
              <Opacity>1</Opacity>
              <Transform xsi:type="MatrixTransform">
                <Matrix>
                  <M11>1</M11>
                  <M12>0</M12>
                  <M21>0</M21>
                  <M22>1</M22>
                  <OffsetX>0</OffsetX>
                  <OffsetY>0</OffsetY>
                </Matrix>
              </Transform>
              <RelativeTransform xsi:type="MatrixTransform">
                <Matrix>
                  <M11>1</M11>
                  <M12>0</M12>
                  <M21>0</M21>
                  <M22>1</M22>
                  <OffsetX>0</OffsetX>
                  <OffsetY>0</OffsetY>
                </Matrix>
              </RelativeTransform>
              <Color>
                <A>255</A>
                <R>255</R>
                <G>117</G>
                <B>0</B>
                <ScA>1</ScA>
                <ScR>1</ScR>
                <ScG>0.177888423</ScG>
                <ScB>0</ScB>
              </Color>
            </Brush>
          </Properties>
          <Children />
        </LayerModel>
      </Children>
    </LayerModel>
    <LayerModel>
      <Name>Money</Name>
      <Order>4</Order>
      <LayerType>Folder</LayerType>
      <Enabled>true</Enabled>
      <Expanded>true</Expanded>
      <Properties xsi:type="KeyboardPropertiesModel">
        <Conditions />
        <Brush xsi:type="SolidColorBrush">
          <Opacity>1</Opacity>
          <Transform xsi:type="MatrixTransform">
            <Matrix>
              <M11>1</M11>
              <M12>0</M12>
              <M21>0</M21>
              <M22>1</M22>
              <OffsetX>0</OffsetX>
              <OffsetY>0</OffsetY>
            </Matrix>
          </Transform>
          <RelativeTransform xsi:type="MatrixTransform">
            <Matrix>
              <M11>1</M11>
              <M12>0</M12>
              <M21>0</M21>
              <M22>1</M22>
              <OffsetX>0</OffsetX>
              <OffsetY>0</OffsetY>
            </Matrix>
          </RelativeTransform>
          <Color>
            <A>255</A>
            <R>0</R>
            <G>85</G>
            <B>255</B>
            <ScA>1</ScA>
            <ScR>0</ScR>
            <ScG>0.09084172</ScG>
            <ScB>1</ScB>
          </Color>
        </Brush>
        <X>0</X>
        <Y>0</Y>
        <Width>1</Width>
        <Height>1</Height>
        <Opacity>1</Opacity>
        <Contain>false</Contain>
        <Animation>None</Animation>
        <AnimationSpeed>0</AnimationSpeed>
        <DynamicProperties />
      </Properties>
      <Children>
        <LayerModel>
          <Name>&gt;14k (pulses)</Name>
          <Order>0</Order>
          <LayerType>Keyboard</LayerType>
          <Enabled>true</Enabled>
          <Expanded>false</Expanded>
          <Properties xsi:type="KeyboardPropertiesModel">
            <Conditions>
              <LayerConditionModel>
                <Field>player.state.money</Field>
                <Value>14000</Value>
                <Operator>&gt;</Operator>
                <Type>Int32</Type>
              </LayerConditionModel>
            </Conditions>
            <Brush xsi:type="SolidColorBrush">
              <Opacity>1</Opacity>
              <Transform xsi:type="MatrixTransform">
                <Matrix>
                  <M11>1</M11>
                  <M12>0</M12>
                  <M21>0</M21>
                  <M22>1</M22>
                  <OffsetX>0</OffsetX>
                  <OffsetY>0</OffsetY>
                </Matrix>
              </Transform>
              <RelativeTransform xsi:type="MatrixTransform">
                <Matrix>
                  <M11>1</M11>
                  <M12>0</M12>
                  <M21>0</M21>
                  <M22>1</M22>
                  <OffsetX>0</OffsetX>
                  <OffsetY>0</OffsetY>
                </Matrix>
              </RelativeTransform>
              <Color>
                <A>255</A>
                <R>98</R>
                <G>255</G>
                <B>0</B>
                <ScA>1</ScA>
                <ScR>0.122138776</ScR>
                <ScG>1</ScG>
                <ScB>0</ScB>
              </Color>
            </Brush>
            <X>17</X>
            <Y>0</Y>
            <Width>4</Width>
            <Height>7</Height>
            <Opacity>1</Opacity>
            <Contain>false</Contain>
            <Animation>Pulse</Animation>
            <AnimationSpeed>0.15000000000000002</AnimationSpeed>
            <DynamicProperties>
              <DynamicPropertiesModel>
                <LayerProperty>Height</LayerProperty>
                <PercentageSource>0</PercentageSource>
                <LayerPropertyType>PercentageOf</LayerPropertyType>
                <LayerPropertyOptions>Downwards</LayerPropertyOptions>
              </DynamicPropertiesModel>
              <DynamicPropertiesModel>
                <LayerProperty>Width</LayerProperty>
                <PercentageSource>0</PercentageSource>
                <LayerPropertyType>PercentageOf</LayerPropertyType>
                <LayerPropertyOptions>LeftToRight</LayerPropertyOptions>
              </DynamicPropertiesModel>
              <DynamicPropertiesModel>
                <LayerProperty>Opacity</LayerProperty>
                <PercentageSource>0</PercentageSource>
                <LayerPropertyType>PercentageOf</LayerPropertyType>
                <LayerPropertyOptions>Increase</LayerPropertyOptions>
              </DynamicPropertiesModel>
            </DynamicProperties>
          </Properties>
          <Children />
        </LayerModel>
        <LayerModel>
          <Name>&gt;6k</Name>
          <Order>1</Order>
          <LayerType>Keyboard</LayerType>
          <Enabled>true</Enabled>
          <Expanded>false</Expanded>
          <Properties xsi:type="KeyboardPropertiesModel">
            <Conditions>
              <LayerConditionModel>
                <Field>player.state.money</Field>
                <Value>14000</Value>
                <Operator>&lt;=</Operator>
                <Type>Int32</Type>
              </LayerConditionModel>
              <LayerConditionModel>
                <Field>player.state.money</Field>
                <Value>6000</Value>
                <Operator>&gt;</Operator>
                <Type>Int32</Type>
              </LayerConditionModel>
            </Conditions>
            <Brush xsi:type="SolidColorBrush">
              <Opacity>1</Opacity>
              <Transform xsi:type="MatrixTransform">
                <Matrix>
                  <M11>1</M11>
                  <M12>0</M12>
                  <M21>0</M21>
                  <M22>1</M22>
                  <OffsetX>0</OffsetX>
                  <OffsetY>0</OffsetY>
                </Matrix>
              </Transform>
              <RelativeTransform xsi:type="MatrixTransform">
                <Matrix>
                  <M11>1</M11>
                  <M12>0</M12>
                  <M21>0</M21>
                  <M22>1</M22>
                  <OffsetX>0</OffsetX>
                  <OffsetY>0</OffsetY>
                </Matrix>
              </RelativeTransform>
              <Color>
                <A>255</A>
                <R>98</R>
                <G>255</G>
                <B>0</B>
                <ScA>1</ScA>
                <ScR>0.122138776</ScR>
                <ScG>1</ScG>
                <ScB>0</ScB>
              </Color>
            </Brush>
            <X>17</X>
            <Y>0</Y>
            <Width>4</Width>
            <Height>7</Height>
            <Opacity>1</Opacity>
            <Contain>false</Contain>
            <Animation>None</Animation>
            <AnimationSpeed>0.15000000000000002</AnimationSpeed>
            <DynamicProperties>
              <DynamicPropertiesModel>
                <LayerProperty>Height</LayerProperty>
                <PercentageSource>0</PercentageSource>
                <LayerPropertyType>PercentageOf</LayerPropertyType>
                <LayerPropertyOptions>Downwards</LayerPropertyOptions>
              </DynamicPropertiesModel>
              <DynamicPropertiesModel>
                <LayerProperty>Width</LayerProperty>
                <PercentageSource>0</PercentageSource>
                <LayerPropertyType>PercentageOf</LayerPropertyType>
                <LayerPropertyOptions>LeftToRight</LayerPropertyOptions>
              </DynamicPropertiesModel>
              <DynamicPropertiesModel>
                <LayerProperty>Opacity</LayerProperty>
                <PercentageSource>0</PercentageSource>
                <LayerPropertyType>PercentageOf</LayerPropertyType>
                <LayerPropertyOptions>Increase</LayerPropertyOptions>
              </DynamicPropertiesModel>
            </DynamicProperties>
          </Properties>
          <Children />
        </LayerModel>
        <LayerModel>
          <Name>&gt;3k</Name>
          <Order>2</Order>
          <LayerType>Keyboard</LayerType>
          <Enabled>true</Enabled>
          <Expanded>false</Expanded>
          <Properties xsi:type="KeyboardPropertiesModel">
            <Conditions>
              <LayerConditionModel>
                <Field>player.state.money</Field>
                <Value>6000</Value>
                <Operator>&lt;=</Operator>
                <Type>Int32</Type>
              </LayerConditionModel>
              <LayerConditionModel>
                <Field>player.state.money</Field>
                <Value>3000</Value>
                <Operator>&gt;</Operator>
                <Type>Int32</Type>
              </LayerConditionModel>
            </Conditions>
            <Brush xsi:type="SolidColorBrush">
              <Opacity>1</Opacity>
              <Transform xsi:type="MatrixTransform">
                <Matrix>
                  <M11>1</M11>
                  <M12>0</M12>
                  <M21>0</M21>
                  <M22>1</M22>
                  <OffsetX>0</OffsetX>
                  <OffsetY>0</OffsetY>
                </Matrix>
              </Transform>
              <RelativeTransform xsi:type="MatrixTransform">
                <Matrix>
                  <M11>1</M11>
                  <M12>0</M12>
                  <M21>0</M21>
                  <M22>1</M22>
                  <OffsetX>0</OffsetX>
                  <OffsetY>0</OffsetY>
                </Matrix>
              </RelativeTransform>
              <Color>
                <A>255</A>
                <R>255</R>
                <G>141</G>
                <B>0</B>
                <ScA>1</ScA>
                <ScR>1</ScR>
                <ScG>0.266355634</ScG>
                <ScB>0</ScB>
              </Color>
            </Brush>
            <X>17</X>
            <Y>0</Y>
            <Width>4</Width>
            <Height>7</Height>
            <Opacity>1</Opacity>
            <Contain>false</Contain>
            <Animation>None</Animation>
            <AnimationSpeed>0.15000000000000002</AnimationSpeed>
            <DynamicProperties>
              <DynamicPropertiesModel>
                <LayerProperty>Height</LayerProperty>
                <PercentageSource>0</PercentageSource>
                <LayerPropertyType>PercentageOf</LayerPropertyType>
                <LayerPropertyOptions>Downwards</LayerPropertyOptions>
              </DynamicPropertiesModel>
              <DynamicPropertiesModel>
                <LayerProperty>Width</LayerProperty>
                <PercentageSource>0</PercentageSource>
                <LayerPropertyType>PercentageOf</LayerPropertyType>
                <LayerPropertyOptions>LeftToRight</LayerPropertyOptions>
              </DynamicPropertiesModel>
              <DynamicPropertiesModel>
                <LayerProperty>Opacity</LayerProperty>
                <PercentageSource>0</PercentageSource>
                <LayerPropertyType>PercentageOf</LayerPropertyType>
                <LayerPropertyOptions>Increase</LayerPropertyOptions>
              </DynamicPropertiesModel>
            </DynamicProperties>
          </Properties>
          <Children />
        </LayerModel>
        <LayerModel>
          <Name>&lt;3k</Name>
          <Order>3</Order>
          <LayerType>Keyboard</LayerType>
          <Enabled>true</Enabled>
          <Expanded>false</Expanded>
          <Properties xsi:type="KeyboardPropertiesModel">
            <Conditions>
              <LayerConditionModel>
                <Field>player.state.money</Field>
                <Value>3000</Value>
                <Operator>&lt;=</Operator>
                <Type>Int32</Type>
              </LayerConditionModel>
            </Conditions>
            <Brush xsi:type="SolidColorBrush">
              <Opacity>1</Opacity>
              <Transform xsi:type="MatrixTransform">
                <Matrix>
                  <M11>1</M11>
                  <M12>0</M12>
                  <M21>0</M21>
                  <M22>1</M22>
                  <OffsetX>0</OffsetX>
                  <OffsetY>0</OffsetY>
                </Matrix>
              </Transform>
              <RelativeTransform xsi:type="MatrixTransform">
                <Matrix>
                  <M11>1</M11>
                  <M12>0</M12>
                  <M21>0</M21>
                  <M22>1</M22>
                  <OffsetX>0</OffsetX>
                  <OffsetY>0</OffsetY>
                </Matrix>
              </RelativeTransform>
              <Color>
                <A>255</A>
                <R>255</R>
                <G>0</G>
                <B>0</B>
                <ScA>1</ScA>
                <ScR>1</ScR>
                <ScG>0</ScG>
                <ScB>0</ScB>
              </Color>
            </Brush>
            <X>17</X>
            <Y>0</Y>
            <Width>4</Width>
            <Height>7</Height>
            <Opacity>1</Opacity>
            <Contain>false</Contain>
            <Animation>None</Animation>
            <AnimationSpeed>0.15000000000000002</AnimationSpeed>
            <DynamicProperties>
              <DynamicPropertiesModel>
                <LayerProperty>Height</LayerProperty>
                <PercentageSource>0</PercentageSource>
                <LayerPropertyType>PercentageOf</LayerPropertyType>
                <LayerPropertyOptions>Downwards</LayerPropertyOptions>
              </DynamicPropertiesModel>
              <DynamicPropertiesModel>
                <LayerProperty>Width</LayerProperty>
                <PercentageSource>0</PercentageSource>
                <LayerPropertyType>PercentageOf</LayerPropertyType>
                <LayerPropertyOptions>LeftToRight</LayerPropertyOptions>
              </DynamicPropertiesModel>
              <DynamicPropertiesModel>
                <LayerProperty>Opacity</LayerProperty>
                <PercentageSource>0</PercentageSource>
                <LayerPropertyType>PercentageOf</LayerPropertyType>
                <LayerPropertyOptions>Increase</LayerPropertyOptions>
              </DynamicPropertiesModel>
            </DynamicProperties>
          </Properties>
          <Children />
        </LayerModel>
      </Children>
    </LayerModel>
    <LayerModel>
      <Name>Health</Name>
      <Order>5</Order>
      <LayerType>Keyboard</LayerType>
      <Enabled>true</Enabled>
      <Expanded>false</Expanded>
      <Properties xsi:type="KeyboardPropertiesModel">
        <Conditions />
        <Brush xsi:type="LinearGradientBrush">
          <Opacity>1</Opacity>
          <Transform xsi:type="MatrixTransform">
            <Matrix>
              <M11>1</M11>
              <M12>0</M12>
              <M21>0</M21>
              <M22>1</M22>
              <OffsetX>0</OffsetX>
              <OffsetY>0</OffsetY>
            </Matrix>
          </Transform>
          <RelativeTransform xsi:type="MatrixTransform">
            <Matrix>
              <M11>1</M11>
              <M12>0</M12>
              <M21>0</M21>
              <M22>1</M22>
              <OffsetX>0</OffsetX>
              <OffsetY>0</OffsetY>
            </Matrix>
          </RelativeTransform>
          <ColorInterpolationMode>SRgbLinearInterpolation</ColorInterpolationMode>
          <MappingMode>RelativeToBoundingBox</MappingMode>
          <SpreadMethod>Pad</SpreadMethod>
          <GradientStops>
            <GradientStop>
              <Color>
                <A>255</A>
                <R>62</R>
                <G>255</G>
                <B>0</B>
                <ScA>1</ScA>
                <ScR>0.0481718257</ScR>
                <ScG>1</ScG>
                <ScB>0</ScB>
              </Color>
              <Offset>0</Offset>
            </GradientStop>
            <GradientStop>
              <Color>
                <A>255</A>
                <R>255</R>
                <G>188</G>
                <B>0</B>
                <ScA>1</ScA>
                <ScR>1</ScR>
                <ScG>0.5028865</ScG>
                <ScB>0</ScB>
              </Color>
              <Offset>0.38028169014084512</Offset>
            </GradientStop>
            <GradientStop>
              <Color>
                <A>255</A>
                <R>255</R>
                <G>0</G>
                <B>0</B>
                <ScA>1</ScA>
                <ScR>1</ScR>
                <ScG>0</ScG>
                <ScB>0</ScB>
              </Color>
              <Offset>0.85915492957746475</Offset>
            </GradientStop>
          </GradientStops>
          <StartPoint>
            <X>1</X>
            <Y>0</Y>
          </StartPoint>
          <EndPoint>
            <X>1</X>
            <Y>1</Y>
          </EndPoint>
        </Brush>
        <X>0</X>
        <Y>1</Y>
        <Width>1</Width>
        <Height>6</Height>
        <Opacity>1</Opacity>
        <Contain>false</Contain>
        <Animation>None</Animation>
        <AnimationSpeed>0.35000000000000003</AnimationSpeed>
        <DynamicProperties>
          <DynamicPropertiesModel>
            <LayerProperty>Height</LayerProperty>
            <GameProperty>player.state.health</GameProperty>
            <PercentageSource>100</PercentageSource>
            <LayerPropertyType>PercentageOf</LayerPropertyType>
            <LayerPropertyOptions>Downwards</LayerPropertyOptions>
          </DynamicPropertiesModel>
          <DynamicPropertiesModel>
            <LayerProperty>Width</LayerProperty>
            <PercentageSource>0</PercentageSource>
            <LayerPropertyType>PercentageOf</LayerPropertyType>
            <LayerPropertyOptions>LeftToRight</LayerPropertyOptions>
          </DynamicPropertiesModel>
          <DynamicPropertiesModel>
            <LayerProperty>Opacity</LayerProperty>
            <PercentageSource>0</PercentageSource>
            <LayerPropertyType>PercentageOf</LayerPropertyType>
            <LayerPropertyOptions>Increase</LayerPropertyOptions>
          </DynamicPropertiesModel>
        </DynamicProperties>
      </Properties>
      <Children />
    </LayerModel>
    <LayerModel>
      <Name>Ammo</Name>
      <Order>6</Order>
      <LayerType>Keyboard</LayerType>
      <Enabled>true</Enabled>
      <Expanded>false</Expanded>
      <Properties xsi:type="KeyboardPropertiesModel">
        <Conditions />
        <Brush xsi:type="LinearGradientBrush">
          <Opacity>1</Opacity>
          <Transform xsi:type="MatrixTransform">
            <Matrix>
              <M11>1</M11>
              <M12>0</M12>
              <M21>0</M21>
              <M22>1</M22>
              <OffsetX>0</OffsetX>
              <OffsetY>0</OffsetY>
            </Matrix>
          </Transform>
          <RelativeTransform xsi:type="MatrixTransform">
            <Matrix>
              <M11>1</M11>
              <M12>0</M12>
              <M21>0</M21>
              <M22>1</M22>
              <OffsetX>0</OffsetX>
              <OffsetY>0</OffsetY>
            </Matrix>
          </RelativeTransform>
          <ColorInterpolationMode>SRgbLinearInterpolation</ColorInterpolationMode>
          <MappingMode>RelativeToBoundingBox</MappingMode>
          <SpreadMethod>Pad</SpreadMethod>
          <GradientStops>
            <GradientStop>
              <Color>
                <A>255</A>
                <R>255</R>
                <G>0</G>
                <B>0</B>
                <ScA>1</ScA>
                <ScR>1</ScR>
                <ScG>0</ScG>
                <ScB>0</ScB>
              </Color>
              <Offset>0</Offset>
            </GradientStop>
            <GradientStop>
              <Color>
                <A>255</A>
                <R>255</R>
                <G>200</G>
                <B>0</B>
                <ScA>1</ScA>
                <ScR>1</ScR>
                <ScG>0.577580452</ScG>
                <ScB>0</ScB>
              </Color>
              <Offset>0.4859154929577465</Offset>
            </GradientStop>
            <GradientStop>
              <Color>
                <A>255</A>
                <R>109</R>
                <G>255</G>
                <B>0</B>
                <ScA>1</ScA>
                <ScR>0.152926162</ScR>
                <ScG>1</ScG>
                <ScB>0</ScB>
              </Color>
              <Offset>1</Offset>
            </GradientStop>
          </GradientStops>
          <StartPoint>
            <X>0</X>
            <Y>0</Y>
          </StartPoint>
          <EndPoint>
            <X>1</X>
            <Y>0</Y>
          </EndPoint>
        </Brush>
        <X>1</X>
        <Y>0</Y>
        <Width>16</Width>
        <Height>2</Height>
        <Opacity>1</Opacity>
        <Contain>false</Contain>
        <Animation>None</Animation>
        <AnimationSpeed>0</AnimationSpeed>
        <DynamicProperties>
          <DynamicPropertiesModel>
            <LayerProperty>Height</LayerProperty>
            <PercentageSource>0</PercentageSource>
            <LayerPropertyType>PercentageOf</LayerPropertyType>
            <LayerPropertyOptions>Downwards</LayerPropertyOptions>
          </DynamicPropertiesModel>
          <DynamicPropertiesModel>
            <LayerProperty>Width</LayerProperty>
            <GameProperty>player.weapons.weapon_1.ammo_clip</GameProperty>
            <PercentageSource>0</PercentageSource>
            <PercentageProperty>player.weapons.weapon_1.ammo_clip_max</PercentageProperty>
            <LayerPropertyType>PercentageOfProperty</LayerPropertyType>
            <LayerPropertyOptions>LeftToRight</LayerPropertyOptions>
          </DynamicPropertiesModel>
          <DynamicPropertiesModel>
            <LayerProperty>Opacity</LayerProperty>
            <PercentageSource>0</PercentageSource>
            <LayerPropertyType>PercentageOf</LayerPropertyType>
            <LayerPropertyOptions>Increase</LayerPropertyOptions>
          </DynamicPropertiesModel>
        </DynamicProperties>
      </Properties>
      <Children />
    </LayerModel>
  </Layers>
  <Name>Default</Name>
  <IsDefault>true</IsDefault>
  <KeyboardSlug>corsair-k70-rgb</KeyboardSlug>
  <GameName>CounterStrike</GameName>
</ProfileModel>