<?xml version="1.0" encoding="utf-16"?>
<ProfileModel xmlns:xsd="http://www.w3.org/2001/XMLSchema" xmlns:xsi="http://www.w3.org/2001/XMLSchema-instance">
  <Layers>
    <LayerModel>
      <Name>Rainbow</Name>
      <Order>1</Order>
      <LayerType>Keyboard</LayerType>
      <Enabled>true</Enabled>
      <Expanded>false</Expanded>
      <Properties xsi:type="KeyboardPropertiesModel">
        <Conditions />
        <Brush xsi:type="LinearGradientBrush">
          <Opacity>1</Opacity>
          <Transform xsi:type="MatrixTransform">
            <Matrix>
              <M11>1</M11>
              <M12>0</M12>
              <M21>0</M21>
              <M22>1</M22>
              <OffsetX>0</OffsetX>
              <OffsetY>0</OffsetY>
            </Matrix>
          </Transform>
          <RelativeTransform xsi:type="MatrixTransform">
            <Matrix>
              <M11>1</M11>
              <M12>0</M12>
              <M21>0</M21>
              <M22>1</M22>
              <OffsetX>0</OffsetX>
              <OffsetY>0</OffsetY>
            </Matrix>
          </RelativeTransform>
          <ColorInterpolationMode>SRgbLinearInterpolation</ColorInterpolationMode>
          <MappingMode>RelativeToBoundingBox</MappingMode>
          <SpreadMethod>Pad</SpreadMethod>
          <GradientStops>
            <GradientStop>
              <Color>
                <A>255</A>
                <R>255</R>
                <G>0</G>
                <B>0</B>
                <ScA>1</ScA>
                <ScR>1</ScR>
                <ScG>0</ScG>
                <ScB>0</ScB>
              </Color>
              <Offset>0.070422535211267609</Offset>
            </GradientStop>
            <GradientStop>
              <Color>
                <A>255</A>
                <R>255</R>
                <G>0</G>
                <B>0</B>
                <ScA>1</ScA>
                <ScR>1</ScR>
                <ScG>0</ScG>
                <ScB>0</ScB>
              </Color>
              <Offset>0.908450704225352</Offset>
            </GradientStop>
            <GradientStop>
              <Color>
                <A>255</A>
                <R>251</R>
                <G>0</G>
                <B>255</B>
                <ScA>1</ScA>
                <ScR>0.9646863</ScR>
                <ScG>0</ScG>
                <ScB>1</ScB>
              </Color>
              <Offset>0.21247220163083763</Offset>
            </GradientStop>
            <GradientStop>
              <Color>
                <A>255</A>
                <R>27</R>
                <G>0</G>
                <B>252</B>
                <ScA>1</ScA>
                <ScR>0.0109600946</ScR>
                <ScG>0</ScG>
                <ScB>0.9734453</ScB>
              </Color>
              <Offset>0.34544106745737579</Offset>
            </GradientStop>
            <GradientStop>
              <Color>
                <A>255</A>
                <R>0</R>
                <G>243</G>
                <B>255</B>
                <ScA>1</ScA>
                <ScR>0</ScR>
                <ScG>0.8962694</ScG>
                <ScB>1</ScB>
              </Color>
              <Offset>0.47600074128984426</Offset>
            </GradientStop>
            <GradientStop>
              <Color>
                <A>255</A>
                <R>62</R>
                <G>255</G>
                <B>0</B>
                <ScA>1</ScA>
                <ScR>0.0481718257</ScR>
                <ScG>1</ScG>
                <ScB>0</ScB>
              </Color>
              <Offset>0.62731653076352845</Offset>
            </GradientStop>
            <GradientStop>
              <Color>
                <A>255</A>
                <R>255</R>
                <G>223</G>
                <B>0</B>
                <ScA>1</ScA>
                <ScR>1</ScR>
                <ScG>0.73791045</ScG>
                <ScB>0</ScB>
              </Color>
              <Offset>0.76121200889547846</Offset>
            </GradientStop>
          </GradientStops>
          <StartPoint>
            <X>0</X>
            <Y>0</Y>
          </StartPoint>
          <EndPoint>
            <X>1</X>
            <Y>1</Y>
          </EndPoint>
        </Brush>
        <X>0</X>
        <Y>0</Y>
        <Width>22</Width>
        <Height>6</Height>
        <Opacity>1</Opacity>
        <Contain>false</Contain>
        <Animation>SlideRight</Animation>
        <AnimationSpeed>0.4</AnimationSpeed>
        <DynamicProperties />
      </Properties>
      <Children />
    </LayerModel>
    <LayerModel>
      <Name>GIF demo</Name>
      <Order>0</Order>
      <LayerType>KeyboardGif</LayerType>
      <Enabled>false</Enabled>
      <Expanded>false</Expanded>
      <Properties xsi:type="KeyboardPropertiesModel">
        <Conditions />
        <Brush xsi:type="SolidColorBrush">
          <Opacity>1</Opacity>
          <Transform xsi:type="MatrixTransform">
            <Matrix>
              <M11>1</M11>
              <M12>0</M12>
              <M21>0</M21>
              <M22>1</M22>
              <OffsetX>0</OffsetX>
              <OffsetY>0</OffsetY>
            </Matrix>
          </Transform>
          <RelativeTransform xsi:type="MatrixTransform">
            <Matrix>
              <M11>1</M11>
              <M12>0</M12>
              <M21>0</M21>
              <M22>1</M22>
              <OffsetX>0</OffsetX>
              <OffsetY>0</OffsetY>
            </Matrix>
          </RelativeTransform>
          <Color>
            <A>255</A>
            <R>0</R>
            <G>111</G>
            <B>255</B>
            <ScA>1</ScA>
            <ScR>0</ScR>
            <ScG>0.158960834</ScG>
            <ScB>1</ScB>
          </Color>
        </Brush>
        <X>0</X>
        <Y>0</Y>
        <Width>22</Width>
        <Height>6</Height>
        <Opacity>1</Opacity>
        <Contain>false</Contain>
        <Animation>None</Animation>
        <AnimationSpeed>0</AnimationSpeed>
        <GifFile>E:\Gebruiker folder\Mijn afbeeldingen\Untitled-1.gif</GifFile>
        <DynamicProperties />
      </Properties>
      <Children />
    </LayerModel>
  </Layers>
  <Name>Default</Name>
  <IsDefault>true</IsDefault>
  <KeyboardSlug>razer-blackwidow-chroma</KeyboardSlug>
  <GameName>WindowsProfile</GameName>
</ProfileModel>