<?xml version="1.0" encoding="utf-16"?>
<ProfileModel xmlns:xsd="http://www.w3.org/2001/XMLSchema" xmlns:xsi="http://www.w3.org/2001/XMLSchema-instance">
  <Layers>
    <LayerModel>
      <Name>Demo - Brushes</Name>
      <Order>0</Order>
      <LayerType>Folder</LayerType>
      <Enabled>false</Enabled>
      <Expanded>false</Expanded>
      <Properties xsi:type="KeyboardPropertiesModel">
        <Conditions />
        <Brush xsi:type="SolidColorBrush">
          <Opacity>1</Opacity>
          <Transform xsi:type="MatrixTransform">
            <Matrix>
              <M11>1</M11>
              <M12>0</M12>
              <M21>0</M21>
              <M22>1</M22>
              <OffsetX>0</OffsetX>
              <OffsetY>0</OffsetY>
            </Matrix>
          </Transform>
          <RelativeTransform xsi:type="MatrixTransform">
            <Matrix>
              <M11>1</M11>
              <M12>0</M12>
              <M21>0</M21>
              <M22>1</M22>
              <OffsetX>0</OffsetX>
              <OffsetY>0</OffsetY>
            </Matrix>
          </RelativeTransform>
          <Color>
            <A>255</A>
            <R>0</R>
            <G>232</G>
            <B>255</B>
            <ScA>1</ScA>
            <ScR>0</ScR>
            <ScG>0.8069523</ScG>
            <ScB>1</ScB>
          </Color>
        </Brush>
        <X>0</X>
        <Y>0</Y>
        <Width>1</Width>
        <Height>1</Height>
        <Opacity>1</Opacity>
        <Contain>false</Contain>
        <Animation>None</Animation>
        <AnimationSpeed>0</AnimationSpeed>
        <DynamicProperties />
      </Properties>
      <Children>
        <LayerModel>
          <Name>Single color</Name>
          <Order>0</Order>
          <LayerType>Keyboard</LayerType>
          <Enabled>true</Enabled>
          <Expanded>true</Expanded>
          <Properties xsi:type="KeyboardPropertiesModel">
            <Conditions />
            <Brush xsi:type="SolidColorBrush">
              <Opacity>1</Opacity>
              <Transform xsi:type="MatrixTransform">
                <Matrix>
                  <M11>1</M11>
                  <M12>0</M12>
                  <M21>0</M21>
                  <M22>1</M22>
                  <OffsetX>0</OffsetX>
                  <OffsetY>0</OffsetY>
                </Matrix>
              </Transform>
              <RelativeTransform xsi:type="MatrixTransform">
                <Matrix>
                  <M11>1</M11>
                  <M12>0</M12>
                  <M21>0</M21>
                  <M22>1</M22>
                  <OffsetX>0</OffsetX>
                  <OffsetY>0</OffsetY>
                </Matrix>
              </RelativeTransform>
              <Color>
                <A>255</A>
                <R>7</R>
                <G>144</G>
                <B>142</B>
                <ScA>1</ScA>
                <ScR>0.00212468882</ScR>
                <ScG>0.2788943</ScG>
                <ScB>0.270497829</ScB>
              </Color>
            </Brush>
            <X>0</X>
            <Y>0</Y>
            <Width>22</Width>
            <Height>6</Height>
            <Opacity>1</Opacity>
            <Contain>false</Contain>
            <Animation>None</Animation>
            <AnimationSpeed>0.15000000000000002</AnimationSpeed>
            <DynamicProperties />
          </Properties>
          <Children />
        </LayerModel>
        <LayerModel>
          <Name>Simple gradient</Name>
          <Order>1</Order>
          <LayerType>Keyboard</LayerType>
          <Enabled>false</Enabled>
          <Expanded>true</Expanded>
          <Properties xsi:type="KeyboardPropertiesModel">
            <Conditions />
            <Brush xsi:type="LinearGradientBrush">
              <Opacity>1</Opacity>
              <Transform xsi:type="MatrixTransform">
                <Matrix>
                  <M11>1</M11>
                  <M12>0</M12>
                  <M21>0</M21>
                  <M22>1</M22>
                  <OffsetX>0</OffsetX>
                  <OffsetY>0</OffsetY>
                </Matrix>
              </Transform>
              <RelativeTransform xsi:type="MatrixTransform">
                <Matrix>
                  <M11>1</M11>
                  <M12>0</M12>
                  <M21>0</M21>
                  <M22>1</M22>
                  <OffsetX>0</OffsetX>
                  <OffsetY>0</OffsetY>
                </Matrix>
              </RelativeTransform>
              <ColorInterpolationMode>SRgbLinearInterpolation</ColorInterpolationMode>
              <MappingMode>RelativeToBoundingBox</MappingMode>
              <SpreadMethod>Pad</SpreadMethod>
              <GradientStops>
                <GradientStop>
                  <Color>
                    <A>255</A>
                    <R>7</R>
                    <G>144</G>
                    <B>142</B>
                    <ScA>1</ScA>
                    <ScR>0.00212468882</ScR>
                    <ScG>0.2788943</ScG>
                    <ScB>0.270497829</ScB>
                  </Color>
                  <Offset>0</Offset>
                </GradientStop>
                <GradientStop>
                  <Color>
                    <A>255</A>
                    <R>240</R>
                    <G>207</G>
                    <B>30</B>
                    <ScA>1</ScA>
                    <ScR>0.8713671</ScR>
                    <ScG>0.623960435</ScG>
                    <ScB>0.0129830325</ScB>
                  </Color>
                  <Offset>1</Offset>
                </GradientStop>
              </GradientStops>
              <StartPoint>
                <X>0</X>
                <Y>0</Y>
              </StartPoint>
              <EndPoint>
                <X>1</X>
                <Y>0</Y>
              </EndPoint>
            </Brush>
            <X>0</X>
            <Y>0</Y>
            <Width>22</Width>
            <Height>6</Height>
            <Opacity>1</Opacity>
            <Contain>false</Contain>
            <Animation>None</Animation>
            <AnimationSpeed>0.15000000000000002</AnimationSpeed>
            <DynamicProperties />
          </Properties>
          <Children />
        </LayerModel>
        <LayerModel>
          <Name>Vertical rainbow</Name>
          <Order>2</Order>
          <LayerType>Keyboard</LayerType>
          <Enabled>false</Enabled>
          <Expanded>false</Expanded>
          <Properties xsi:type="KeyboardPropertiesModel">
            <Conditions />
            <Brush xsi:type="LinearGradientBrush">
              <Opacity>1</Opacity>
              <Transform xsi:type="MatrixTransform">
                <Matrix>
                  <M11>1</M11>
                  <M12>0</M12>
                  <M21>0</M21>
                  <M22>1</M22>
                  <OffsetX>0</OffsetX>
                  <OffsetY>0</OffsetY>
                </Matrix>
              </Transform>
              <RelativeTransform xsi:type="MatrixTransform">
                <Matrix>
                  <M11>1</M11>
                  <M12>0</M12>
                  <M21>0</M21>
                  <M22>1</M22>
                  <OffsetX>0</OffsetX>
                  <OffsetY>0</OffsetY>
                </Matrix>
              </RelativeTransform>
              <ColorInterpolationMode>SRgbLinearInterpolation</ColorInterpolationMode>
              <MappingMode>RelativeToBoundingBox</MappingMode>
              <SpreadMethod>Pad</SpreadMethod>
              <GradientStops>
                <GradientStop>
                  <Color>
                    <A>255</A>
                    <R>255</R>
                    <G>0</G>
                    <B>0</B>
                    <ScA>1</ScA>
                    <ScR>1</ScR>
                    <ScG>0</ScG>
                    <ScB>0</ScB>
                  </Color>
                  <Offset>0.070422535211267609</Offset>
                </GradientStop>
                <GradientStop>
                  <Color>
                    <A>255</A>
                    <R>255</R>
                    <G>0</G>
                    <B>0</B>
                    <ScA>1</ScA>
                    <ScR>1</ScR>
                    <ScG>0</ScG>
                    <ScB>0</ScB>
                  </Color>
                  <Offset>0.908450704225352</Offset>
                </GradientStop>
                <GradientStop>
                  <Color>
                    <A>255</A>
                    <R>251</R>
                    <G>0</G>
                    <B>255</B>
                    <ScA>1</ScA>
                    <ScR>0.9646863</ScR>
                    <ScG>0</ScG>
                    <ScB>1</ScB>
                  </Color>
                  <Offset>0.21247220163083763</Offset>
                </GradientStop>
                <GradientStop>
                  <Color>
                    <A>255</A>
                    <R>27</R>
                    <G>0</G>
                    <B>252</B>
                    <ScA>1</ScA>
                    <ScR>0.0109600946</ScR>
                    <ScG>0</ScG>
                    <ScB>0.9734453</ScB>
                  </Color>
                  <Offset>0.34544106745737579</Offset>
                </GradientStop>
                <GradientStop>
                  <Color>
                    <A>255</A>
                    <R>0</R>
                    <G>243</G>
                    <B>255</B>
                    <ScA>1</ScA>
                    <ScR>0</ScR>
                    <ScG>0.8962694</ScG>
                    <ScB>1</ScB>
                  </Color>
                  <Offset>0.47600074128984426</Offset>
                </GradientStop>
                <GradientStop>
                  <Color>
                    <A>255</A>
                    <R>62</R>
                    <G>255</G>
                    <B>0</B>
                    <ScA>1</ScA>
                    <ScR>0.0481718257</ScR>
                    <ScG>1</ScG>
                    <ScB>0</ScB>
                  </Color>
                  <Offset>0.62731653076352845</Offset>
                </GradientStop>
                <GradientStop>
                  <Color>
                    <A>255</A>
                    <R>255</R>
                    <G>223</G>
                    <B>0</B>
                    <ScA>1</ScA>
                    <ScR>1</ScR>
                    <ScG>0.73791045</ScG>
                    <ScB>0</ScB>
                  </Color>
                  <Offset>0.76121200889547846</Offset>
                </GradientStop>
              </GradientStops>
              <StartPoint>
                <X>0</X>
                <Y>0</Y>
              </StartPoint>
              <EndPoint>
                <X>1</X>
                <Y>0</Y>
              </EndPoint>
            </Brush>
            <X>0</X>
            <Y>0</Y>
            <Width>22</Width>
            <Height>6</Height>
            <Opacity>1</Opacity>
            <Contain>false</Contain>
            <Animation>None</Animation>
            <AnimationSpeed>0.3</AnimationSpeed>
            <DynamicProperties />
          </Properties>
          <Children />
        </LayerModel>
        <LayerModel>
          <Name>Diagonal rainbow</Name>
          <Order>3</Order>
          <LayerType>Keyboard</LayerType>
          <Enabled>false</Enabled>
          <Expanded>false</Expanded>
          <Properties xsi:type="KeyboardPropertiesModel">
            <Conditions />
            <Brush xsi:type="LinearGradientBrush">
              <Opacity>1</Opacity>
              <Transform xsi:type="MatrixTransform">
                <Matrix>
                  <M11>1</M11>
                  <M12>0</M12>
                  <M21>0</M21>
                  <M22>1</M22>
                  <OffsetX>0</OffsetX>
                  <OffsetY>0</OffsetY>
                </Matrix>
              </Transform>
              <RelativeTransform xsi:type="MatrixTransform">
                <Matrix>
                  <M11>1</M11>
                  <M12>0</M12>
                  <M21>0</M21>
                  <M22>1</M22>
                  <OffsetX>0</OffsetX>
                  <OffsetY>0</OffsetY>
                </Matrix>
              </RelativeTransform>
              <ColorInterpolationMode>SRgbLinearInterpolation</ColorInterpolationMode>
              <MappingMode>RelativeToBoundingBox</MappingMode>
              <SpreadMethod>Pad</SpreadMethod>
              <GradientStops>
                <GradientStop>
                  <Color>
                    <A>255</A>
                    <R>255</R>
                    <G>0</G>
                    <B>0</B>
                    <ScA>1</ScA>
                    <ScR>1</ScR>
                    <ScG>0</ScG>
                    <ScB>0</ScB>
                  </Color>
                  <Offset>0.070422535211267609</Offset>
                </GradientStop>
                <GradientStop>
                  <Color>
                    <A>255</A>
                    <R>255</R>
                    <G>0</G>
                    <B>0</B>
                    <ScA>1</ScA>
                    <ScR>1</ScR>
                    <ScG>0</ScG>
                    <ScB>0</ScB>
                  </Color>
                  <Offset>0.908450704225352</Offset>
                </GradientStop>
                <GradientStop>
                  <Color>
                    <A>255</A>
                    <R>251</R>
                    <G>0</G>
                    <B>255</B>
                    <ScA>1</ScA>
                    <ScR>0.9646863</ScR>
                    <ScG>0</ScG>
                    <ScB>1</ScB>
                  </Color>
                  <Offset>0.21247220163083763</Offset>
                </GradientStop>
                <GradientStop>
                  <Color>
                    <A>255</A>
                    <R>27</R>
                    <G>0</G>
                    <B>252</B>
                    <ScA>1</ScA>
                    <ScR>0.0109600946</ScR>
                    <ScG>0</ScG>
                    <ScB>0.9734453</ScB>
                  </Color>
                  <Offset>0.34544106745737579</Offset>
                </GradientStop>
                <GradientStop>
                  <Color>
                    <A>255</A>
                    <R>0</R>
                    <G>243</G>
                    <B>255</B>
                    <ScA>1</ScA>
                    <ScR>0</ScR>
                    <ScG>0.8962694</ScG>
                    <ScB>1</ScB>
                  </Color>
                  <Offset>0.47600074128984426</Offset>
                </GradientStop>
                <GradientStop>
                  <Color>
                    <A>255</A>
                    <R>62</R>
                    <G>255</G>
                    <B>0</B>
                    <ScA>1</ScA>
                    <ScR>0.0481718257</ScR>
                    <ScG>1</ScG>
                    <ScB>0</ScB>
                  </Color>
                  <Offset>0.62731653076352845</Offset>
                </GradientStop>
                <GradientStop>
                  <Color>
                    <A>255</A>
                    <R>255</R>
                    <G>223</G>
                    <B>0</B>
                    <ScA>1</ScA>
                    <ScR>1</ScR>
                    <ScG>0.73791045</ScG>
                    <ScB>0</ScB>
                  </Color>
                  <Offset>0.76121200889547846</Offset>
                </GradientStop>
              </GradientStops>
              <StartPoint>
                <X>0</X>
                <Y>0</Y>
              </StartPoint>
              <EndPoint>
                <X>1</X>
                <Y>1</Y>
              </EndPoint>
            </Brush>
            <X>0</X>
            <Y>0</Y>
            <Width>22</Width>
            <Height>6</Height>
            <Opacity>1</Opacity>
            <Contain>false</Contain>
            <Animation>None</Animation>
            <AnimationSpeed>0.3</AnimationSpeed>
            <DynamicProperties />
          </Properties>
          <Children />
        </LayerModel>
        <LayerModel>
          <Name>Horizontal rainbow</Name>
          <Order>4</Order>
          <LayerType>Keyboard</LayerType>
          <Enabled>false</Enabled>
          <Expanded>false</Expanded>
          <Properties xsi:type="KeyboardPropertiesModel">
            <Conditions />
            <Brush xsi:type="LinearGradientBrush">
              <Opacity>1</Opacity>
              <Transform xsi:type="MatrixTransform">
                <Matrix>
                  <M11>1</M11>
                  <M12>0</M12>
                  <M21>0</M21>
                  <M22>1</M22>
                  <OffsetX>0</OffsetX>
                  <OffsetY>0</OffsetY>
                </Matrix>
              </Transform>
              <RelativeTransform xsi:type="MatrixTransform">
                <Matrix>
                  <M11>1</M11>
                  <M12>0</M12>
                  <M21>0</M21>
                  <M22>1</M22>
                  <OffsetX>0</OffsetX>
                  <OffsetY>0</OffsetY>
                </Matrix>
              </RelativeTransform>
              <ColorInterpolationMode>SRgbLinearInterpolation</ColorInterpolationMode>
              <MappingMode>RelativeToBoundingBox</MappingMode>
              <SpreadMethod>Pad</SpreadMethod>
              <GradientStops>
                <GradientStop>
                  <Color>
                    <A>255</A>
                    <R>255</R>
                    <G>0</G>
                    <B>0</B>
                    <ScA>1</ScA>
                    <ScR>1</ScR>
                    <ScG>0</ScG>
                    <ScB>0</ScB>
                  </Color>
                  <Offset>0.070422535211267609</Offset>
                </GradientStop>
                <GradientStop>
                  <Color>
                    <A>255</A>
                    <R>255</R>
                    <G>0</G>
                    <B>0</B>
                    <ScA>1</ScA>
                    <ScR>1</ScR>
                    <ScG>0</ScG>
                    <ScB>0</ScB>
                  </Color>
                  <Offset>0.908450704225352</Offset>
                </GradientStop>
                <GradientStop>
                  <Color>
                    <A>255</A>
                    <R>27</R>
                    <G>0</G>
                    <B>252</B>
                    <ScA>1</ScA>
                    <ScR>0.0109600946</ScR>
                    <ScG>0</ScG>
                    <ScB>0.9734453</ScB>
                  </Color>
                  <Offset>0.28910303928836178</Offset>
                </GradientStop>
                <GradientStop>
                  <Color>
                    <A>255</A>
                    <R>62</R>
                    <G>255</G>
                    <B>0</B>
                    <ScA>1</ScA>
                    <ScR>0.0481718257</ScR>
                    <ScG>1</ScG>
                    <ScB>0</ScB>
                  </Color>
                  <Offset>0.49351371386212006</Offset>
                </GradientStop>
                <GradientStop>
                  <Color>
                    <A>255</A>
                    <R>255</R>
                    <G>223</G>
                    <B>0</B>
                    <ScA>1</ScA>
                    <ScR>1</ScR>
                    <ScG>0.73791045</ScG>
                    <ScB>0</ScB>
                  </Color>
                  <Offset>0.718958487768718</Offset>
                </GradientStop>
              </GradientStops>
              <StartPoint>
                <X>1</X>
                <Y>0</Y>
              </StartPoint>
              <EndPoint>
                <X>1</X>
                <Y>1</Y>
              </EndPoint>
            </Brush>
            <X>0</X>
            <Y>0</Y>
            <Width>22</Width>
            <Height>6</Height>
            <Opacity>1</Opacity>
            <Contain>false</Contain>
            <Animation>None</Animation>
            <AnimationSpeed>0.15000000000000002</AnimationSpeed>
            <DynamicProperties />
          </Properties>
          <Children />
        </LayerModel>
        <LayerModel>
          <Name>Radient</Name>
          <Order>5</Order>
          <LayerType>Keyboard</LayerType>
          <Enabled>false</Enabled>
          <Expanded>false</Expanded>
          <Properties xsi:type="KeyboardPropertiesModel">
            <Conditions />
            <Brush xsi:type="RadialGradientBrush">
              <Opacity>1</Opacity>
              <Transform xsi:type="MatrixTransform">
                <Matrix>
                  <M11>1</M11>
                  <M12>0</M12>
                  <M21>0</M21>
                  <M22>1</M22>
                  <OffsetX>0</OffsetX>
                  <OffsetY>0</OffsetY>
                </Matrix>
              </Transform>
              <RelativeTransform xsi:type="MatrixTransform">
                <Matrix>
                  <M11>1</M11>
                  <M12>0</M12>
                  <M21>0</M21>
                  <M22>1</M22>
                  <OffsetX>0</OffsetX>
                  <OffsetY>0</OffsetY>
                </Matrix>
              </RelativeTransform>
              <ColorInterpolationMode>SRgbLinearInterpolation</ColorInterpolationMode>
              <MappingMode>RelativeToBoundingBox</MappingMode>
              <SpreadMethod>Pad</SpreadMethod>
              <GradientStops>
                <GradientStop>
                  <Color>
                    <A>255</A>
                    <R>255</R>
                    <G>0</G>
                    <B>0</B>
                    <ScA>1</ScA>
                    <ScR>1</ScR>
                    <ScG>0</ScG>
                    <ScB>0</ScB>
                  </Color>
                  <Offset>1</Offset>
                </GradientStop>
                <GradientStop>
                  <Color>
                    <A>255</A>
                    <R>255</R>
                    <G>223</G>
                    <B>0</B>
                    <ScA>1</ScA>
                    <ScR>1</ScR>
                    <ScG>0.73791045</ScG>
                    <ScB>0</ScB>
                  </Color>
                  <Offset>0.14084507042253522</Offset>
                </GradientStop>
                <GradientStop>
                  <Color>
                    <A>255</A>
                    <R>0</R>
                    <G>78</G>
                    <B>255</B>
                    <ScA>1</ScA>
                    <ScR>0</ScR>
                    <ScG>0.07618539</ScG>
                    <ScB>1</ScB>
                  </Color>
                  <Offset>0.4694217939214233</Offset>
                </GradientStop>
              </GradientStops>
              <Center>
                <X>0.5</X>
                <Y>0.5</Y>
              </Center>
              <RadiusX>0.5</RadiusX>
              <RadiusY>0.5</RadiusY>
              <GradientOrigin>
                <X>0.5</X>
                <Y>0.5</Y>
              </GradientOrigin>
            </Brush>
            <X>0</X>
            <Y>0</Y>
            <Width>22</Width>
            <Height>6</Height>
            <Opacity>1</Opacity>
            <Contain>false</Contain>
            <Animation>None</Animation>
            <AnimationSpeed>0.15000000000000002</AnimationSpeed>
            <DynamicProperties />
          </Properties>
          <Children />
        </LayerModel>
      </Children>
    </LayerModel>
    <LayerModel>
      <Name>Demo - Animations</Name>
      <Order>1</Order>
      <LayerType>Folder</LayerType>
      <Enabled>true</Enabled>
      <Expanded>true</Expanded>
      <Properties xsi:type="KeyboardPropertiesModel">
        <Conditions />
        <Brush xsi:type="SolidColorBrush">
          <Opacity>1</Opacity>
          <Transform xsi:type="MatrixTransform">
            <Matrix>
              <M11>1</M11>
              <M12>0</M12>
              <M21>0</M21>
              <M22>1</M22>
              <OffsetX>0</OffsetX>
              <OffsetY>0</OffsetY>
            </Matrix>
          </Transform>
          <RelativeTransform xsi:type="MatrixTransform">
            <Matrix>
              <M11>1</M11>
              <M12>0</M12>
              <M21>0</M21>
              <M22>1</M22>
              <OffsetX>0</OffsetX>
              <OffsetY>0</OffsetY>
            </Matrix>
          </RelativeTransform>
          <Color>
            <A>255</A>
            <R>255</R>
            <G>170</G>
            <B>0</B>
            <ScA>1</ScA>
            <ScR>1</ScR>
            <ScG>0.4019778</ScG>
            <ScB>0</ScB>
          </Color>
        </Brush>
        <X>0</X>
        <Y>0</Y>
        <Width>1</Width>
        <Height>1</Height>
        <Opacity>1</Opacity>
        <Contain>false</Contain>
        <Animation>None</Animation>
        <AnimationSpeed>0</AnimationSpeed>
        <DynamicProperties />
      </Properties>
      <Children>
        <LayerModel>
          <Name>Sliding simple gradient</Name>
          <Order>0</Order>
          <LayerType>Keyboard</LayerType>
          <Enabled>true</Enabled>
          <Expanded>false</Expanded>
          <Properties xsi:type="KeyboardPropertiesModel">
            <Conditions />
            <Brush xsi:type="LinearGradientBrush">
              <Opacity>1</Opacity>
              <Transform xsi:type="MatrixTransform">
                <Matrix>
                  <M11>1</M11>
                  <M12>0</M12>
                  <M21>0</M21>
                  <M22>1</M22>
                  <OffsetX>0</OffsetX>
                  <OffsetY>0</OffsetY>
                </Matrix>
              </Transform>
              <RelativeTransform xsi:type="MatrixTransform">
                <Matrix>
                  <M11>1</M11>
                  <M12>0</M12>
                  <M21>0</M21>
                  <M22>1</M22>
                  <OffsetX>0</OffsetX>
                  <OffsetY>0</OffsetY>
                </Matrix>
              </RelativeTransform>
              <ColorInterpolationMode>SRgbLinearInterpolation</ColorInterpolationMode>
              <MappingMode>RelativeToBoundingBox</MappingMode>
              <SpreadMethod>Pad</SpreadMethod>
              <GradientStops>
                <GradientStop>
                  <Color>
                    <A>255</A>
                    <R>7</R>
                    <G>144</G>
                    <B>142</B>
                    <ScA>1</ScA>
                    <ScR>0.00212468882</ScR>
                    <ScG>0.2788943</ScG>
                    <ScB>0.270497829</ScB>
                  </Color>
                  <Offset>0</Offset>
                </GradientStop>
                <GradientStop>
                  <Color>
                    <A>255</A>
                    <R>7</R>
                    <G>144</G>
                    <B>142</B>
                    <ScA>1</ScA>
                    <ScR>0.00212468882</ScR>
                    <ScG>0.2788943</ScG>
                    <ScB>0.270497829</ScB>
                  </Color>
                  <Offset>1</Offset>
                </GradientStop>
                <GradientStop>
                  <Color>
                    <A>255</A>
                    <R>255</R>
                    <G>214</G>
                    <B>0</B>
                    <ScA>1</ScA>
                    <ScR>1</ScR>
                    <ScG>0.672443151</ScG>
                    <ScB>0</ScB>
                  </Color>
                  <Offset>0.47952186805040808</Offset>
                </GradientStop>
              </GradientStops>
              <StartPoint>
                <X>0</X>
                <Y>0</Y>
              </StartPoint>
              <EndPoint>
                <X>1</X>
                <Y>0</Y>
              </EndPoint>
            </Brush>
            <X>0</X>
            <Y>0</Y>
            <Width>22</Width>
            <Height>6</Height>
            <Opacity>1</Opacity>
            <Contain>false</Contain>
            <Animation>SlideRight</Animation>
            <AnimationSpeed>0.3</AnimationSpeed>
            <DynamicProperties />
          </Properties>
          <Children />
        </LayerModel>
        <LayerModel>
          <Name>Sliding rainbow</Name>
          <Order>1</Order>
          <LayerType>Keyboard</LayerType>
          <Enabled>false</Enabled>
          <Expanded>false</Expanded>
          <Properties xsi:type="KeyboardPropertiesModel">
            <Conditions />
            <Brush xsi:type="LinearGradientBrush">
              <Opacity>1</Opacity>
              <Transform xsi:type="MatrixTransform">
                <Matrix>
                  <M11>1</M11>
                  <M12>0</M12>
                  <M21>0</M21>
                  <M22>1</M22>
                  <OffsetX>0</OffsetX>
                  <OffsetY>0</OffsetY>
                </Matrix>
              </Transform>
              <RelativeTransform xsi:type="MatrixTransform">
                <Matrix>
                  <M11>1</M11>
                  <M12>0</M12>
                  <M21>0</M21>
                  <M22>1</M22>
                  <OffsetX>0</OffsetX>
                  <OffsetY>0</OffsetY>
                </Matrix>
              </RelativeTransform>
              <ColorInterpolationMode>SRgbLinearInterpolation</ColorInterpolationMode>
              <MappingMode>RelativeToBoundingBox</MappingMode>
              <SpreadMethod>Pad</SpreadMethod>
              <GradientStops>
                <GradientStop>
                  <Color>
                    <A>255</A>
                    <R>255</R>
                    <G>0</G>
                    <B>0</B>
                    <ScA>1</ScA>
                    <ScR>1</ScR>
                    <ScG>0</ScG>
                    <ScB>0</ScB>
                  </Color>
                  <Offset>0.070422535211267609</Offset>
                </GradientStop>
                <GradientStop>
                  <Color>
                    <A>255</A>
                    <R>255</R>
                    <G>0</G>
                    <B>0</B>
                    <ScA>1</ScA>
                    <ScR>1</ScR>
                    <ScG>0</ScG>
                    <ScB>0</ScB>
                  </Color>
                  <Offset>0.908450704225352</Offset>
                </GradientStop>
                <GradientStop>
                  <Color>
                    <A>255</A>
                    <R>251</R>
                    <G>0</G>
                    <B>255</B>
                    <ScA>1</ScA>
                    <ScR>0.9646863</ScR>
                    <ScG>0</ScG>
                    <ScB>1</ScB>
                  </Color>
                  <Offset>0.21247220163083763</Offset>
                </GradientStop>
                <GradientStop>
                  <Color>
                    <A>255</A>
                    <R>27</R>
                    <G>0</G>
                    <B>252</B>
                    <ScA>1</ScA>
                    <ScR>0.0109600946</ScR>
                    <ScG>0</ScG>
                    <ScB>0.9734453</ScB>
                  </Color>
                  <Offset>0.34544106745737579</Offset>
                </GradientStop>
                <GradientStop>
                  <Color>
                    <A>255</A>
                    <R>0</R>
                    <G>243</G>
                    <B>255</B>
                    <ScA>1</ScA>
                    <ScR>0</ScR>
                    <ScG>0.8962694</ScG>
                    <ScB>1</ScB>
                  </Color>
                  <Offset>0.47600074128984426</Offset>
                </GradientStop>
                <GradientStop>
                  <Color>
                    <A>255</A>
                    <R>62</R>
                    <G>255</G>
                    <B>0</B>
                    <ScA>1</ScA>
                    <ScR>0.0481718257</ScR>
                    <ScG>1</ScG>
                    <ScB>0</ScB>
                  </Color>
                  <Offset>0.62731653076352845</Offset>
                </GradientStop>
                <GradientStop>
                  <Color>
                    <A>255</A>
                    <R>255</R>
                    <G>223</G>
                    <B>0</B>
                    <ScA>1</ScA>
                    <ScR>1</ScR>
                    <ScG>0.73791045</ScG>
                    <ScB>0</ScB>
                  </Color>
                  <Offset>0.76121200889547846</Offset>
                </GradientStop>
              </GradientStops>
              <StartPoint>
                <X>0</X>
                <Y>0</Y>
              </StartPoint>
              <EndPoint>
                <X>1</X>
                <Y>1</Y>
              </EndPoint>
            </Brush>
            <X>0</X>
            <Y>0</Y>
            <Width>22</Width>
            <Height>6</Height>
            <Opacity>1</Opacity>
            <Contain>false</Contain>
            <Animation>SlideRight</Animation>
            <AnimationSpeed>0.3</AnimationSpeed>
            <DynamicProperties />
          </Properties>
          <Children />
        </LayerModel>
        <LayerModel>
          <Name>Sliding down rainbow</Name>
          <Order>2</Order>
          <LayerType>Keyboard</LayerType>
          <Enabled>false</Enabled>
          <Expanded>false</Expanded>
          <Properties xsi:type="KeyboardPropertiesModel">
            <Conditions />
            <Brush xsi:type="LinearGradientBrush">
              <Opacity>1</Opacity>
              <Transform xsi:type="MatrixTransform">
                <Matrix>
                  <M11>1</M11>
                  <M12>0</M12>
                  <M21>0</M21>
                  <M22>1</M22>
                  <OffsetX>0</OffsetX>
                  <OffsetY>0</OffsetY>
                </Matrix>
              </Transform>
              <RelativeTransform xsi:type="MatrixTransform">
                <Matrix>
                  <M11>1</M11>
                  <M12>0</M12>
                  <M21>0</M21>
                  <M22>1</M22>
                  <OffsetX>0</OffsetX>
                  <OffsetY>0</OffsetY>
                </Matrix>
              </RelativeTransform>
              <ColorInterpolationMode>SRgbLinearInterpolation</ColorInterpolationMode>
              <MappingMode>RelativeToBoundingBox</MappingMode>
              <SpreadMethod>Pad</SpreadMethod>
              <GradientStops>
                <GradientStop>
                  <Color>
                    <A>255</A>
                    <R>255</R>
                    <G>0</G>
                    <B>0</B>
                    <ScA>1</ScA>
                    <ScR>1</ScR>
                    <ScG>0</ScG>
                    <ScB>0</ScB>
                  </Color>
                  <Offset>0.070422535211267609</Offset>
                </GradientStop>
                <GradientStop>
                  <Color>
                    <A>255</A>
                    <R>255</R>
                    <G>0</G>
                    <B>0</B>
                    <ScA>1</ScA>
                    <ScR>1</ScR>
                    <ScG>0</ScG>
                    <ScB>0</ScB>
                  </Color>
                  <Offset>0.908450704225352</Offset>
                </GradientStop>
                <GradientStop>
                  <Color>
                    <A>255</A>
                    <R>27</R>
                    <G>0</G>
                    <B>252</B>
                    <ScA>1</ScA>
                    <ScR>0.0109600946</ScR>
                    <ScG>0</ScG>
                    <ScB>0.9734453</ScB>
                  </Color>
                  <Offset>0.28910303928836178</Offset>
                </GradientStop>
                <GradientStop>
                  <Color>
                    <A>255</A>
                    <R>62</R>
                    <G>255</G>
                    <B>0</B>
                    <ScA>1</ScA>
                    <ScR>0.0481718257</ScR>
                    <ScG>1</ScG>
                    <ScB>0</ScB>
                  </Color>
                  <Offset>0.49351371386212006</Offset>
                </GradientStop>
                <GradientStop>
                  <Color>
                    <A>255</A>
                    <R>255</R>
                    <G>223</G>
                    <B>0</B>
                    <ScA>1</ScA>
                    <ScR>1</ScR>
                    <ScG>0.73791045</ScG>
                    <ScB>0</ScB>
                  </Color>
                  <Offset>0.718958487768718</Offset>
                </GradientStop>
              </GradientStops>
              <StartPoint>
                <X>1</X>
                <Y>0</Y>
              </StartPoint>
              <EndPoint>
                <X>1</X>
                <Y>1</Y>
              </EndPoint>
            </Brush>
            <X>0</X>
            <Y>0</Y>
            <Width>22</Width>
            <Height>6</Height>
            <Opacity>1</Opacity>
            <Contain>false</Contain>
            <Animation>SlideDown</Animation>
            <AnimationSpeed>0.15000000000000002</AnimationSpeed>
            <DynamicProperties />
          </Properties>
          <Children />
        </LayerModel>
        <LayerModel>
          <Name>Pulsing rainbow</Name>
          <Order>3</Order>
          <LayerType>Keyboard</LayerType>
          <Enabled>false</Enabled>
          <Expanded>false</Expanded>
          <Properties xsi:type="KeyboardPropertiesModel">
            <Conditions />
            <Brush xsi:type="LinearGradientBrush">
              <Opacity>1</Opacity>
              <Transform xsi:type="MatrixTransform">
                <Matrix>
                  <M11>1</M11>
                  <M12>0</M12>
                  <M21>0</M21>
                  <M22>1</M22>
                  <OffsetX>0</OffsetX>
                  <OffsetY>0</OffsetY>
                </Matrix>
              </Transform>
              <RelativeTransform xsi:type="MatrixTransform">
                <Matrix>
                  <M11>1</M11>
                  <M12>0</M12>
                  <M21>0</M21>
                  <M22>1</M22>
                  <OffsetX>0</OffsetX>
                  <OffsetY>0</OffsetY>
                </Matrix>
              </RelativeTransform>
              <ColorInterpolationMode>SRgbLinearInterpolation</ColorInterpolationMode>
              <MappingMode>RelativeToBoundingBox</MappingMode>
              <SpreadMethod>Pad</SpreadMethod>
              <GradientStops>
                <GradientStop>
                  <Color>
                    <A>255</A>
                    <R>255</R>
                    <G>0</G>
                    <B>0</B>
                    <ScA>1</ScA>
                    <ScR>1</ScR>
                    <ScG>0</ScG>
                    <ScB>0</ScB>
                  </Color>
                  <Offset>0.070422535211267609</Offset>
                </GradientStop>
                <GradientStop>
                  <Color>
                    <A>255</A>
                    <R>255</R>
                    <G>0</G>
                    <B>0</B>
                    <ScA>1</ScA>
                    <ScR>1</ScR>
                    <ScG>0</ScG>
                    <ScB>0</ScB>
                  </Color>
                  <Offset>0.908450704225352</Offset>
                </GradientStop>
                <GradientStop>
                  <Color>
                    <A>255</A>
                    <R>251</R>
                    <G>0</G>
                    <B>255</B>
                    <ScA>1</ScA>
                    <ScR>0.9646863</ScR>
                    <ScG>0</ScG>
                    <ScB>1</ScB>
                  </Color>
                  <Offset>0.21247220163083763</Offset>
                </GradientStop>
                <GradientStop>
                  <Color>
                    <A>255</A>
                    <R>27</R>
                    <G>0</G>
                    <B>252</B>
                    <ScA>1</ScA>
                    <ScR>0.0109600946</ScR>
                    <ScG>0</ScG>
                    <ScB>0.9734453</ScB>
                  </Color>
                  <Offset>0.34544106745737579</Offset>
                </GradientStop>
                <GradientStop>
                  <Color>
                    <A>255</A>
                    <R>0</R>
                    <G>243</G>
                    <B>255</B>
                    <ScA>1</ScA>
                    <ScR>0</ScR>
                    <ScG>0.8962694</ScG>
                    <ScB>1</ScB>
                  </Color>
                  <Offset>0.47600074128984426</Offset>
                </GradientStop>
                <GradientStop>
                  <Color>
                    <A>255</A>
                    <R>62</R>
                    <G>255</G>
                    <B>0</B>
                    <ScA>1</ScA>
                    <ScR>0.0481718257</ScR>
                    <ScG>1</ScG>
                    <ScB>0</ScB>
                  </Color>
                  <Offset>0.62731653076352845</Offset>
                </GradientStop>
                <GradientStop>
                  <Color>
                    <A>255</A>
                    <R>255</R>
                    <G>223</G>
                    <B>0</B>
                    <ScA>1</ScA>
                    <ScR>1</ScR>
                    <ScG>0.73791045</ScG>
                    <ScB>0</ScB>
                  </Color>
                  <Offset>0.76121200889547846</Offset>
                </GradientStop>
              </GradientStops>
              <StartPoint>
                <X>0</X>
                <Y>0</Y>
              </StartPoint>
              <EndPoint>
                <X>1</X>
                <Y>1</Y>
              </EndPoint>
            </Brush>
            <X>0</X>
            <Y>0</Y>
            <Width>22</Width>
            <Height>6</Height>
            <Opacity>1</Opacity>
            <Contain>false</Contain>
            <Animation>Pulse</Animation>
            <AnimationSpeed>0.1</AnimationSpeed>
            <DynamicProperties />
          </Properties>
          <Children />
        </LayerModel>
        <LayerModel>
          <Name>Growing rainbow</Name>
          <Order>4</Order>
          <LayerType>Keyboard</LayerType>
          <Enabled>false</Enabled>
          <Expanded>false</Expanded>
          <Properties xsi:type="KeyboardPropertiesModel">
            <Conditions />
            <Brush xsi:type="LinearGradientBrush">
              <Opacity>1</Opacity>
              <Transform xsi:type="MatrixTransform">
                <Matrix>
                  <M11>1</M11>
                  <M12>0</M12>
                  <M21>0</M21>
                  <M22>1</M22>
                  <OffsetX>0</OffsetX>
                  <OffsetY>0</OffsetY>
                </Matrix>
              </Transform>
              <RelativeTransform xsi:type="MatrixTransform">
                <Matrix>
                  <M11>1</M11>
                  <M12>0</M12>
                  <M21>0</M21>
                  <M22>1</M22>
                  <OffsetX>0</OffsetX>
                  <OffsetY>0</OffsetY>
                </Matrix>
              </RelativeTransform>
              <ColorInterpolationMode>SRgbLinearInterpolation</ColorInterpolationMode>
              <MappingMode>RelativeToBoundingBox</MappingMode>
              <SpreadMethod>Pad</SpreadMethod>
              <GradientStops>
                <GradientStop>
                  <Color>
                    <A>255</A>
                    <R>255</R>
                    <G>0</G>
                    <B>0</B>
                    <ScA>1</ScA>
                    <ScR>1</ScR>
                    <ScG>0</ScG>
                    <ScB>0</ScB>
                  </Color>
                  <Offset>0.070422535211267609</Offset>
                </GradientStop>
                <GradientStop>
                  <Color>
                    <A>255</A>
                    <R>255</R>
                    <G>0</G>
                    <B>0</B>
                    <ScA>1</ScA>
                    <ScR>1</ScR>
                    <ScG>0</ScG>
                    <ScB>0</ScB>
                  </Color>
                  <Offset>0.908450704225352</Offset>
                </GradientStop>
                <GradientStop>
                  <Color>
                    <A>255</A>
                    <R>251</R>
                    <G>0</G>
                    <B>255</B>
                    <ScA>1</ScA>
                    <ScR>0.9646863</ScR>
                    <ScG>0</ScG>
                    <ScB>1</ScB>
                  </Color>
                  <Offset>0.21247220163083763</Offset>
                </GradientStop>
                <GradientStop>
                  <Color>
                    <A>255</A>
                    <R>27</R>
                    <G>0</G>
                    <B>252</B>
                    <ScA>1</ScA>
                    <ScR>0.0109600946</ScR>
                    <ScG>0</ScG>
                    <ScB>0.9734453</ScB>
                  </Color>
                  <Offset>0.34544106745737579</Offset>
                </GradientStop>
                <GradientStop>
                  <Color>
                    <A>255</A>
                    <R>0</R>
                    <G>243</G>
                    <B>255</B>
                    <ScA>1</ScA>
                    <ScR>0</ScR>
                    <ScG>0.8962694</ScG>
                    <ScB>1</ScB>
                  </Color>
                  <Offset>0.47600074128984426</Offset>
                </GradientStop>
                <GradientStop>
                  <Color>
                    <A>255</A>
                    <R>62</R>
                    <G>255</G>
                    <B>0</B>
                    <ScA>1</ScA>
                    <ScR>0.0481718257</ScR>
                    <ScG>1</ScG>
                    <ScB>0</ScB>
                  </Color>
                  <Offset>0.62731653076352845</Offset>
                </GradientStop>
                <GradientStop>
                  <Color>
                    <A>255</A>
                    <R>255</R>
                    <G>223</G>
                    <B>0</B>
                    <ScA>1</ScA>
                    <ScR>1</ScR>
                    <ScG>0.73791045</ScG>
                    <ScB>0</ScB>
                  </Color>
                  <Offset>0.76121200889547846</Offset>
                </GradientStop>
              </GradientStops>
              <StartPoint>
                <X>0</X>
                <Y>0</Y>
              </StartPoint>
              <EndPoint>
                <X>1</X>
                <Y>1</Y>
              </EndPoint>
            </Brush>
            <X>0</X>
            <Y>0</Y>
            <Width>22</Width>
            <Height>6</Height>
            <Opacity>1</Opacity>
            <Contain>false</Contain>
            <Animation>Grow</Animation>
            <AnimationSpeed>0.1</AnimationSpeed>
            <DynamicProperties />
          </Properties>
          <Children />
        </LayerModel>
        <LayerModel>
          <Name>Growing rainbow circle</Name>
          <Order>5</Order>
          <LayerType>Keyboard</LayerType>
          <Enabled>false</Enabled>
          <Expanded>false</Expanded>
          <Properties xsi:type="KeyboardPropertiesModel">
            <Conditions />
            <Brush xsi:type="RadialGradientBrush">
              <Opacity>1</Opacity>
              <Transform xsi:type="MatrixTransform">
                <Matrix>
                  <M11>1</M11>
                  <M12>0</M12>
                  <M21>0</M21>
                  <M22>1</M22>
                  <OffsetX>0</OffsetX>
                  <OffsetY>0</OffsetY>
                </Matrix>
              </Transform>
              <RelativeTransform xsi:type="MatrixTransform">
                <Matrix>
                  <M11>1</M11>
                  <M12>0</M12>
                  <M21>0</M21>
                  <M22>1</M22>
                  <OffsetX>0</OffsetX>
                  <OffsetY>0</OffsetY>
                </Matrix>
              </RelativeTransform>
              <ColorInterpolationMode>SRgbLinearInterpolation</ColorInterpolationMode>
              <MappingMode>RelativeToBoundingBox</MappingMode>
              <SpreadMethod>Pad</SpreadMethod>
              <GradientStops>
                <GradientStop>
                  <Color>
                    <A>255</A>
                    <R>255</R>
                    <G>0</G>
                    <B>0</B>
                    <ScA>1</ScA>
                    <ScR>1</ScR>
                    <ScG>0</ScG>
                    <ScB>0</ScB>
                  </Color>
                  <Offset>0.37323943661971831</Offset>
                </GradientStop>
                <GradientStop>
                  <Color>
                    <A>255</A>
                    <R>251</R>
                    <G>0</G>
                    <B>255</B>
                    <ScA>1</ScA>
                    <ScR>0.9646863</ScR>
                    <ScG>0</ScG>
                    <ScB>1</ScB>
                  </Color>
                  <Offset>0.465993328391401</Offset>
                </GradientStop>
                <GradientStop>
                  <Color>
                    <A>255</A>
                    <R>27</R>
                    <G>0</G>
                    <B>252</B>
                    <ScA>1</ScA>
                    <ScR>0.0109600946</ScR>
                    <ScG>0</ScG>
                    <ScB>0.9734453</ScB>
                  </Color>
                  <Offset>0.56375092661230541</Offset>
                </GradientStop>
                <GradientStop>
                  <Color>
                    <A>255</A>
                    <R>0</R>
                    <G>243</G>
                    <B>255</B>
                    <ScA>1</ScA>
                    <ScR>0</ScR>
                    <ScG>0.8962694</ScG>
                    <ScB>1</ScB>
                  </Color>
                  <Offset>0.66614158636026688</Offset>
                </GradientStop>
                <GradientStop>
                  <Color>
                    <A>255</A>
                    <R>62</R>
                    <G>255</G>
                    <B>0</B>
                    <ScA>1</ScA>
                    <ScR>0.0481718257</ScR>
                    <ScG>1</ScG>
                    <ScB>0</ScB>
                  </Color>
                  <Offset>0.76816160118606358</Offset>
                </GradientStop>
                <GradientStop>
                  <Color>
                    <A>255</A>
                    <R>255</R>
                    <G>223</G>
                    <B>0</B>
                    <ScA>1</ScA>
                    <ScR>1</ScR>
                    <ScG>0.73791045</ScG>
                    <ScB>0</ScB>
                  </Color>
                  <Offset>0.86684581171238</Offset>
                </GradientStop>
                <GradientStop>
                  <Color>
                    <A>0</A>
                    <R>255</R>
                    <G>0</G>
                    <B>0</B>
                    <ScA>0</ScA>
                    <ScR>1</ScR>
                    <ScG>0</ScG>
                    <ScB>0</ScB>
                  </Color>
                  <Offset>0.36814306893995541</Offset>
                </GradientStop>
                <GradientStop>
                  <Color>
                    <A>0</A>
                    <R>255</R>
                    <G>222</G>
                    <B>0</B>
                    <ScA>0</ScA>
                    <ScR>1</ScR>
                    <ScG>0.730460763</ScG>
                    <ScB>0</ScB>
                  </Color>
                  <Offset>0.87259080800593047</Offset>
                </GradientStop>
              </GradientStops>
              <Center>
                <X>0.5</X>
                <Y>0.5</Y>
              </Center>
              <RadiusX>0.5</RadiusX>
              <RadiusY>0.5</RadiusY>
              <GradientOrigin>
                <X>0.5</X>
                <Y>0.5</Y>
              </GradientOrigin>
            </Brush>
            <X>8</X>
            <Y>0</Y>
            <Width>6</Width>
            <Height>6</Height>
            <Opacity>1</Opacity>
            <Contain>false</Contain>
            <Animation>Grow</Animation>
            <AnimationSpeed>0.35000000000000003</AnimationSpeed>
            <DynamicProperties />
          </Properties>
          <Children />
        </LayerModel>
      </Children>
    </LayerModel>
    <LayerModel>
      <Name>Demo - Multiple circles</Name>
      <Order>2</Order>
      <LayerType>Folder</LayerType>
      <Enabled>false</Enabled>
      <Expanded>false</Expanded>
      <Properties xsi:type="KeyboardPropertiesModel">
        <Conditions />
        <Brush xsi:type="SolidColorBrush">
          <Opacity>1</Opacity>
          <Transform xsi:type="MatrixTransform">
            <Matrix>
              <M11>1</M11>
              <M12>0</M12>
              <M21>0</M21>
              <M22>1</M22>
              <OffsetX>0</OffsetX>
              <OffsetY>0</OffsetY>
            </Matrix>
          </Transform>
          <RelativeTransform xsi:type="MatrixTransform">
            <Matrix>
              <M11>1</M11>
              <M12>0</M12>
              <M21>0</M21>
              <M22>1</M22>
              <OffsetX>0</OffsetX>
              <OffsetY>0</OffsetY>
            </Matrix>
          </RelativeTransform>
          <Color>
            <A>255</A>
            <R>255</R>
            <G>0</G>
            <B>95</B>
            <ScA>1</ScA>
            <ScR>1</ScR>
            <ScG>0</ScG>
            <ScB>0.114435382</ScB>
          </Color>
        </Brush>
        <X>0</X>
        <Y>0</Y>
        <Width>1</Width>
        <Height>1</Height>
        <Opacity>1</Opacity>
        <Contain>false</Contain>
        <Animation>None</Animation>
        <AnimationSpeed>0</AnimationSpeed>
        <DynamicProperties />
      </Properties>
      <Children>
        <LayerModel>
          <Name>Growing circle</Name>
          <Order>0</Order>
          <LayerType>Keyboard</LayerType>
          <Enabled>true</Enabled>
          <Expanded>false</Expanded>
          <Properties xsi:type="KeyboardPropertiesModel">
            <Conditions />
            <Brush xsi:type="RadialGradientBrush">
              <Opacity>1</Opacity>
              <Transform xsi:type="MatrixTransform">
                <Matrix>
                  <M11>1</M11>
                  <M12>0</M12>
                  <M21>0</M21>
                  <M22>1</M22>
                  <OffsetX>0</OffsetX>
                  <OffsetY>0</OffsetY>
                </Matrix>
              </Transform>
              <RelativeTransform xsi:type="MatrixTransform">
                <Matrix>
                  <M11>1</M11>
                  <M12>0</M12>
                  <M21>0</M21>
                  <M22>1</M22>
                  <OffsetX>0</OffsetX>
                  <OffsetY>0</OffsetY>
                </Matrix>
              </RelativeTransform>
              <ColorInterpolationMode>SRgbLinearInterpolation</ColorInterpolationMode>
              <MappingMode>RelativeToBoundingBox</MappingMode>
              <SpreadMethod>Pad</SpreadMethod>
              <GradientStops>
                <GradientStop>
                  <Color>
                    <A>255</A>
                    <R>121</R>
                    <G>255</G>
                    <B>0</B>
                    <ScA>1</ScA>
                    <ScR>0.191201687</ScR>
                    <ScG>1</ScG>
                    <ScB>0</ScB>
                  </Color>
                  <Offset>0.64149369903632381</Offset>
                </GradientStop>
                <GradientStop>
                  <Color>
                    <A>0</A>
                    <R>255</R>
                    <G>200</G>
                    <B>0</B>
                    <ScA>0</ScA>
                    <ScR>1</ScR>
                    <ScG>0.577580452</ScG>
                    <ScB>0</ScB>
                  </Color>
                  <Offset>1</Offset>
                </GradientStop>
                <GradientStop>
                  <Color>
                    <A>0</A>
                    <R>86</R>
                    <G>255</G>
                    <B>0</B>
                    <ScA>0</ScA>
                    <ScR>0.0930589661</ScR>
                    <ScG>1</ScG>
                    <ScB>0</ScB>
                  </Color>
                  <Offset>0.63315418828762071</Offset>
                </GradientStop>
                <GradientStop>
                  <Color>
                    <A>255</A>
                    <R>132</R>
                    <G>254</G>
                    <B>0</B>
                    <ScA>1</ScA>
                    <ScR>0.23074007</ScR>
                    <ScG>0.9911021</ScG>
                    <ScB>0</ScB>
                  </Color>
                  <Offset>0.994069681245367</Offset>
                </GradientStop>
              </GradientStops>
              <Center>
                <X>0.5</X>
                <Y>0.5</Y>
              </Center>
              <RadiusX>0.5</RadiusX>
              <RadiusY>0.5</RadiusY>
              <GradientOrigin>
                <X>0.5</X>
                <Y>0.5</Y>
              </GradientOrigin>
            </Brush>
            <X>16</X>
            <Y>0</Y>
            <Width>7</Width>
            <Height>7</Height>
            <Opacity>1</Opacity>
            <Contain>false</Contain>
            <Animation>Grow</Animation>
            <AnimationSpeed>1.1</AnimationSpeed>
            <DynamicProperties />
          </Properties>
          <Children />
        </LayerModel>
        <LayerModel>
          <Name>Growing circle</Name>
          <Order>1</Order>
          <LayerType>Keyboard</LayerType>
          <Enabled>true</Enabled>
          <Expanded>false</Expanded>
          <Properties xsi:type="KeyboardPropertiesModel">
            <Conditions />
            <Brush xsi:type="RadialGradientBrush">
              <Opacity>1</Opacity>
              <Transform xsi:type="MatrixTransform">
                <Matrix>
                  <M11>1</M11>
                  <M12>0</M12>
                  <M21>0</M21>
                  <M22>1</M22>
                  <OffsetX>0</OffsetX>
                  <OffsetY>0</OffsetY>
                </Matrix>
              </Transform>
              <RelativeTransform xsi:type="MatrixTransform">
                <Matrix>
                  <M11>1</M11>
                  <M12>0</M12>
                  <M21>0</M21>
                  <M22>1</M22>
                  <OffsetX>0</OffsetX>
                  <OffsetY>0</OffsetY>
                </Matrix>
              </RelativeTransform>
              <ColorInterpolationMode>SRgbLinearInterpolation</ColorInterpolationMode>
              <MappingMode>RelativeToBoundingBox</MappingMode>
              <SpreadMethod>Pad</SpreadMethod>
              <GradientStops>
                <GradientStop>
                  <Color>
                    <A>255</A>
                    <R>0</R>
                    <G>7</G>
                    <B>255</B>
                    <ScA>1</ScA>
                    <ScR>0</ScR>
                    <ScG>0.00212468882</ScG>
                    <ScB>1</ScB>
                  </Color>
                  <Offset>0.64149369903632381</Offset>
                </GradientStop>
                <GradientStop>
                  <Color>
                    <A>0</A>
                    <R>255</R>
                    <G>200</G>
                    <B>0</B>
                    <ScA>0</ScA>
                    <ScR>1</ScR>
                    <ScG>0.577580452</ScG>
                    <ScB>0</ScB>
                  </Color>
                  <Offset>1</Offset>
                </GradientStop>
                <GradientStop>
                  <Color>
                    <A>0</A>
                    <R>0</R>
                    <G>43</G>
                    <B>255</B>
                    <ScA>0</ScA>
                    <ScR>0</ScR>
                    <ScG>0.024157634</ScG>
                    <ScB>1</ScB>
                  </Color>
                  <Offset>0.64019644180874746</Offset>
                </GradientStop>
                <GradientStop>
                  <Color>
                    <A>255</A>
                    <R>0</R>
                    <G>31</G>
                    <B>254</B>
                    <ScA>1</ScA>
                    <ScR>0</ScR>
                    <ScG>0.0137020834</ScG>
                    <ScB>0.9911021</ScB>
                  </Color>
                  <Offset>0.994069681245367</Offset>
                </GradientStop>
              </GradientStops>
              <Center>
                <X>0.5</X>
                <Y>0.5</Y>
              </Center>
              <RadiusX>0.5</RadiusX>
              <RadiusY>0.5</RadiusY>
              <GradientOrigin>
                <X>0.5</X>
                <Y>0.5</Y>
              </GradientOrigin>
            </Brush>
            <X>-1</X>
            <Y>-1</Y>
            <Width>7</Width>
            <Height>7</Height>
            <Opacity>1</Opacity>
            <Contain>false</Contain>
            <Animation>Grow</Animation>
            <AnimationSpeed>0.55</AnimationSpeed>
            <DynamicProperties />
          </Properties>
          <Children />
        </LayerModel>
        <LayerModel>
          <Name>Growing circle</Name>
          <Order>2</Order>
          <LayerType>Keyboard</LayerType>
          <Enabled>true</Enabled>
          <Expanded>false</Expanded>
          <Properties xsi:type="KeyboardPropertiesModel">
            <Conditions />
            <Brush xsi:type="RadialGradientBrush">
              <Opacity>1</Opacity>
              <Transform xsi:type="MatrixTransform">
                <Matrix>
                  <M11>1</M11>
                  <M12>0</M12>
                  <M21>0</M21>
                  <M22>1</M22>
                  <OffsetX>0</OffsetX>
                  <OffsetY>0</OffsetY>
                </Matrix>
              </Transform>
              <RelativeTransform xsi:type="MatrixTransform">
                <Matrix>
                  <M11>1</M11>
                  <M12>0</M12>
                  <M21>0</M21>
                  <M22>1</M22>
                  <OffsetX>0</OffsetX>
                  <OffsetY>0</OffsetY>
                </Matrix>
              </RelativeTransform>
              <ColorInterpolationMode>SRgbLinearInterpolation</ColorInterpolationMode>
              <MappingMode>RelativeToBoundingBox</MappingMode>
              <SpreadMethod>Pad</SpreadMethod>
              <GradientStops>
                <GradientStop>
                  <Color>
                    <A>255</A>
                    <R>255</R>
                    <G>0</G>
                    <B>0</B>
                    <ScA>1</ScA>
                    <ScR>1</ScR>
                    <ScG>0</ScG>
                    <ScB>0</ScB>
                  </Color>
                  <Offset>0.64149369903632381</Offset>
                </GradientStop>
                <GradientStop>
                  <Color>
                    <A>0</A>
                    <R>255</R>
                    <G>200</G>
                    <B>0</B>
                    <ScA>0</ScA>
                    <ScR>1</ScR>
                    <ScG>0.577580452</ScG>
                    <ScB>0</ScB>
                  </Color>
                  <Offset>1</Offset>
                </GradientStop>
                <GradientStop>
                  <Color>
                    <A>0</A>
                    <R>255</R>
                    <G>0</G>
                    <B>0</B>
                    <ScA>0</ScA>
                    <ScR>1</ScR>
                    <ScG>0</ScG>
                    <ScB>0</ScB>
                  </Color>
                  <Offset>0.64019644180874757</Offset>
                </GradientStop>
                <GradientStop>
                  <Color>
                    <A>255</A>
                    <R>254</R>
                    <G>0</G>
                    <B>0</B>
                    <ScA>1</ScA>
                    <ScR>0.9911021</ScR>
                    <ScG>0</ScG>
                    <ScB>0</ScB>
                  </Color>
                  <Offset>0.994069681245367</Offset>
                </GradientStop>
              </GradientStops>
              <Center>
                <X>0.5</X>
                <Y>0.5</Y>
              </Center>
              <RadiusX>0.5</RadiusX>
              <RadiusY>0.5</RadiusY>
              <GradientOrigin>
                <X>0.5</X>
                <Y>0.5</Y>
              </GradientOrigin>
            </Brush>
            <X>10</X>
            <Y>-2</Y>
            <Width>7</Width>
            <Height>7</Height>
            <Opacity>1</Opacity>
            <Contain>false</Contain>
            <Animation>Grow</Animation>
            <AnimationSpeed>1.3</AnimationSpeed>
            <DynamicProperties />
          </Properties>
          <Children />
        </LayerModel>
        <LayerModel>
          <Name>Growing circle</Name>
          <Order>3</Order>
          <LayerType>Keyboard</LayerType>
          <Enabled>true</Enabled>
          <Expanded>false</Expanded>
          <Properties xsi:type="KeyboardPropertiesModel">
            <Conditions />
            <Brush xsi:type="RadialGradientBrush">
              <Opacity>1</Opacity>
              <Transform xsi:type="MatrixTransform">
                <Matrix>
                  <M11>1</M11>
                  <M12>0</M12>
                  <M21>0</M21>
                  <M22>1</M22>
                  <OffsetX>0</OffsetX>
                  <OffsetY>0</OffsetY>
                </Matrix>
              </Transform>
              <RelativeTransform xsi:type="MatrixTransform">
                <Matrix>
                  <M11>1</M11>
                  <M12>0</M12>
                  <M21>0</M21>
                  <M22>1</M22>
                  <OffsetX>0</OffsetX>
                  <OffsetY>0</OffsetY>
                </Matrix>
              </RelativeTransform>
              <ColorInterpolationMode>SRgbLinearInterpolation</ColorInterpolationMode>
              <MappingMode>RelativeToBoundingBox</MappingMode>
              <SpreadMethod>Pad</SpreadMethod>
              <GradientStops>
                <GradientStop>
                  <Color>
                    <A>255</A>
                    <R>255</R>
                    <G>223</G>
                    <B>0</B>
                    <ScA>1</ScA>
                    <ScR>1</ScR>
                    <ScG>0.73791045</ScG>
                    <ScB>0</ScB>
                  </Color>
                  <Offset>0.64149369903632381</Offset>
                </GradientStop>
                <GradientStop>
                  <Color>
                    <A>0</A>
                    <R>255</R>
                    <G>200</G>
                    <B>0</B>
                    <ScA>0</ScA>
                    <ScR>1</ScR>
                    <ScG>0.577580452</ScG>
                    <ScB>0</ScB>
                  </Color>
                  <Offset>1</Offset>
                </GradientStop>
                <GradientStop>
                  <Color>
                    <A>0</A>
                    <R>255</R>
                    <G>222</G>
                    <B>0</B>
                    <ScA>0</ScA>
                    <ScR>1</ScR>
                    <ScG>0.730460763</ScG>
                    <ScB>0</ScB>
                  </Color>
                  <Offset>0.63315418828762071</Offset>
                </GradientStop>
                <GradientStop>
                  <Color>
                    <A>255</A>
                    <R>254</R>
                    <G>211</G>
                    <B>0</B>
                    <ScA>1</ScA>
                    <ScR>0.9911021</ScR>
                    <ScG>0.651405632</ScG>
                    <ScB>0</ScB>
                  </Color>
                  <Offset>0.994069681245367</Offset>
                </GradientStop>
              </GradientStops>
              <Center>
                <X>0.5</X>
                <Y>0.5</Y>
              </Center>
              <RadiusX>0.5</RadiusX>
              <RadiusY>0.5</RadiusY>
              <GradientOrigin>
                <X>0.5</X>
                <Y>0.5</Y>
              </GradientOrigin>
            </Brush>
            <X>6</X>
            <Y>1</Y>
            <Width>7</Width>
            <Height>7</Height>
            <Opacity>1</Opacity>
            <Contain>false</Contain>
            <Animation>Grow</Animation>
            <AnimationSpeed>0.85000000000000009</AnimationSpeed>
            <DynamicProperties />
          </Properties>
          <Children />
        </LayerModel>
      </Children>
    </LayerModel>
    <LayerModel>
      <Name>Demo - GIFs</Name>
      <Order>3</Order>
      <LayerType>Folder</LayerType>
      <Enabled>false</Enabled>
      <Expanded>true</Expanded>
      <Properties xsi:type="KeyboardPropertiesModel">
        <Conditions />
        <Brush xsi:type="SolidColorBrush">
          <Opacity>1</Opacity>
          <Transform xsi:type="MatrixTransform">
            <Matrix>
              <M11>1</M11>
              <M12>0</M12>
              <M21>0</M21>
              <M22>1</M22>
              <OffsetX>0</OffsetX>
              <OffsetY>0</OffsetY>
            </Matrix>
          </Transform>
          <RelativeTransform xsi:type="MatrixTransform">
            <Matrix>
              <M11>1</M11>
              <M12>0</M12>
              <M21>0</M21>
              <M22>1</M22>
              <OffsetX>0</OffsetX>
              <OffsetY>0</OffsetY>
            </Matrix>
          </RelativeTransform>
          <Color>
            <A>255</A>
            <R>174</R>
            <G>255</G>
            <B>0</B>
            <ScA>1</ScA>
            <ScR>0.4232677</ScR>
            <ScG>1</ScG>
            <ScB>0</ScB>
          </Color>
        </Brush>
        <X>0</X>
        <Y>0</Y>
        <Width>1</Width>
        <Height>1</Height>
        <Opacity>1</Opacity>
        <Contain>false</Contain>
        <Animation>None</Animation>
        <AnimationSpeed>0</AnimationSpeed>
        <DynamicProperties />
      </Properties>
      <Children>
        <LayerModel>
          <Name>GIF</Name>
          <Order>0</Order>
          <LayerType>KeyboardGif</LayerType>
          <Enabled>true</Enabled>
          <Expanded>false</Expanded>
          <Properties xsi:type="KeyboardPropertiesModel">
            <Conditions />
            <Brush xsi:type="SolidColorBrush">
              <Opacity>1</Opacity>
              <Transform xsi:type="MatrixTransform">
                <Matrix>
                  <M11>1</M11>
                  <M12>0</M12>
                  <M21>0</M21>
                  <M22>1</M22>
                  <OffsetX>0</OffsetX>
                  <OffsetY>0</OffsetY>
                </Matrix>
              </Transform>
              <RelativeTransform xsi:type="MatrixTransform">
                <Matrix>
                  <M11>1</M11>
                  <M12>0</M12>
                  <M21>0</M21>
                  <M22>1</M22>
                  <OffsetX>0</OffsetX>
                  <OffsetY>0</OffsetY>
                </Matrix>
              </RelativeTransform>
              <Color>
                <A>255</A>
                <R>0</R>
                <G>111</G>
                <B>255</B>
                <ScA>1</ScA>
                <ScR>0</ScR>
                <ScG>0.158960834</ScG>
                <ScB>1</ScB>
              </Color>
            </Brush>
            <X>0</X>
            <Y>0</Y>
            <Width>22</Width>
            <Height>6</Height>
            <Opacity>1</Opacity>
            <Contain>false</Contain>
            <Animation>None</Animation>
            <AnimationSpeed>0</AnimationSpeed>
            <GifFile>E:\Gebruiker folder\Mijn afbeeldingen\Untitled-1.gif</GifFile>
            <DynamicProperties />
          </Properties>
          <Children />
        </LayerModel>
      </Children>
    </LayerModel>
    <LayerModel>
      <Name>Demo - Mice</Name>
      <Order>4</Order>
      <LayerType>Folder</LayerType>
      <Enabled>true</Enabled>
      <Expanded>false</Expanded>
      <Properties xsi:type="KeyboardPropertiesModel">
        <Conditions />
        <Brush xsi:type="SolidColorBrush">
          <Opacity>1</Opacity>
          <Transform xsi:type="MatrixTransform">
            <Matrix>
              <M11>1</M11>
              <M12>0</M12>
              <M21>0</M21>
              <M22>1</M22>
              <OffsetX>0</OffsetX>
              <OffsetY>0</OffsetY>
            </Matrix>
          </Transform>
          <RelativeTransform xsi:type="MatrixTransform">
            <Matrix>
              <M11>1</M11>
              <M12>0</M12>
              <M21>0</M21>
              <M22>1</M22>
              <OffsetX>0</OffsetX>
              <OffsetY>0</OffsetY>
            </Matrix>
          </RelativeTransform>
          <Color>
            <A>255</A>
            <R>131</R>
            <G>0</G>
            <B>255</B>
            <ScA>1</ScA>
            <ScR>0.2269659</ScR>
            <ScG>0</ScG>
            <ScB>1</ScB>
          </Color>
        </Brush>
        <X>0</X>
        <Y>0</Y>
        <Width>1</Width>
        <Height>1</Height>
        <Opacity>1</Opacity>
        <Contain>false</Contain>
        <Animation>None</Animation>
        <AnimationSpeed>0</AnimationSpeed>
        <DynamicProperties />
      </Properties>
      <Children>
        <LayerModel>
          <Name>Simple gradient</Name>
          <Order>1</Order>
          <LayerType>Mouse</LayerType>
          <Enabled>false</Enabled>
          <Expanded>true</Expanded>
          <Properties xsi:type="MousePropertiesModel">
            <Conditions />
            <Brush xsi:type="LinearGradientBrush">
              <Opacity>1</Opacity>
              <Transform xsi:type="MatrixTransform">
                <Matrix>
                  <M11>1</M11>
                  <M12>0</M12>
                  <M21>0</M21>
                  <M22>1</M22>
                  <OffsetX>0</OffsetX>
                  <OffsetY>0</OffsetY>
                </Matrix>
              </Transform>
              <RelativeTransform xsi:type="MatrixTransform">
                <Matrix>
                  <M11>1</M11>
                  <M12>0</M12>
                  <M21>0</M21>
                  <M22>1</M22>
                  <OffsetX>0</OffsetX>
                  <OffsetY>0</OffsetY>
                </Matrix>
              </RelativeTransform>
              <ColorInterpolationMode>SRgbLinearInterpolation</ColorInterpolationMode>
              <MappingMode>RelativeToBoundingBox</MappingMode>
              <SpreadMethod>Pad</SpreadMethod>
              <GradientStops>
                <GradientStop>
                  <Color>
                    <A>255</A>
                    <R>7</R>
                    <G>144</G>
                    <B>142</B>
                    <ScA>1</ScA>
                    <ScR>0.00212468882</ScR>
                    <ScG>0.2788943</ScG>
                    <ScB>0.270497829</ScB>
                  </Color>
                  <Offset>0</Offset>
                </GradientStop>
                <GradientStop>
                  <Color>
                    <A>255</A>
                    <R>240</R>
                    <G>207</G>
                    <B>30</B>
                    <ScA>1</ScA>
                    <ScR>0.8713671</ScR>
                    <ScG>0.623960435</ScG>
                    <ScB>0.0129830325</ScB>
                  </Color>
                  <Offset>1</Offset>
                </GradientStop>
              </GradientStops>
              <StartPoint>
                <X>0</X>
                <Y>0</Y>
              </StartPoint>
              <EndPoint>
                <X>1</X>
                <Y>0</Y>
              </EndPoint>
            </Brush>
          </Properties>
          <Children />
        </LayerModel>
        <LayerModel>
          <Name>Single color</Name>
          <Order>0</Order>
          <LayerType>Mouse</LayerType>
          <Enabled>true</Enabled>
          <Expanded>false</Expanded>
          <Properties xsi:type="MousePropertiesModel">
            <Conditions />
            <Brush xsi:type="SolidColorBrush">
              <Opacity>1</Opacity>
              <Transform xsi:type="MatrixTransform">
                <Matrix>
                  <M11>1</M11>
                  <M12>0</M12>
                  <M21>0</M21>
                  <M22>1</M22>
                  <OffsetX>0</OffsetX>
                  <OffsetY>0</OffsetY>
                </Matrix>
              </Transform>
              <RelativeTransform xsi:type="MatrixTransform">
                <Matrix>
                  <M11>1</M11>
                  <M12>0</M12>
                  <M21>0</M21>
                  <M22>1</M22>
                  <OffsetX>0</OffsetX>
                  <OffsetY>0</OffsetY>
                </Matrix>
              </RelativeTransform>
              <Color>
                <A>255</A>
                <R>7</R>
                <G>144</G>
                <B>142</B>
                <ScA>1</ScA>
                <ScR>0.00212468882</ScR>
                <ScG>0.2788943</ScG>
                <ScB>0.270497829</ScB>
              </Color>
            </Brush>
          </Properties>
          <Children />
        </LayerModel>
      </Children>
    </LayerModel>
    <LayerModel>
      <Name>Demo - Headsets</Name>
      <Order>5</Order>
      <LayerType>Folder</LayerType>
      <Enabled>true</Enabled>
      <Expanded>false</Expanded>
      <Properties xsi:type="KeyboardPropertiesModel">
        <Conditions />
        <Brush xsi:type="SolidColorBrush">
          <Opacity>1</Opacity>
          <Transform xsi:type="MatrixTransform">
            <Matrix>
              <M11>1</M11>
              <M12>0</M12>
              <M21>0</M21>
              <M22>1</M22>
              <OffsetX>0</OffsetX>
              <OffsetY>0</OffsetY>
            </Matrix>
          </Transform>
          <RelativeTransform xsi:type="MatrixTransform">
            <Matrix>
              <M11>1</M11>
              <M12>0</M12>
              <M21>0</M21>
              <M22>1</M22>
              <OffsetX>0</OffsetX>
              <OffsetY>0</OffsetY>
            </Matrix>
          </RelativeTransform>
          <Color>
            <A>255</A>
            <R>131</R>
            <G>0</G>
            <B>255</B>
            <ScA>1</ScA>
            <ScR>0.2269659</ScR>
            <ScG>0</ScG>
            <ScB>1</ScB>
          </Color>
        </Brush>
        <X>0</X>
        <Y>0</Y>
        <Width>1</Width>
        <Height>1</Height>
        <Opacity>1</Opacity>
        <Contain>false</Contain>
        <Animation>None</Animation>
        <AnimationSpeed>0</AnimationSpeed>
        <DynamicProperties />
      </Properties>
      <Children>
        <LayerModel>
          <Name>Simple gradient</Name>
          <Order>1</Order>
          <LayerType>Headset</LayerType>
          <Enabled>false</Enabled>
          <Expanded>true</Expanded>
          <Properties xsi:type="HeadsetPropertiesModel">
            <Conditions />
            <Brush xsi:type="LinearGradientBrush">
              <Opacity>1</Opacity>
              <Transform xsi:type="MatrixTransform">
                <Matrix>
                  <M11>1</M11>
                  <M12>0</M12>
                  <M21>0</M21>
                  <M22>1</M22>
                  <OffsetX>0</OffsetX>
                  <OffsetY>0</OffsetY>
                </Matrix>
              </Transform>
              <RelativeTransform xsi:type="MatrixTransform">
                <Matrix>
                  <M11>1</M11>
                  <M12>0</M12>
                  <M21>0</M21>
                  <M22>1</M22>
                  <OffsetX>0</OffsetX>
                  <OffsetY>0</OffsetY>
                </Matrix>
              </RelativeTransform>
              <ColorInterpolationMode>SRgbLinearInterpolation</ColorInterpolationMode>
              <MappingMode>RelativeToBoundingBox</MappingMode>
              <SpreadMethod>Pad</SpreadMethod>
              <GradientStops>
                <GradientStop>
                  <Color>
                    <A>255</A>
                    <R>7</R>
                    <G>144</G>
                    <B>142</B>
                    <ScA>1</ScA>
                    <ScR>0.00212468882</ScR>
                    <ScG>0.2788943</ScG>
                    <ScB>0.270497829</ScB>
                  </Color>
                  <Offset>0</Offset>
                </GradientStop>
                <GradientStop>
                  <Color>
                    <A>255</A>
                    <R>240</R>
                    <G>207</G>
                    <B>30</B>
                    <ScA>1</ScA>
                    <ScR>0.8713671</ScR>
                    <ScG>0.623960435</ScG>
                    <ScB>0.0129830325</ScB>
                  </Color>
                  <Offset>1</Offset>
                </GradientStop>
              </GradientStops>
              <StartPoint>
                <X>0</X>
                <Y>0</Y>
              </StartPoint>
              <EndPoint>
                <X>1</X>
                <Y>0</Y>
              </EndPoint>
            </Brush>
          </Properties>
          <Children />
        </LayerModel>
        <LayerModel>
          <Name>Single color</Name>
          <Order>0</Order>
          <LayerType>Headset</LayerType>
          <Enabled>true</Enabled>
          <Expanded>false</Expanded>
          <Properties xsi:type="HeadsetPropertiesModel">
            <Conditions />
            <Brush xsi:type="SolidColorBrush">
              <Opacity>1</Opacity>
              <Transform xsi:type="MatrixTransform">
                <Matrix>
                  <M11>1</M11>
                  <M12>0</M12>
                  <M21>0</M21>
                  <M22>1</M22>
                  <OffsetX>0</OffsetX>
                  <OffsetY>0</OffsetY>
                </Matrix>
              </Transform>
              <RelativeTransform xsi:type="MatrixTransform">
                <Matrix>
                  <M11>1</M11>
                  <M12>0</M12>
                  <M21>0</M21>
                  <M22>1</M22>
                  <OffsetX>0</OffsetX>
                  <OffsetY>0</OffsetY>
                </Matrix>
              </RelativeTransform>
              <Color>
                <A>255</A>
                <R>7</R>
                <G>144</G>
                <B>142</B>
                <ScA>1</ScA>
                <ScR>0.00212468882</ScR>
                <ScG>0.2788943</ScG>
                <ScB>0.270497829</ScB>
              </Color>
            </Brush>
          </Properties>
          <Children />
        </LayerModel>
      </Children>
    </LayerModel>
  </Layers>
  <Name>Demo (Duplicate to keep changes)</Name>
  <IsDefault>false</IsDefault>
  <KeyboardSlug>razer-blackwidow-chroma</KeyboardSlug>
  <GameName>WindowsProfile</GameName>
</ProfileModel>