{
  "Layers": [
    {
      "LayerType": {
        "$type": "Artemis.Profiles.Layers.Types.Folder.FolderType, Artemis"
      },
      "LayerCondition": {
        "$type": "Artemis.Profiles.Layers.Conditions.DataModelCondition, Artemis"
      },
      "LayerAnimation": null,
      "Name": "Party member 1",
      "Order": 0,
      "Enabled": true,
      "Expanded": false,
      "IsEvent": false,
      "Properties": {
        "$type": "Artemis.Profiles.Layers.Models.SimplePropertiesModel, Artemis",
        "X": 0.0,
        "Y": 0.0,
        "Width": 1.0,
        "Height": 1.0,
        "Contain": false,
        "Opacity": 1.0,
        "AnimationSpeed": 0.0,
        "Conditions": [],
        "DynamicProperties": [],
        "Brush": {
          "SolidColorBrush": {
            "@xmlns": "http://schemas.microsoft.com/winfx/2006/xaml/presentation",
            "#text": "#FFFF0076"
          }
        }
      },
      "EventProperties": null,
      "Children": [
        {
          "LayerType": {
            "$type": "Artemis.Profiles.Layers.Types.Keyboard.KeyboardType, Artemis"
          },
          "LayerCondition": {
            "$type": "Artemis.Profiles.Layers.Conditions.DataModelCondition, Artemis"
          },
          "LayerAnimation": {
            "$type": "Artemis.Profiles.Layers.Animations.NoneAnimation, Artemis"
          },
          "Name": "Online",
          "Order": 1,
          "Enabled": true,
          "Expanded": false,
          "IsEvent": false,
          "Properties": {
            "$type": "Artemis.Profiles.Layers.Types.Keyboard.KeyboardPropertiesModel, Artemis",
            "GifFile": null,
            "X": 6.0,
            "Y": 1.0,
            "Width": 4.0,
            "Height": 1.0,
            "Contain": false,
            "Opacity": 1.0,
            "AnimationSpeed": 0.15000000000000002,
            "Conditions": [
              {
                "Field": "PartyMember1",
                "Value": "Online",
                "Operator": "==",
                "Type": "Enum"
              }
            ],
            "DynamicProperties": [],
            "Brush": {
              "LinearGradientBrush": {
                "@StartPoint": "0,0",
                "@EndPoint": "1,0",
                "@MappingMode": "RelativeToBoundingBox",
                "@SpreadMethod": "Pad",
                "@Opacity": "1",
                "@xmlns": "http://schemas.microsoft.com/winfx/2006/xaml/presentation",
                "LinearGradientBrush.GradientStops": {
                  "GradientStop": [
                    {
                      "@Color": "#FF6DFF00",
                      "@Offset": "0"
                    },
                    {
                      "@Color": "#FF6DFF00",
                      "@Offset": "1"
                    },
                    {
                      "@Color": "#FF9CFF00",
                      "@Offset": "0.49814677538917712"
                    }
                  ]
                }
              }
            }
          },
          "EventProperties": null,
          "Children": []
        },
        {
          "LayerType": {
            "$type": "Artemis.Profiles.Layers.Types.Keyboard.KeyboardType, Artemis"
          },
          "LayerCondition": {
            "$type": "Artemis.Profiles.Layers.Conditions.DataModelCondition, Artemis"
          },
          "LayerAnimation": {
            "$type": "Artemis.Profiles.Layers.Animations.NoneAnimation, Artemis"
          },
          "Name": "Offline",
          "Order": 2,
          "Enabled": true,
          "Expanded": false,
          "IsEvent": false,
          "Properties": {
            "$type": "Artemis.Profiles.Layers.Types.Keyboard.KeyboardPropertiesModel, Artemis",
            "GifFile": null,
            "X": 6.0,
            "Y": 1.0,
            "Width": 4.0,
            "Height": 1.0,
            "Contain": false,
            "Opacity": 1.0,
            "AnimationSpeed": 0.15000000000000002,
            "Conditions": [],
            "DynamicProperties": [],
            "Brush": {
              "LinearGradientBrush": {
                "@StartPoint": "0,0",
                "@EndPoint": "1,0",
                "@MappingMode": "RelativeToBoundingBox",
                "@SpreadMethod": "Pad",
                "@Opacity": "1",
                "@xmlns": "http://schemas.microsoft.com/winfx/2006/xaml/presentation",
                "LinearGradientBrush.GradientStops": {
                  "GradientStop": [
                    {
                      "@Color": "#FFBBBBBB",
                      "@Offset": "0"
                    },
                    {
                      "@Color": "#FFBBBBBB",
                      "@Offset": "1"
                    },
                    {
                      "@Color": "#FF797979",
                      "@Offset": "0.49814677538917712"
                    }
                  ]
                }
              }
            }
          },
          "EventProperties": null,
          "Children": []
        },
        {
          "LayerType": {
            "$type": "Artemis.Profiles.Layers.Types.Keyboard.KeyboardType, Artemis"
          },
          "LayerCondition": {
            "$type": "Artemis.Profiles.Layers.Conditions.DataModelCondition, Artemis"
          },
          "LayerAnimation": {
            "$type": "Artemis.Profiles.Layers.Animations.PulseAnimation, Artemis"
          },
          "Name": "Hit",
          "Order": 0,
          "Enabled": true,
          "Expanded": false,
          "IsEvent": false,
          "Properties": {
            "$type": "Artemis.Profiles.Layers.Types.Keyboard.KeyboardPropertiesModel, Artemis",
            "GifFile": null,
            "X": 6.0,
            "Y": 1.0,
            "Width": 4.0,
            "Height": 1.0,
            "Contain": false,
            "Opacity": 1.0,
            "AnimationSpeed": 0.15000000000000002,
            "Conditions": [
              {
                "Field": "PartyMember1",
                "Value": "Hit",
                "Operator": "==",
                "Type": "Enum"
              }
            ],
            "DynamicProperties": [],
            "Brush": {
              "LinearGradientBrush": {
                "@StartPoint": "0,0",
                "@EndPoint": "1,0",
                "@MappingMode": "RelativeToBoundingBox",
                "@SpreadMethod": "Pad",
                "@Opacity": "1",
                "@xmlns": "http://schemas.microsoft.com/winfx/2006/xaml/presentation",
                "LinearGradientBrush.GradientStops": {
                  "GradientStop": [
                    {
                      "@Color": "#FFFF0B00",
                      "@Offset": "0"
                    },
                    {
                      "@Color": "#FFFF0B00",
                      "@Offset": "1"
                    },
                    {
                      "@Color": "#FFFF4600",
                      "@Offset": "0.49814677538917712"
                    }
                  ]
                }
              }
            }
          },
          "EventProperties": null,
          "Children": []
        }
      ]
    },
    {
      "LayerType": {
        "$type": "Artemis.Profiles.Layers.Types.Folder.FolderType, Artemis"
      },
      "LayerCondition": {
        "$type": "Artemis.Profiles.Layers.Conditions.DataModelCondition, Artemis"
      },
      "LayerAnimation": null,
      "Name": "Party member 2",
      "Order": 1,
      "Enabled": true,
      "Expanded": false,
      "IsEvent": false,
      "Properties": {
        "$type": "Artemis.Profiles.Layers.Models.SimplePropertiesModel, Artemis",
        "X": 0.0,
        "Y": 0.0,
        "Width": 1.0,
        "Height": 1.0,
        "Contain": false,
        "Opacity": 1.0,
        "AnimationSpeed": 0.0,
        "Conditions": [],
        "DynamicProperties": [],
        "Brush": {
          "SolidColorBrush": {
            "@xmlns": "http://schemas.microsoft.com/winfx/2006/xaml/presentation",
            "#text": "#FFFF0076"
          }
        }
      },
      "EventProperties": null,
      "Children": [
        {
          "LayerType": {
            "$type": "Artemis.Profiles.Layers.Types.Keyboard.KeyboardType, Artemis"
          },
          "LayerCondition": {
            "$type": "Artemis.Profiles.Layers.Conditions.DataModelCondition, Artemis"
          },
          "LayerAnimation": {
            "$type": "Artemis.Profiles.Layers.Animations.NoneAnimation, Artemis"
          },
          "Name": "Offline",
          "Order": 2,
          "Enabled": true,
          "Expanded": false,
          "IsEvent": false,
          "Properties": {
            "$type": "Artemis.Profiles.Layers.Types.Keyboard.KeyboardPropertiesModel, Artemis",
            "GifFile": null,
            "X": 11.0,
            "Y": 1.0,
            "Width": 4.0,
            "Height": 1.0,
            "Contain": false,
            "Opacity": 1.0,
            "AnimationSpeed": 0.15000000000000002,
            "Conditions": [],
            "DynamicProperties": [],
            "Brush": {
              "LinearGradientBrush": {
                "@StartPoint": "0,0",
                "@EndPoint": "1,0",
                "@MappingMode": "RelativeToBoundingBox",
                "@SpreadMethod": "Pad",
                "@Opacity": "1",
                "@xmlns": "http://schemas.microsoft.com/winfx/2006/xaml/presentation",
                "LinearGradientBrush.GradientStops": {
                  "GradientStop": [
                    {
                      "@Color": "#FFBBBBBB",
                      "@Offset": "0"
                    },
                    {
                      "@Color": "#FFBBBBBB",
                      "@Offset": "1"
                    },
                    {
                      "@Color": "#FF797979",
                      "@Offset": "0.49814677538917712"
                    }
                  ]
                }
              }
            }
          },
          "EventProperties": null,
          "Children": []
        },
        {
          "LayerType": {
            "$type": "Artemis.Profiles.Layers.Types.Keyboard.KeyboardType, Artemis"
          },
          "LayerCondition": {
            "$type": "Artemis.Profiles.Layers.Conditions.DataModelCondition, Artemis"
          },
          "LayerAnimation": {
            "$type": "Artemis.Profiles.Layers.Animations.PulseAnimation, Artemis"
          },
          "Name": "Hit",
          "Order": 0,
          "Enabled": true,
          "Expanded": false,
          "IsEvent": false,
          "Properties": {
            "$type": "Artemis.Profiles.Layers.Types.Keyboard.KeyboardPropertiesModel, Artemis",
            "GifFile": null,
            "X": 11.0,
            "Y": 1.0,
            "Width": 4.0,
            "Height": 1.0,
            "Contain": false,
            "Opacity": 1.0,
            "AnimationSpeed": 0.15000000000000002,
            "Conditions": [
              {
                "Field": "PartyMember2",
                "Value": null,
                "Operator": "==",
                "Type": "Enum"
              }
            ],
            "DynamicProperties": [],
            "Brush": {
              "LinearGradientBrush": {
                "@StartPoint": "0,0",
                "@EndPoint": "1,0",
                "@MappingMode": "RelativeToBoundingBox",
                "@SpreadMethod": "Pad",
                "@Opacity": "1",
                "@xmlns": "http://schemas.microsoft.com/winfx/2006/xaml/presentation",
                "LinearGradientBrush.GradientStops": {
                  "GradientStop": [
                    {
                      "@Color": "#FFFF0B00",
                      "@Offset": "0"
                    },
                    {
                      "@Color": "#FFFF0B00",
                      "@Offset": "1"
                    },
                    {
                      "@Color": "#FFFF4600",
                      "@Offset": "0.49814677538917712"
                    }
                  ]
                }
              }
            }
          },
          "EventProperties": null,
          "Children": []
        },
        {
          "LayerType": {
            "$type": "Artemis.Profiles.Layers.Types.Keyboard.KeyboardType, Artemis"
          },
          "LayerCondition": {
            "$type": "Artemis.Profiles.Layers.Conditions.DataModelCondition, Artemis"
          },
          "LayerAnimation": {
            "$type": "Artemis.Profiles.Layers.Animations.NoneAnimation, Artemis"
          },
          "Name": "Online",
          "Order": 1,
          "Enabled": true,
          "Expanded": false,
          "IsEvent": false,
          "Properties": {
            "$type": "Artemis.Profiles.Layers.Types.Keyboard.KeyboardPropertiesModel, Artemis",
            "GifFile": null,
            "X": 11.0,
            "Y": 1.0,
            "Width": 4.0,
            "Height": 1.0,
            "Contain": false,
            "Opacity": 1.0,
            "AnimationSpeed": 0.15000000000000002,
            "Conditions": [
              {
                "Field": "PartyMember2",
                "Value": null,
                "Operator": "==",
                "Type": "Enum"
              }
            ],
            "DynamicProperties": [],
            "Brush": {
              "LinearGradientBrush": {
                "@StartPoint": "0,0",
                "@EndPoint": "1,0",
                "@MappingMode": "RelativeToBoundingBox",
                "@SpreadMethod": "Pad",
                "@Opacity": "1",
                "@xmlns": "http://schemas.microsoft.com/winfx/2006/xaml/presentation",
                "LinearGradientBrush.GradientStops": {
                  "GradientStop": [
                    {
                      "@Color": "#FF6DFF00",
                      "@Offset": "0"
                    },
                    {
                      "@Color": "#FF6DFF00",
                      "@Offset": "1"
                    },
                    {
                      "@Color": "#FF9CFF00",
                      "@Offset": "0.49814677538917712"
                    }
                  ]
                }
              }
            }
          },
          "EventProperties": null,
          "Children": []
        }
      ]
    },
    {
      "LayerType": {
        "$type": "Artemis.Profiles.Layers.Types.Folder.FolderType, Artemis"
      },
      "LayerCondition": {
        "$type": "Artemis.Profiles.Layers.Conditions.DataModelCondition, Artemis"
      },
      "LayerAnimation": null,
      "Name": "Party member 1",
      "Order": 2,
      "Enabled": true,
      "Expanded": false,
      "IsEvent": false,
      "Properties": {
        "$type": "Artemis.Profiles.Layers.Models.SimplePropertiesModel, Artemis",
        "X": 0.0,
        "Y": 0.0,
        "Width": 1.0,
        "Height": 1.0,
        "Contain": false,
        "Opacity": 1.0,
        "AnimationSpeed": 0.0,
        "Conditions": [],
        "DynamicProperties": [],
        "Brush": {
          "SolidColorBrush": {
            "@xmlns": "http://schemas.microsoft.com/winfx/2006/xaml/presentation",
            "#text": "#FFFF0076"
          }
        }
      },
      "EventProperties": null,
      "Children": [
        {
          "LayerType": {
            "$type": "Artemis.Profiles.Layers.Types.Keyboard.KeyboardType, Artemis"
          },
          "LayerCondition": {
            "$type": "Artemis.Profiles.Layers.Conditions.DataModelCondition, Artemis"
          },
          "LayerAnimation": {
            "$type": "Artemis.Profiles.Layers.Animations.NoneAnimation, Artemis"
          },
          "Name": "Offline",
          "Order": 2,
          "Enabled": true,
          "Expanded": false,
          "IsEvent": false,
          "Properties": {
            "$type": "Artemis.Profiles.Layers.Types.Keyboard.KeyboardPropertiesModel, Artemis",
            "GifFile": null,
            "X": 1.0,
            "Y": 1.0,
            "Width": 4.0,
            "Height": 1.0,
            "Contain": false,
            "Opacity": 1.0,
            "AnimationSpeed": 0.15000000000000002,
            "Conditions": [],
            "DynamicProperties": [],
            "Brush": {
              "LinearGradientBrush": {
                "@StartPoint": "0,0",
                "@EndPoint": "1,0",
                "@MappingMode": "RelativeToBoundingBox",
                "@SpreadMethod": "Pad",
                "@Opacity": "1",
                "@xmlns": "http://schemas.microsoft.com/winfx/2006/xaml/presentation",
                "LinearGradientBrush.GradientStops": {
                  "GradientStop": [
                    {
                      "@Color": "#FFBBBBBB",
                      "@Offset": "0"
                    },
                    {
                      "@Color": "#FFBBBBBB",
                      "@Offset": "1"
                    },
                    {
                      "@Color": "#FF797979",
                      "@Offset": "0.49814677538917712"
                    }
                  ]
                }
              }
            }
          },
          "EventProperties": null,
          "Children": []
        },
        {
          "LayerType": {
            "$type": "Artemis.Profiles.Layers.Types.Keyboard.KeyboardType, Artemis"
          },
          "LayerCondition": {
            "$type": "Artemis.Profiles.Layers.Conditions.DataModelCondition, Artemis"
          },
          "LayerAnimation": {
            "$type": "Artemis.Profiles.Layers.Animations.PulseAnimation, Artemis"
          },
          "Name": "Hit",
          "Order": 0,
          "Enabled": true,
          "Expanded": false,
          "IsEvent": false,
          "Properties": {
            "$type": "Artemis.Profiles.Layers.Types.Keyboard.KeyboardPropertiesModel, Artemis",
            "GifFile": null,
            "X": 1.0,
            "Y": 1.0,
            "Width": 4.0,
            "Height": 1.0,
            "Contain": false,
            "Opacity": 1.0,
            "AnimationSpeed": 0.15000000000000002,
            "Conditions": [
              {
                "Field": "PartyMember3",
                "Value": null,
                "Operator": "==",
                "Type": "Enum"
              }
            ],
            "DynamicProperties": [],
            "Brush": {
              "LinearGradientBrush": {
                "@StartPoint": "0,0",
                "@EndPoint": "1,0",
                "@MappingMode": "RelativeToBoundingBox",
                "@SpreadMethod": "Pad",
                "@Opacity": "1",
                "@xmlns": "http://schemas.microsoft.com/winfx/2006/xaml/presentation",
                "LinearGradientBrush.GradientStops": {
                  "GradientStop": [
                    {
                      "@Color": "#FFFF0B00",
                      "@Offset": "0"
                    },
                    {
                      "@Color": "#FFFF0B00",
                      "@Offset": "1"
                    },
                    {
                      "@Color": "#FFFF4600",
                      "@Offset": "0.49814677538917712"
                    }
                  ]
                }
              }
            }
          },
          "EventProperties": null,
          "Children": []
        },
        {
          "LayerType": {
            "$type": "Artemis.Profiles.Layers.Types.Keyboard.KeyboardType, Artemis"
          },
          "LayerCondition": {
            "$type": "Artemis.Profiles.Layers.Conditions.DataModelCondition, Artemis"
          },
          "LayerAnimation": {
            "$type": "Artemis.Profiles.Layers.Animations.NoneAnimation, Artemis"
          },
          "Name": "Online",
          "Order": 1,
          "Enabled": true,
          "Expanded": false,
          "IsEvent": false,
          "Properties": {
            "$type": "Artemis.Profiles.Layers.Types.Keyboard.KeyboardPropertiesModel, Artemis",
            "GifFile": null,
            "X": 1.0,
            "Y": 1.0,
            "Width": 4.0,
            "Height": 1.0,
            "Contain": false,
            "Opacity": 1.0,
            "AnimationSpeed": 0.15000000000000002,
            "Conditions": [
              {
                "Field": "PartyMember3",
                "Value": null,
                "Operator": "==",
                "Type": "Enum"
              }
            ],
            "DynamicProperties": [],
            "Brush": {
              "LinearGradientBrush": {
                "@StartPoint": "0,0",
                "@EndPoint": "1,0",
                "@MappingMode": "RelativeToBoundingBox",
                "@SpreadMethod": "Pad",
                "@Opacity": "1",
                "@xmlns": "http://schemas.microsoft.com/winfx/2006/xaml/presentation",
                "LinearGradientBrush.GradientStops": {
                  "GradientStop": [
                    {
                      "@Color": "#FF6DFF00",
                      "@Offset": "0"
                    },
                    {
                      "@Color": "#FF6DFF00",
                      "@Offset": "1"
                    },
                    {
                      "@Color": "#FF9CFF00",
                      "@Offset": "0.49814677538917712"
                    }
                  ]
                }
              }
            }
          },
          "EventProperties": null,
          "Children": []
        }
      ]
    },
    {
      "LayerType": {
        "$type": "Artemis.Profiles.Layers.Types.Folder.FolderType, Artemis"
      },
      "LayerCondition": {
        "$type": "Artemis.Profiles.Layers.Conditions.DataModelCondition, Artemis"
      },
      "LayerAnimation": null,
      "Name": "Controls",
      "Order": 3,
      "Enabled": true,
      "Expanded": false,
      "IsEvent": false,
      "Properties": {
        "$type": "Artemis.Profiles.Layers.Models.SimplePropertiesModel, Artemis",
        "X": 0.0,
        "Y": 0.0,
        "Width": 1.0,
        "Height": 1.0,
        "Contain": false,
        "Opacity": 1.0,
        "AnimationSpeed": 0.0,
        "Conditions": [],
        "DynamicProperties": [],
        "Brush": {
          "SolidColorBrush": {
            "@xmlns": "http://schemas.microsoft.com/winfx/2006/xaml/presentation",
            "#text": "#FF00FF1A"
          }
        }
      },
      "EventProperties": null,
      "Children": [
        {
          "LayerType": {
            "$type": "Artemis.Profiles.Layers.Types.Keyboard.KeyboardType, Artemis"
          },
          "LayerCondition": {
            "$type": "Artemis.Profiles.Layers.Conditions.DataModelCondition, Artemis"
          },
          "LayerAnimation": {
            "$type": "Artemis.Profiles.Layers.Animations.NoneAnimation, Artemis"
          },
          "Name": "ASD",
          "Order": 1,
          "Enabled": true,
          "Expanded": false,
          "IsEvent": false,
          "Properties": {
            "$type": "Artemis.Profiles.Layers.Types.Keyboard.KeyboardPropertiesModel, Artemis",
            "GifFile": null,
            "X": 2.0,
            "Y": 4.0,
            "Width": 3.0,
            "Height": 1.0,
            "Contain": false,
            "Opacity": 1.0,
            "AnimationSpeed": 0.0,
            "Conditions": [],
            "DynamicProperties": [],
            "Brush": {
              "SolidColorBrush": {
                "@xmlns": "http://schemas.microsoft.com/winfx/2006/xaml/presentation",
                "#text": "#FFFFFFFF"
              }
            }
          },
          "EventProperties": null,
          "Children": []
        },
        {
          "LayerType": {
            "$type": "Artemis.Profiles.Layers.Types.Keyboard.KeyboardType, Artemis"
          },
          "LayerCondition": {
            "$type": "Artemis.Profiles.Layers.Conditions.DataModelCondition, Artemis"
          },
          "LayerAnimation": {
            "$type": "Artemis.Profiles.Layers.Animations.NoneAnimation, Artemis"
          },
          "Name": "W",
          "Order": 0,
          "Enabled": true,
          "Expanded": false,
          "IsEvent": false,
          "Properties": {
            "$type": "Artemis.Profiles.Layers.Types.Keyboard.KeyboardPropertiesModel, Artemis",
            "GifFile": null,
            "X": 2.0,
            "Y": 3.0,
            "Width": 1.0,
            "Height": 1.0,
            "Contain": false,
            "Opacity": 1.0,
            "AnimationSpeed": 0.0,
            "Conditions": [],
            "DynamicProperties": [],
            "Brush": {
              "SolidColorBrush": {
                "@xmlns": "http://schemas.microsoft.com/winfx/2006/xaml/presentation",
                "#text": "#FFFFFFFF"
              }
            }
          },
          "EventProperties": null,
          "Children": []
        }
      ]
    },
    {
      "LayerType": {
        "$type": "Artemis.Profiles.Layers.Types.Folder.FolderType, Artemis"
      },
      "LayerCondition": {
        "$type": "Artemis.Profiles.Layers.Conditions.DataModelCondition, Artemis"
      },
      "LayerAnimation": null,
      "Name": "Player",
      "Order": 4,
      "Enabled": true,
      "Expanded": false,
      "IsEvent": false,
      "Properties": {
        "$type": "Artemis.Profiles.Layers.Models.SimplePropertiesModel, Artemis",
        "X": 0.0,
        "Y": 0.0,
        "Width": 1.0,
        "Height": 1.0,
        "Contain": false,
        "Opacity": 1.0,
        "AnimationSpeed": 0.0,
        "Conditions": [],
        "DynamicProperties": [],
        "Brush": {
          "SolidColorBrush": {
            "@xmlns": "http://schemas.microsoft.com/winfx/2006/xaml/presentation",
            "#text": "#FFB8FF00"
          }
        }
      },
      "EventProperties": null,
      "Children": [
        {
          "LayerType": {
            "$type": "Artemis.Profiles.Layers.Types.Folder.FolderType, Artemis"
          },
          "LayerCondition": {
            "$type": "Artemis.Profiles.Layers.Conditions.DataModelCondition, Artemis"
          },
          "LayerAnimation": null,
          "Name": "Grenade",
          "Order": 1,
          "Enabled": true,
          "Expanded": false,
          "IsEvent": false,
          "Properties": {
            "$type": "Artemis.Profiles.Layers.Models.SimplePropertiesModel, Artemis",
            "X": 0.0,
            "Y": 0.0,
            "Width": 1.0,
            "Height": 1.0,
            "Contain": false,
            "Opacity": 1.0,
            "AnimationSpeed": 0.0,
            "Conditions": [],
            "DynamicProperties": [],
            "Brush": {
              "SolidColorBrush": {
                "@xmlns": "http://schemas.microsoft.com/winfx/2006/xaml/presentation",
                "#text": "#FF5800FF"
              }
            }
          },
          "EventProperties": null,
          "Children": [
            {
              "LayerType": {
                "$type": "Artemis.Profiles.Layers.Types.Keyboard.KeyboardType, Artemis"
              },
              "LayerCondition": {
                "$type": "Artemis.Profiles.Layers.Conditions.DataModelCondition, Artemis"
              },
              "LayerAnimation": {
                "$type": "Artemis.Profiles.Layers.Animations.GrowAnimation, Artemis"
              },
              "Name": "Holding grenade",
              "Order": 0,
              "Enabled": true,
              "Expanded": false,
              "IsEvent": false,
              "Properties": {
                "$type": "Artemis.Profiles.Layers.Types.Keyboard.KeyboardPropertiesModel, Artemis",
                "GifFile": null,
                "X": 5.0,
                "Y": 3.0,
                "Width": 3.0,
                "Height": 3.0,
                "Contain": false,
                "Opacity": 1.0,
                "AnimationSpeed": 0.60000000000000009,
                "Conditions": [
                  {
                    "Field": "GrenadeState",
                    "Value": "GrenadeEquipped",
                    "Operator": "==",
                    "Type": "Enum"
                  }
                ],
                "DynamicProperties": [],
                "Brush": {
                  "RadialGradientBrush": {
                    "@Center": "0.5,0.5",
                    "@RadiusX": "0.5",
                    "@RadiusY": "0.5",
                    "@GradientOrigin": "0.5,0.5",
                    "@MappingMode": "RelativeToBoundingBox",
                    "@SpreadMethod": "Pad",
                    "@Opacity": "1",
                    "@xmlns": "http://schemas.microsoft.com/winfx/2006/xaml/presentation",
                    "RadialGradientBrush.GradientStops": {
                      "GradientStop": [
                        {
                          "@Color": "#FF0007FF",
                          "@Offset": "0.59154929577464777"
                        },
                        {
                          "@Color": "#000006FF",
                          "@Offset": "1"
                        }
                      ]
                    }
                  }
                }
              },
              "EventProperties": null,
              "Children": []
            },
            {
              "LayerType": {
                "$type": "Artemis.Profiles.Layers.Types.Keyboard.KeyboardType, Artemis"
              },
              "LayerCondition": {
                "$type": "Artemis.Profiles.Layers.Conditions.DataModelCondition, Artemis"
              },
              "LayerAnimation": {
                "$type": "Artemis.Profiles.Layers.Animations.PulseAnimation, Artemis"
              },
              "Name": "Has no grenade",
              "Order": 1,
              "Enabled": true,
              "Expanded": false,
              "IsEvent": false,
              "Properties": {
                "$type": "Artemis.Profiles.Layers.Types.Keyboard.KeyboardPropertiesModel, Artemis",
                "GifFile": null,
                "X": 6.0,
                "Y": 4.0,
                "Width": 1.0,
                "Height": 1.0,
                "Contain": false,
                "Opacity": 1.0,
                "AnimationSpeed": 0.3,
                "Conditions": [
                  {
                    "Field": "GrenadeState",
                    "Value": "HasNoGrenade",
                    "Operator": "==",
                    "Type": "Enum"
                  }
                ],
                "DynamicProperties": [],
                "Brush": {
                  "SolidColorBrush": {
                    "@xmlns": "http://schemas.microsoft.com/winfx/2006/xaml/presentation",
                    "#text": "#FFFFFFFF"
                  }
                }
              },
              "EventProperties": null,
              "Children": []
            },
            {
              "LayerType": {
                "$type": "Artemis.Profiles.Layers.Types.Keyboard.KeyboardType, Artemis"
              },
              "LayerCondition": {
                "$type": "Artemis.Profiles.Layers.Conditions.DataModelCondition, Artemis"
              },
              "LayerAnimation": {
                "$type": "Artemis.Profiles.Layers.Animations.NoneAnimation, Artemis"
              },
              "Name": "Has grenade",
              "Order": 2,
              "Enabled": true,
              "Expanded": false,
              "IsEvent": false,
              "Properties": {
                "$type": "Artemis.Profiles.Layers.Types.Keyboard.KeyboardPropertiesModel, Artemis",
                "GifFile": null,
                "X": 6.0,
                "Y": 4.0,
                "Width": 1.0,
                "Height": 1.0,
                "Contain": false,
                "Opacity": 1.0,
                "AnimationSpeed": 0.3,
                "Conditions": [
                  {
                    "Field": "GrenadeState",
                    "Value": "HasGrenade",
                    "Operator": "==",
                    "Type": "Enum"
                  }
                ],
                "DynamicProperties": [],
                "Brush": {
                  "SolidColorBrush": {
                    "@xmlns": "http://schemas.microsoft.com/winfx/2006/xaml/presentation",
                    "#text": "#FFFFFFFF"
                  }
                }
              },
              "EventProperties": null,
              "Children": []
            }
          ]
        },
        {
          "LayerType": {
            "$type": "Artemis.Profiles.Layers.Types.Folder.FolderType, Artemis"
          },
          "LayerCondition": {
            "$type": "Artemis.Profiles.Layers.Conditions.DataModelCondition, Artemis"
          },
          "LayerAnimation": null,
          "Name": "Ammo",
          "Order": 2,
          "Enabled": true,
          "Expanded": false,
          "IsEvent": false,
          "Properties": {
            "$type": "Artemis.Profiles.Layers.Models.SimplePropertiesModel, Artemis",
            "X": 0.0,
            "Y": 0.0,
            "Width": 1.0,
            "Height": 1.0,
            "Contain": false,
            "Opacity": 1.0,
            "AnimationSpeed": 0.0,
            "Conditions": [],
            "DynamicProperties": [],
            "Brush": {
              "SolidColorBrush": {
                "@xmlns": "http://schemas.microsoft.com/winfx/2006/xaml/presentation",
                "#text": "#FF5800FF"
              }
            }
          },
          "EventProperties": null,
          "Children": [
            {
              "LayerType": {
                "$type": "Artemis.Profiles.Layers.Types.Keyboard.KeyboardType, Artemis"
              },
              "LayerCondition": {
                "$type": "Artemis.Profiles.Layers.Conditions.DataModelCondition, Artemis"
              },
              "LayerAnimation": {
                "$type": "Artemis.Profiles.Layers.Animations.GrowAnimation, Artemis"
              },
              "Name": "Low ammo",
              "Order": 0,
              "Enabled": true,
              "Expanded": false,
              "IsEvent": false,
              "Properties": {
                "$type": "Artemis.Profiles.Layers.Types.Keyboard.KeyboardPropertiesModel, Artemis",
                "GifFile": null,
                "X": 3.0,
                "Y": 2.0,
                "Width": 3.0,
                "Height": 3.0,
                "Contain": false,
                "Opacity": 1.0,
                "AnimationSpeed": 0.60000000000000009,
                "Conditions": [
                  {
                    "Field": "LowAmmo",
                    "Value": "True",
                    "Operator": "==",
                    "Type": "Boolean"
                  }
                ],
                "DynamicProperties": [],
                "Brush": {
                  "RadialGradientBrush": {
                    "@Center": "0.5,0.5",
                    "@RadiusX": "0.5",
                    "@RadiusY": "0.5",
                    "@GradientOrigin": "0.5,0.5",
                    "@MappingMode": "RelativeToBoundingBox",
                    "@SpreadMethod": "Pad",
                    "@Opacity": "1",
                    "@xmlns": "http://schemas.microsoft.com/winfx/2006/xaml/presentation",
                    "RadialGradientBrush.GradientStops": {
                      "GradientStop": [
                        {
                          "@Color": "#FF0007FF",
                          "@Offset": "0.59154929577464777"
                        },
                        {
                          "@Color": "#000006FF",
                          "@Offset": "1"
                        }
                      ]
                    }
                  }
                }
              },
              "EventProperties": null,
              "Children": []
            },
            {
              "LayerType": {
                "$type": "Artemis.Profiles.Layers.Types.Keyboard.KeyboardType, Artemis"
              },
              "LayerCondition": {
                "$type": "Artemis.Profiles.Layers.Conditions.DataModelCondition, Artemis"
              },
              "LayerAnimation": {
                "$type": "Artemis.Profiles.Layers.Animations.NoneAnimation, Artemis"
              },
              "Name": "Reload",
              "Order": 1,
              "Enabled": true,
              "Expanded": false,
              "IsEvent": false,
              "Properties": {
                "$type": "Artemis.Profiles.Layers.Types.Keyboard.KeyboardPropertiesModel, Artemis",
                "GifFile": null,
                "X": 4.0,
                "Y": 3.0,
                "Width": 1.0,
                "Height": 1.0,
                "Contain": false,
                "Opacity": 1.0,
                "AnimationSpeed": 0.3,
                "Conditions": [
                  {
                    "Field": "GrenadeState",
                    "Value": "HasGrenade",
                    "Operator": "==",
                    "Type": "Enum"
                  }
                ],
                "DynamicProperties": [],
                "Brush": {
                  "SolidColorBrush": {
                    "@xmlns": "http://schemas.microsoft.com/winfx/2006/xaml/presentation",
                    "#text": "#FFFFFFFF"
                  }
                }
              },
              "EventProperties": null,
              "Children": []
            }
          ]
        },
        {
          "LayerType": {
            "$type": "Artemis.Profiles.Layers.Types.Folder.FolderType, Artemis"
          },
          "LayerCondition": {
            "$type": "Artemis.Profiles.Layers.Conditions.DataModelCondition, Artemis"
          },
          "LayerAnimation": null,
          "Name": "Low health",
          "Order": 0,
          "Enabled": true,
          "Expanded": false,
          "IsEvent": false,
          "Properties": {
            "$type": "Artemis.Profiles.Layers.Models.SimplePropertiesModel, Artemis",
            "X": 0.0,
            "Y": 0.0,
            "Width": 1.0,
            "Height": 1.0,
            "Contain": false,
            "Opacity": 1.0,
            "AnimationSpeed": 0.0,
            "Conditions": [
              {
                "Field": "LowHp",
                "Value": "True",
                "Operator": "==",
                "Type": "Boolean"
              }
            ],
            "DynamicProperties": [],
            "Brush": {
              "SolidColorBrush": {
                "@xmlns": "http://schemas.microsoft.com/winfx/2006/xaml/presentation",
                "#text": "#FFFF8300"
              }
            }
          },
          "EventProperties": null,
          "Children": [
            {
              "LayerType": {
                "$type": "Artemis.Profiles.Layers.Types.Keyboard.KeyboardType, Artemis"
              },
              "LayerCondition": {
                "$type": "Artemis.Profiles.Layers.Conditions.DataModelCondition, Artemis"
              },
              "LayerAnimation": {
                "$type": "Artemis.Profiles.Layers.Animations.PulseAnimation, Artemis"
              },
              "Name": "Low health - keyboard",
              "Order": 0,
              "Enabled": true,
              "Expanded": false,
              "IsEvent": false,
              "Properties": {
                "$type": "Artemis.Profiles.Layers.Types.Keyboard.KeyboardPropertiesModel, Artemis",
                "GifFile": null,
                "X": 0.0,
                "Y": 2.0,
                "Width": 22.0,
                "Height": 1.0,
                "Contain": false,
                "Opacity": 1.0,
                "AnimationSpeed": 0.25,
                "Conditions": [],
                "DynamicProperties": [],
                "Brush": {
                  "SolidColorBrush": {
                    "@xmlns": "http://schemas.microsoft.com/winfx/2006/xaml/presentation",
                    "#text": "#FFFF0000"
                  }
                }
              },
              "EventProperties": null,
              "Children": []
            },
            {
              "LayerType": {
                "$type": "Artemis.Profiles.Layers.Types.Headset.HeadsetType, Artemis"
              },
              "LayerCondition": {
                "$type": "Artemis.Profiles.Layers.Conditions.DataModelCondition, Artemis"
              },
              "LayerAnimation": {
                "$type": "Artemis.Profiles.Layers.Animations.PulseAnimation, Artemis"
              },
              "Name": "Low health - headset",
              "Order": 1,
              "Enabled": true,
              "Expanded": false,
              "IsEvent": false,
              "Properties": {
                "$type": "Artemis.Profiles.Layers.Models.SimplePropertiesModel, Artemis",
                "X": 0.0,
                "Y": 0.0,
                "Width": 10.0,
                "Height": 10.0,
                "Contain": true,
                "Opacity": 1.0,
                "AnimationSpeed": 0.25,
                "Conditions": [],
                "DynamicProperties": [],
                "Brush": {
                  "SolidColorBrush": {
                    "@xmlns": "http://schemas.microsoft.com/winfx/2006/xaml/presentation",
                    "#text": "#FFFF0000"
                  }
                }
              },
              "EventProperties": null,
              "Children": []
            },
            {
              "LayerType": {
                "$type": "Artemis.Profiles.Layers.Types.Mouse.MouseType, Artemis"
              },
              "LayerCondition": {
                "$type": "Artemis.Profiles.Layers.Conditions.DataModelCondition, Artemis"
              },
              "LayerAnimation": {
                "$type": "Artemis.Profiles.Layers.Animations.PulseAnimation, Artemis"
              },
              "Name": "Low health - mouse",
              "Order": 2,
              "Enabled": true,
              "Expanded": false,
              "IsEvent": false,
              "Properties": {
                "$type": "Artemis.Profiles.Layers.Models.SimplePropertiesModel, Artemis",
                "X": 0.0,
                "Y": 0.0,
                "Width": 10.0,
                "Height": 10.0,
                "Contain": true,
                "Opacity": 1.0,
                "AnimationSpeed": 0.25,
                "Conditions": [],
                "DynamicProperties": [],
                "Brush": {
                  "SolidColorBrush": {
                    "@xmlns": "http://schemas.microsoft.com/winfx/2006/xaml/presentation",
                    "#text": "#FFFF0000"
                  }
                }
              },
              "EventProperties": null,
              "Children": []
            },
            {
              "LayerType": {
                "$type": "Artemis.Profiles.Layers.Types.Generic.GenericType, Artemis"
              },
              "LayerCondition": {
                "$type": "Artemis.Profiles.Layers.Conditions.DataModelCondition, Artemis"
              },
              "LayerAnimation": {
                "$type": "Artemis.Profiles.Layers.Animations.PulseAnimation, Artemis"
              },
              "Name": "Low health - generic",
              "Order": 3,
              "Enabled": true,
              "Expanded": false,
              "IsEvent": false,
              "Properties": {
                "$type": "Artemis.Profiles.Layers.Models.SimplePropertiesModel, Artemis",
                "X": 0.0,
                "Y": 0.0,
                "Width": 10.0,
                "Height": 10.0,
                "Contain": true,
                "Opacity": 1.0,
                "AnimationSpeed": 0.25,
                "Conditions": [],
                "DynamicProperties": [],
                "Brush": {
                  "SolidColorBrush": {
                    "@xmlns": "http://schemas.microsoft.com/winfx/2006/xaml/presentation",
                    "#text": "#FFFF0000"
                  }
                }
              },
              "EventProperties": null,
              "Children": []
            }
          ]
        }
      ]
    },
    {
      "LayerType": {
        "$type": "Artemis.Profiles.Layers.Types.Folder.FolderType, Artemis"
      },
      "LayerCondition": {
        "$type": "Artemis.Profiles.Layers.Conditions.DataModelCondition, Artemis"
      },
      "LayerAnimation": {
        "$type": "Artemis.Profiles.Layers.Animations.NoneAnimation, Artemis"
      },
      "Name": "Background",
      "Order": 5,
      "Enabled": true,
      "Expanded": false,
      "IsEvent": false,
      "Properties": {
        "$type": "Artemis.Profiles.Layers.Models.SimplePropertiesModel, Artemis",
        "X": 0.0,
        "Y": 0.0,
        "Width": 1.0,
        "Height": 1.0,
        "Contain": false,
        "Opacity": 1.0,
        "AnimationSpeed": 0.0,
        "Conditions": [],
        "DynamicProperties": [],
        "Brush": {
          "SolidColorBrush": {
            "@xmlns": "http://schemas.microsoft.com/winfx/2006/xaml/presentation",
            "#text": "#FF00FFE0"
          }
        }
      },
      "EventProperties": null,
      "Children": [
        {
          "LayerType": {
            "$type": "Artemis.Profiles.Layers.Types.Keyboard.KeyboardType, Artemis"
          },
          "LayerCondition": {
            "$type": "Artemis.Profiles.Layers.Conditions.DataModelCondition, Artemis"
          },
          "LayerAnimation": {
            "$type": "Artemis.Profiles.Layers.Animations.NoneAnimation, Artemis"
          },
          "Name": "Background - keyboard",
          "Order": 0,
          "Enabled": true,
          "Expanded": false,
          "IsEvent": false,
          "Properties": {
            "$type": "Artemis.Profiles.Layers.Types.Keyboard.KeyboardPropertiesModel, Artemis",
            "GifFile": null,
            "X": 0.0,
            "Y": 0.0,
            "Width": 22.0,
            "Height": 8.0,
            "Contain": false,
            "Opacity": 1.0,
            "AnimationSpeed": 0.0,
            "Conditions": [],
            "DynamicProperties": [],
            "Brush": {
              "SolidColorBrush": {
                "@xmlns": "http://schemas.microsoft.com/winfx/2006/xaml/presentation",
                "#text": "#70FF7500"
              }
            }
          },
          "EventProperties": null,
          "Children": []
        },
        {
          "LayerType": {
            "$type": "Artemis.Profiles.Layers.Types.Headset.HeadsetType, Artemis"
          },
          "LayerCondition": {
            "$type": "Artemis.Profiles.Layers.Conditions.DataModelCondition, Artemis"
          },
          "LayerAnimation": {
            "$type": "Artemis.Profiles.Layers.Animations.NoneAnimation, Artemis"
          },
          "Name": "Background - headset",
          "Order": 1,
          "Enabled": true,
          "Expanded": false,
          "IsEvent": false,
          "Properties": {
            "$type": "Artemis.Profiles.Layers.Models.SimplePropertiesModel, Artemis",
            "X": 0.0,
            "Y": 0.0,
            "Width": 10.0,
            "Height": 10.0,
            "Contain": true,
            "Opacity": 1.0,
            "AnimationSpeed": 0.0,
            "Conditions": [],
            "DynamicProperties": [],
            "Brush": {
              "SolidColorBrush": {
                "@xmlns": "http://schemas.microsoft.com/winfx/2006/xaml/presentation",
                "#text": "#FFFF7400"
              }
            }
          },
          "EventProperties": null,
          "Children": []
        },
        {
          "LayerType": {
            "$type": "Artemis.Profiles.Layers.Types.Headset.HeadsetType, Artemis"
          },
          "LayerCondition": {
            "$type": "Artemis.Profiles.Layers.Conditions.DataModelCondition, Artemis"
          },
          "LayerAnimation": {
            "$type": "Artemis.Profiles.Layers.Animations.NoneAnimation, Artemis"
          },
          "Name": "Background - generic",
          "Order": 3,
          "Enabled": true,
          "Expanded": false,
          "IsEvent": false,
          "Properties": {
            "$type": "Artemis.Profiles.Layers.Models.SimplePropertiesModel, Artemis",
            "X": 0.0,
            "Y": 0.0,
            "Width": 10.0,
            "Height": 10.0,
            "Contain": true,
            "Opacity": 1.0,
            "AnimationSpeed": 0.0,
            "Conditions": [],
            "DynamicProperties": [],
            "Brush": {
              "SolidColorBrush": {
                "@xmlns": "http://schemas.microsoft.com/winfx/2006/xaml/presentation",
                "#text": "#FFFF7400"
              }
            }
          },
          "EventProperties": null,
          "Children": []
        },
        {
          "LayerType": {
            "$type": "Artemis.Profiles.Layers.Types.Mouse.MouseType, Artemis"
          },
          "LayerCondition": {
            "$type": "Artemis.Profiles.Layers.Conditions.DataModelCondition, Artemis"
          },
          "LayerAnimation": {
            "$type": "Artemis.Profiles.Layers.Animations.NoneAnimation, Artemis"
          },
          "Name": "Background - mouse",
          "Order": 2,
          "Enabled": true,
          "Expanded": false,
          "IsEvent": false,
          "Properties": {
            "$type": "Artemis.Profiles.Layers.Models.SimplePropertiesModel, Artemis",
            "X": 0.0,
            "Y": 0.0,
            "Width": 10.0,
            "Height": 10.0,
            "Contain": true,
            "Opacity": 1.0,
            "AnimationSpeed": 0.0,
            "Conditions": [],
            "DynamicProperties": [],
            "Brush": {
              "SolidColorBrush": {
                "@xmlns": "http://schemas.microsoft.com/winfx/2006/xaml/presentation",
                "#text": "#FFFF7400"
              }
            }
          },
          "EventProperties": null,
          "Children": []
        }
      ]
    }
  ],
  "Name": "Default",
  "IsDefault": true,
  "KeyboardSlug": "corsair-strafe-rgb",
  "GameName": "TheDivision",
  "Width": 22,
  "Height": 8
}