<?xml version="1.0" encoding="utf-16"?>
<ProfileModel xmlns:xsd="http://www.w3.org/2001/XMLSchema" xmlns:xsi="http://www.w3.org/2001/XMLSchema-instance">
  <Layers>
    <LayerModel>
      <Name>Boost 66-100</Name>
      <Order>0</Order>
      <LayerType>Folder</LayerType>
      <Enabled>true</Enabled>
      <Expanded>false</Expanded>
      <Properties xsi:type="KeyboardPropertiesModel">
        <Conditions>
          <LayerConditionModel>
            <Field>Boost</Field>
            <Value>66</Value>
            <Operator>&gt;</Operator>
            <Type>Int32</Type>
          </LayerConditionModel>
        </Conditions>
        <Brush xsi:type="SolidColorBrush">
          <Opacity>1</Opacity>
          <Transform xsi:type="MatrixTransform">
            <Matrix>
              <M11>1</M11>
              <M12>0</M12>
              <M21>0</M21>
              <M22>1</M22>
              <OffsetX>0</OffsetX>
              <OffsetY>0</OffsetY>
            </Matrix>
          </Transform>
          <RelativeTransform xsi:type="MatrixTransform">
            <Matrix>
              <M11>1</M11>
              <M12>0</M12>
              <M21>0</M21>
              <M22>1</M22>
              <OffsetX>0</OffsetX>
              <OffsetY>0</OffsetY>
            </Matrix>
          </RelativeTransform>
          <Color>
            <A>255</A>
            <R>255</R>
            <G>198</G>
            <B>0</B>
            <ScA>1</ScA>
            <ScR>1</ScR>
            <ScG>0.5647115</ScG>
            <ScB>0</ScB>
          </Color>
        </Brush>
        <X>0</X>
        <Y>0</Y>
        <Width>1</Width>
        <Height>1</Height>
        <Opacity>1</Opacity>
        <Contain>false</Contain>
        <Animation>None</Animation>
        <AnimationSpeed>0</AnimationSpeed>
        <DynamicProperties />
      </Properties>
      <Children>
        <LayerModel>
          <Name>Boost bar</Name>
          <Order>0</Order>
          <LayerType>Keyboard</LayerType>
          <Enabled>true</Enabled>
          <Expanded>false</Expanded>
          <Properties xsi:type="KeyboardPropertiesModel">
            <Conditions />
            <Brush xsi:type="LinearGradientBrush">
              <Opacity>1</Opacity>
              <Transform xsi:type="MatrixTransform">
                <Matrix>
                  <M11>1</M11>
                  <M12>0</M12>
                  <M21>0</M21>
                  <M22>1</M22>
                  <OffsetX>0</OffsetX>
                  <OffsetY>0</OffsetY>
                </Matrix>
              </Transform>
              <RelativeTransform xsi:type="MatrixTransform">
                <Matrix>
                  <M11>1</M11>
                  <M12>0</M12>
                  <M21>0</M21>
                  <M22>1</M22>
                  <OffsetX>0</OffsetX>
                  <OffsetY>0</OffsetY>
                </Matrix>
              </RelativeTransform>
              <ColorInterpolationMode>SRgbLinearInterpolation</ColorInterpolationMode>
              <MappingMode>RelativeToBoundingBox</MappingMode>
              <SpreadMethod>Pad</SpreadMethod>
              <GradientStops>
                <GradientStop>
                  <Color>
                    <A>255</A>
                    <R>50</R>
                    <G>255</G>
                    <B>0</B>
                    <ScA>1</ScA>
                    <ScR>0.0318960324</ScR>
                    <ScG>1</ScG>
                    <ScB>0</ScB>
                  </Color>
                  <Offset>0</Offset>
                </GradientStop>
                <GradientStop>
                  <Color>
                    <A>255</A>
                    <R>2</R>
                    <G>185</G>
                    <B>0</B>
                    <ScA>1</ScA>
                    <ScR>0.000607054</ScR>
                    <ScG>0.48514995</ScG>
                    <ScB>0</ScB>
                  </Color>
                  <Offset>1</Offset>
                </GradientStop>
                <GradientStop>
                  <Color>
                    <A>255</A>
                    <R>157</R>
                    <G>222</G>
                    <B>0</B>
                    <ScA>1</ScA>
                    <ScR>0.337163657</ScR>
                    <ScG>0.730460763</ScG>
                    <ScB>0</ScB>
                  </Color>
                  <Offset>0.48730541141586359</Offset>
                </GradientStop>
              </GradientStops>
              <StartPoint>
                <X>0</X>
                <Y>0</Y>
              </StartPoint>
              <EndPoint>
                <X>1</X>
                <Y>0</Y>
              </EndPoint>
            </Brush>
            <X>0</X>
            <Y>0</Y>
            <Width>22</Width>
            <Height>6</Height>
            <Opacity>1</Opacity>
            <Contain>false</Contain>
            <Animation>None</Animation>
            <AnimationSpeed>0</AnimationSpeed>
            <DynamicProperties>
              <DynamicPropertiesModel>
                <LayerProperty>Width</LayerProperty>
                <GameProperty>Boost</GameProperty>
                <PercentageSource>100</PercentageSource>
                <LayerPropertyType>PercentageOf</LayerPropertyType>
                <LayerPropertyOptions>LeftToRight</LayerPropertyOptions>
              </DynamicPropertiesModel>
            </DynamicProperties>
          </Properties>
          <Children />
        </LayerModel>
        <LayerModel>
          <Name>Boost mouse</Name>
          <Order>1</Order>
          <LayerType>Mouse</LayerType>
          <Enabled>true</Enabled>
          <Expanded>false</Expanded>
          <Properties xsi:type="MousePropertiesModel">
            <Conditions />
            <Brush xsi:type="SolidColorBrush">
              <Opacity>1</Opacity>
              <Transform xsi:type="MatrixTransform">
                <Matrix>
                  <M11>1</M11>
                  <M12>0</M12>
                  <M21>0</M21>
                  <M22>1</M22>
                  <OffsetX>0</OffsetX>
                  <OffsetY>0</OffsetY>
                </Matrix>
              </Transform>
              <RelativeTransform xsi:type="MatrixTransform">
                <Matrix>
                  <M11>1</M11>
                  <M12>0</M12>
                  <M21>0</M21>
                  <M22>1</M22>
                  <OffsetX>0</OffsetX>
                  <OffsetY>0</OffsetY>
                </Matrix>
              </RelativeTransform>
              <Color>
                <A>255</A>
                <R>86</R>
                <G>255</G>
                <B>0</B>
                <ScA>1</ScA>
                <ScR>0.0930589661</ScR>
                <ScG>1</ScG>
                <ScB>0</ScB>
              </Color>
            </Brush>
          </Properties>
          <Children />
        </LayerModel>
        <LayerModel>
          <Name>Boost headset</Name>
          <Order>2</Order>
          <LayerType>Headset</LayerType>
          <Enabled>true</Enabled>
          <Expanded>false</Expanded>
          <Properties xsi:type="HeadsetPropertiesModel">
            <Conditions />
            <Brush xsi:type="SolidColorBrush">
              <Opacity>1</Opacity>
              <Transform xsi:type="MatrixTransform">
                <Matrix>
                  <M11>1</M11>
                  <M12>0</M12>
                  <M21>0</M21>
                  <M22>1</M22>
                  <OffsetX>0</OffsetX>
                  <OffsetY>0</OffsetY>
                </Matrix>
              </Transform>
              <RelativeTransform xsi:type="MatrixTransform">
                <Matrix>
                  <M11>1</M11>
                  <M12>0</M12>
                  <M21>0</M21>
                  <M22>1</M22>
                  <OffsetX>0</OffsetX>
                  <OffsetY>0</OffsetY>
                </Matrix>
              </RelativeTransform>
              <Color>
                <A>255</A>
                <R>86</R>
                <G>255</G>
                <B>0</B>
                <ScA>1</ScA>
                <ScR>0.0930589661</ScR>
                <ScG>1</ScG>
                <ScB>0</ScB>
              </Color>
            </Brush>
          </Properties>
          <Children />
        </LayerModel>
      </Children>
    </LayerModel>
    <LayerModel>
      <Name>Boost 33-66</Name>
      <Order>1</Order>
      <LayerType>Folder</LayerType>
      <Enabled>true</Enabled>
      <Expanded>false</Expanded>
      <Properties xsi:type="KeyboardPropertiesModel">
        <Conditions>
          <LayerConditionModel>
            <Field>Boost</Field>
            <Value>66</Value>
            <Operator>&lt;=</Operator>
            <Type>Int32</Type>
          </LayerConditionModel>
          <LayerConditionModel>
            <Field>Boost</Field>
            <Value>33</Value>
            <Operator>&gt;</Operator>
            <Type>Int32</Type>
          </LayerConditionModel>
        </Conditions>
        <Brush xsi:type="SolidColorBrush">
          <Opacity>1</Opacity>
          <Transform xsi:type="MatrixTransform">
            <Matrix>
              <M11>1</M11>
              <M12>0</M12>
              <M21>0</M21>
              <M22>1</M22>
              <OffsetX>0</OffsetX>
              <OffsetY>0</OffsetY>
            </Matrix>
          </Transform>
          <RelativeTransform xsi:type="MatrixTransform">
            <Matrix>
              <M11>1</M11>
              <M12>0</M12>
              <M21>0</M21>
              <M22>1</M22>
              <OffsetX>0</OffsetX>
              <OffsetY>0</OffsetY>
            </Matrix>
          </RelativeTransform>
          <Color>
            <A>255</A>
            <R>255</R>
            <G>198</G>
            <B>0</B>
            <ScA>1</ScA>
            <ScR>1</ScR>
            <ScG>0.5647115</ScG>
            <ScB>0</ScB>
          </Color>
        </Brush>
        <X>0</X>
        <Y>0</Y>
        <Width>1</Width>
        <Height>1</Height>
        <Opacity>1</Opacity>
        <Contain>false</Contain>
        <Animation>None</Animation>
        <AnimationSpeed>0</AnimationSpeed>
        <DynamicProperties />
      </Properties>
      <Children>
        <LayerModel>
          <Name>Boost bar</Name>
          <Order>0</Order>
          <LayerType>Keyboard</LayerType>
          <Enabled>true</Enabled>
          <Expanded>false</Expanded>
          <Properties xsi:type="KeyboardPropertiesModel">
            <Conditions />
            <Brush xsi:type="LinearGradientBrush">
              <Opacity>1</Opacity>
              <Transform xsi:type="MatrixTransform">
                <Matrix>
                  <M11>1</M11>
                  <M12>0</M12>
                  <M21>0</M21>
                  <M22>1</M22>
                  <OffsetX>0</OffsetX>
                  <OffsetY>0</OffsetY>
                </Matrix>
              </Transform>
              <RelativeTransform xsi:type="MatrixTransform">
                <Matrix>
                  <M11>1</M11>
                  <M12>0</M12>
                  <M21>0</M21>
                  <M22>1</M22>
                  <OffsetX>0</OffsetX>
                  <OffsetY>0</OffsetY>
                </Matrix>
              </RelativeTransform>
              <ColorInterpolationMode>SRgbLinearInterpolation</ColorInterpolationMode>
              <MappingMode>RelativeToBoundingBox</MappingMode>
              <SpreadMethod>Pad</SpreadMethod>
              <GradientStops>
                <GradientStop>
                  <Color>
                    <A>255</A>
                    <R>255</R>
                    <G>223</G>
                    <B>0</B>
                    <ScA>1</ScA>
                    <ScR>1</ScR>
                    <ScG>0.73791045</ScG>
                    <ScB>0</ScB>
                  </Color>
                  <Offset>0</Offset>
                </GradientStop>
                <GradientStop>
                  <Color>
                    <A>255</A>
                    <R>255</R>
                    <G>223</G>
                    <B>0</B>
                    <ScA>1</ScA>
                    <ScR>1</ScR>
                    <ScG>0.73791045</ScG>
                    <ScB>0</ScB>
                  </Color>
                  <Offset>1</Offset>
                </GradientStop>
                <GradientStop>
                  <Color>
                    <A>255</A>
                    <R>222</R>
                    <G>174</G>
                    <B>0</B>
                    <ScA>1</ScA>
                    <ScR>0.730460763</ScR>
                    <ScG>0.4232677</ScG>
                    <ScB>0</ScB>
                  </Color>
                  <Offset>0.48730541141586359</Offset>
                </GradientStop>
              </GradientStops>
              <StartPoint>
                <X>0</X>
                <Y>0</Y>
              </StartPoint>
              <EndPoint>
                <X>1</X>
                <Y>0</Y>
              </EndPoint>
            </Brush>
            <X>0</X>
            <Y>0</Y>
            <Width>22</Width>
            <Height>6</Height>
            <Opacity>1</Opacity>
            <Contain>false</Contain>
            <Animation>None</Animation>
            <AnimationSpeed>0</AnimationSpeed>
            <DynamicProperties>
              <DynamicPropertiesModel>
                <LayerProperty>Width</LayerProperty>
                <GameProperty>Boost</GameProperty>
                <PercentageSource>100</PercentageSource>
                <LayerPropertyType>PercentageOf</LayerPropertyType>
                <LayerPropertyOptions>LeftToRight</LayerPropertyOptions>
              </DynamicPropertiesModel>
            </DynamicProperties>
          </Properties>
          <Children />
        </LayerModel>
        <LayerModel>
          <Name>Boost mouse</Name>
          <Order>1</Order>
          <LayerType>Mouse</LayerType>
          <Enabled>true</Enabled>
          <Expanded>false</Expanded>
          <Properties xsi:type="MousePropertiesModel">
            <Conditions />
            <Brush xsi:type="SolidColorBrush">
              <Opacity>1</Opacity>
              <Transform xsi:type="MatrixTransform">
                <Matrix>
                  <M11>1</M11>
                  <M12>0</M12>
                  <M21>0</M21>
                  <M22>1</M22>
                  <OffsetX>0</OffsetX>
                  <OffsetY>0</OffsetY>
                </Matrix>
              </Transform>
              <RelativeTransform xsi:type="MatrixTransform">
                <Matrix>
                  <M11>1</M11>
                  <M12>0</M12>
                  <M21>0</M21>
                  <M22>1</M22>
                  <OffsetX>0</OffsetX>
                  <OffsetY>0</OffsetY>
                </Matrix>
              </RelativeTransform>
              <Color>
                <A>255</A>
                <R>255</R>
                <G>200</G>
                <B>0</B>
                <ScA>1</ScA>
                <ScR>1</ScR>
                <ScG>0.577580452</ScG>
                <ScB>0</ScB>
              </Color>
            </Brush>
          </Properties>
          <Children />
        </LayerModel>
        <LayerModel>
          <Name>Boost headset</Name>
          <Order>2</Order>
          <LayerType>Headset</LayerType>
          <Enabled>true</Enabled>
          <Expanded>false</Expanded>
          <Properties xsi:type="HeadsetPropertiesModel">
            <Conditions />
            <Brush xsi:type="SolidColorBrush">
              <Opacity>1</Opacity>
              <Transform xsi:type="MatrixTransform">
                <Matrix>
                  <M11>1</M11>
                  <M12>0</M12>
                  <M21>0</M21>
                  <M22>1</M22>
                  <OffsetX>0</OffsetX>
                  <OffsetY>0</OffsetY>
                </Matrix>
              </Transform>
              <RelativeTransform xsi:type="MatrixTransform">
                <Matrix>
                  <M11>1</M11>
                  <M12>0</M12>
                  <M21>0</M21>
                  <M22>1</M22>
                  <OffsetX>0</OffsetX>
                  <OffsetY>0</OffsetY>
                </Matrix>
              </RelativeTransform>
              <Color>
                <A>255</A>
                <R>255</R>
                <G>247</G>
                <B>0</B>
                <ScA>1</ScA>
                <ScR>1</ScR>
                <ScG>0.9301109</ScG>
                <ScB>0</ScB>
              </Color>
            </Brush>
          </Properties>
          <Children />
        </LayerModel>
      </Children>
    </LayerModel>
    <LayerModel>
      <Name>Boost 1-33</Name>
      <Order>2</Order>
      <LayerType>Folder</LayerType>
      <Enabled>true</Enabled>
      <Expanded>false</Expanded>
      <Properties xsi:type="KeyboardPropertiesModel">
        <Conditions>
          <LayerConditionModel>
            <Field>Boost</Field>
            <Value>33</Value>
            <Operator>&lt;=</Operator>
            <Type>Int32</Type>
          </LayerConditionModel>
          <LayerConditionModel>
            <Field>Boost</Field>
            <Value>1</Value>
            <Operator>&gt;</Operator>
            <Type>Int32</Type>
          </LayerConditionModel>
        </Conditions>
        <Brush xsi:type="SolidColorBrush">
          <Opacity>1</Opacity>
          <Transform xsi:type="MatrixTransform">
            <Matrix>
              <M11>1</M11>
              <M12>0</M12>
              <M21>0</M21>
              <M22>1</M22>
              <OffsetX>0</OffsetX>
              <OffsetY>0</OffsetY>
            </Matrix>
          </Transform>
          <RelativeTransform xsi:type="MatrixTransform">
            <Matrix>
              <M11>1</M11>
              <M12>0</M12>
              <M21>0</M21>
              <M22>1</M22>
              <OffsetX>0</OffsetX>
              <OffsetY>0</OffsetY>
            </Matrix>
          </RelativeTransform>
          <Color>
            <A>255</A>
            <R>255</R>
            <G>198</G>
            <B>0</B>
            <ScA>1</ScA>
            <ScR>1</ScR>
            <ScG>0.5647115</ScG>
            <ScB>0</ScB>
          </Color>
        </Brush>
        <X>0</X>
        <Y>0</Y>
        <Width>1</Width>
        <Height>1</Height>
        <Opacity>1</Opacity>
        <Contain>false</Contain>
        <Animation>None</Animation>
        <AnimationSpeed>0</AnimationSpeed>
        <DynamicProperties />
      </Properties>
      <Children>
        <LayerModel>
          <Name>Boost bar</Name>
          <Order>0</Order>
          <LayerType>Keyboard</LayerType>
          <Enabled>true</Enabled>
          <Expanded>false</Expanded>
          <Properties xsi:type="KeyboardPropertiesModel">
            <Conditions />
            <Brush xsi:type="LinearGradientBrush">
              <Opacity>1</Opacity>
              <Transform xsi:type="MatrixTransform">
                <Matrix>
                  <M11>1</M11>
                  <M12>0</M12>
                  <M21>0</M21>
                  <M22>1</M22>
                  <OffsetX>0</OffsetX>
                  <OffsetY>0</OffsetY>
                </Matrix>
              </Transform>
              <RelativeTransform xsi:type="MatrixTransform">
                <Matrix>
                  <M11>1</M11>
                  <M12>0</M12>
                  <M21>0</M21>
                  <M22>1</M22>
                  <OffsetX>0</OffsetX>
                  <OffsetY>0</OffsetY>
                </Matrix>
              </RelativeTransform>
              <ColorInterpolationMode>SRgbLinearInterpolation</ColorInterpolationMode>
              <MappingMode>RelativeToBoundingBox</MappingMode>
              <SpreadMethod>Pad</SpreadMethod>
              <GradientStops>
                <GradientStop>
                  <Color>
                    <A>255</A>
                    <R>255</R>
                    <G>0</G>
                    <B>0</B>
                    <ScA>1</ScA>
                    <ScR>1</ScR>
                    <ScG>0</ScG>
                    <ScB>0</ScB>
                  </Color>
                  <Offset>0</Offset>
                </GradientStop>
                <GradientStop>
                  <Color>
                    <A>255</A>
                    <R>255</R>
                    <G>0</G>
                    <B>0</B>
                    <ScA>1</ScA>
                    <ScR>1</ScR>
                    <ScG>0</ScG>
                    <ScB>0</ScB>
                  </Color>
                  <Offset>1</Offset>
                </GradientStop>
                <GradientStop>
                  <Color>
                    <A>255</A>
                    <R>222</R>
                    <G>61</G>
                    <B>0</B>
                    <ScA>1</ScA>
                    <ScR>0.730460763</ScR>
                    <ScG>0.0466650873</ScG>
                    <ScB>0</ScB>
                  </Color>
                  <Offset>0.48730541141586359</Offset>
                </GradientStop>
              </GradientStops>
              <StartPoint>
                <X>0</X>
                <Y>0</Y>
              </StartPoint>
              <EndPoint>
                <X>1</X>
                <Y>0</Y>
              </EndPoint>
            </Brush>
            <X>0</X>
            <Y>0</Y>
            <Width>22</Width>
            <Height>6</Height>
            <Opacity>1</Opacity>
            <Contain>false</Contain>
            <Animation>None</Animation>
            <AnimationSpeed>0</AnimationSpeed>
            <DynamicProperties>
              <DynamicPropertiesModel>
                <LayerProperty>Width</LayerProperty>
                <GameProperty>Boost</GameProperty>
                <PercentageSource>100</PercentageSource>
                <LayerPropertyType>PercentageOf</LayerPropertyType>
                <LayerPropertyOptions>LeftToRight</LayerPropertyOptions>
              </DynamicPropertiesModel>
            </DynamicProperties>
          </Properties>
          <Children />
        </LayerModel>
        <LayerModel>
          <Name>Boost mouse</Name>
          <Order>1</Order>
          <LayerType>Mouse</LayerType>
          <Enabled>true</Enabled>
          <Expanded>false</Expanded>
          <Properties xsi:type="MousePropertiesModel">
            <Conditions />
            <Brush xsi:type="SolidColorBrush">
              <Opacity>1</Opacity>
              <Transform xsi:type="MatrixTransform">
                <Matrix>
                  <M11>1</M11>
                  <M12>0</M12>
                  <M21>0</M21>
                  <M22>1</M22>
                  <OffsetX>0</OffsetX>
                  <OffsetY>0</OffsetY>
                </Matrix>
              </Transform>
              <RelativeTransform xsi:type="MatrixTransform">
                <Matrix>
                  <M11>1</M11>
                  <M12>0</M12>
                  <M21>0</M21>
                  <M22>1</M22>
                  <OffsetX>0</OffsetX>
                  <OffsetY>0</OffsetY>
                </Matrix>
              </RelativeTransform>
              <Color>
                <A>255</A>
                <R>255</R>
                <G>0</G>
                <B>0</B>
                <ScA>1</ScA>
                <ScR>1</ScR>
                <ScG>0</ScG>
                <ScB>0</ScB>
              </Color>
            </Brush>
          </Properties>
          <Children />
        </LayerModel>
        <LayerModel>
          <Name>Boost headset</Name>
          <Order>2</Order>
          <LayerType>Headset</LayerType>
          <Enabled>true</Enabled>
          <Expanded>false</Expanded>
          <Properties xsi:type="HeadsetPropertiesModel">
            <Conditions />
            <Brush xsi:type="SolidColorBrush">
              <Opacity>1</Opacity>
              <Transform xsi:type="MatrixTransform">
                <Matrix>
                  <M11>1</M11>
                  <M12>0</M12>
                  <M21>0</M21>
                  <M22>1</M22>
                  <OffsetX>0</OffsetX>
                  <OffsetY>0</OffsetY>
                </Matrix>
              </Transform>
              <RelativeTransform xsi:type="MatrixTransform">
                <Matrix>
                  <M11>1</M11>
                  <M12>0</M12>
                  <M21>0</M21>
                  <M22>1</M22>
                  <OffsetX>0</OffsetX>
                  <OffsetY>0</OffsetY>
                </Matrix>
              </RelativeTransform>
              <Color>
                <A>255</A>
                <R>255</R>
                <G>0</G>
                <B>0</B>
                <ScA>1</ScA>
                <ScR>1</ScR>
                <ScG>0</ScG>
                <ScB>0</ScB>
              </Color>
            </Brush>
          </Properties>
          <Children />
        </LayerModel>
      </Children>
    </LayerModel>
    <LayerModel>
      <Name>Boost empty</Name>
      <Order>3</Order>
      <LayerType>Folder</LayerType>
      <Enabled>true</Enabled>
      <Expanded>false</Expanded>
      <Properties xsi:type="KeyboardPropertiesModel">
        <Conditions>
          <LayerConditionModel>
            <Field>Boost</Field>
            <Value>33</Value>
            <Operator>&lt;=</Operator>
            <Type>Int32</Type>
          </LayerConditionModel>
          <LayerConditionModel>
            <Field>Boost</Field>
            <Value>1</Value>
            <Operator>&gt;</Operator>
            <Type>Int32</Type>
          </LayerConditionModel>
        </Conditions>
        <Brush xsi:type="SolidColorBrush">
          <Opacity>1</Opacity>
          <Transform xsi:type="MatrixTransform">
            <Matrix>
              <M11>1</M11>
              <M12>0</M12>
              <M21>0</M21>
              <M22>1</M22>
              <OffsetX>0</OffsetX>
              <OffsetY>0</OffsetY>
            </Matrix>
          </Transform>
          <RelativeTransform xsi:type="MatrixTransform">
            <Matrix>
              <M11>1</M11>
              <M12>0</M12>
              <M21>0</M21>
              <M22>1</M22>
              <OffsetX>0</OffsetX>
              <OffsetY>0</OffsetY>
            </Matrix>
          </RelativeTransform>
          <Color>
            <A>255</A>
            <R>255</R>
            <G>198</G>
            <B>0</B>
            <ScA>1</ScA>
            <ScR>1</ScR>
            <ScG>0.5647115</ScG>
            <ScB>0</ScB>
          </Color>
        </Brush>
        <X>0</X>
        <Y>0</Y>
        <Width>1</Width>
        <Height>1</Height>
        <Opacity>1</Opacity>
        <Contain>false</Contain>
        <Animation>None</Animation>
        <AnimationSpeed>0</AnimationSpeed>
        <DynamicProperties />
      </Properties>
      <Children>
        <LayerModel>
          <Name>Boost bar</Name>
          <Order>0</Order>
          <LayerType>Keyboard</LayerType>
          <Enabled>true</Enabled>
          <Expanded>false</Expanded>
          <Properties xsi:type="KeyboardPropertiesModel">
            <Conditions />
            <Brush xsi:type="LinearGradientBrush">
              <Opacity>1</Opacity>
              <Transform xsi:type="MatrixTransform">
                <Matrix>
                  <M11>1</M11>
                  <M12>0</M12>
                  <M21>0</M21>
                  <M22>1</M22>
                  <OffsetX>0</OffsetX>
                  <OffsetY>0</OffsetY>
                </Matrix>
              </Transform>
              <RelativeTransform xsi:type="MatrixTransform">
                <Matrix>
                  <M11>1</M11>
                  <M12>0</M12>
                  <M21>0</M21>
                  <M22>1</M22>
                  <OffsetX>0</OffsetX>
                  <OffsetY>0</OffsetY>
                </Matrix>
              </RelativeTransform>
              <ColorInterpolationMode>SRgbLinearInterpolation</ColorInterpolationMode>
              <MappingMode>RelativeToBoundingBox</MappingMode>
              <SpreadMethod>Pad</SpreadMethod>
              <GradientStops>
                <GradientStop>
                  <Color>
                    <A>255</A>
                    <R>255</R>
                    <G>0</G>
                    <B>0</B>
                    <ScA>1</ScA>
                    <ScR>1</ScR>
                    <ScG>0</ScG>
                    <ScB>0</ScB>
                  </Color>
                  <Offset>0</Offset>
                </GradientStop>
                <GradientStop>
                  <Color>
                    <A>255</A>
                    <R>255</R>
                    <G>0</G>
                    <B>0</B>
                    <ScA>1</ScA>
                    <ScR>1</ScR>
                    <ScG>0</ScG>
                    <ScB>0</ScB>
                  </Color>
                  <Offset>1</Offset>
                </GradientStop>
                <GradientStop>
                  <Color>
                    <A>255</A>
                    <R>222</R>
                    <G>61</G>
                    <B>0</B>
                    <ScA>1</ScA>
                    <ScR>0.730460763</ScR>
                    <ScG>0.0466650873</ScG>
                    <ScB>0</ScB>
                  </Color>
                  <Offset>0.48730541141586359</Offset>
                </GradientStop>
              </GradientStops>
              <StartPoint>
                <X>0</X>
                <Y>0</Y>
              </StartPoint>
              <EndPoint>
                <X>1</X>
                <Y>0</Y>
              </EndPoint>
            </Brush>
            <X>0</X>
            <Y>0</Y>
            <Width>22</Width>
            <Height>6</Height>
            <Opacity>1</Opacity>
            <Contain>false</Contain>
            <Animation>Pulse</Animation>
            <AnimationSpeed>0.1</AnimationSpeed>
            <DynamicProperties>
              <DynamicPropertiesModel>
                <LayerProperty>Width</LayerProperty>
                <GameProperty>Boost</GameProperty>
                <PercentageSource>100</PercentageSource>
                <LayerPropertyType>PercentageOf</LayerPropertyType>
                <LayerPropertyOptions>LeftToRight</LayerPropertyOptions>
              </DynamicPropertiesModel>
            </DynamicProperties>
          </Properties>
          <Children />
        </LayerModel>
        <LayerModel>
          <Name>Boost mouse</Name>
          <Order>1</Order>
          <LayerType>Mouse</LayerType>
          <Enabled>true</Enabled>
          <Expanded>false</Expanded>
          <Properties xsi:type="MousePropertiesModel">
            <Conditions />
            <Brush xsi:type="SolidColorBrush">
              <Opacity>1</Opacity>
              <Transform xsi:type="MatrixTransform">
                <Matrix>
                  <M11>1</M11>
                  <M12>0</M12>
                  <M21>0</M21>
                  <M22>1</M22>
                  <OffsetX>0</OffsetX>
                  <OffsetY>0</OffsetY>
                </Matrix>
              </Transform>
              <RelativeTransform xsi:type="MatrixTransform">
                <Matrix>
                  <M11>1</M11>
                  <M12>0</M12>
                  <M21>0</M21>
                  <M22>1</M22>
                  <OffsetX>0</OffsetX>
                  <OffsetY>0</OffsetY>
                </Matrix>
              </RelativeTransform>
              <Color>
                <A>255</A>
                <R>255</R>
                <G>0</G>
                <B>0</B>
                <ScA>1</ScA>
                <ScR>1</ScR>
                <ScG>0</ScG>
                <ScB>0</ScB>
              </Color>
            </Brush>
          </Properties>
          <Children />
        </LayerModel>
        <LayerModel>
          <Name>Boost headset</Name>
          <Order>2</Order>
          <LayerType>Headset</LayerType>
          <Enabled>true</Enabled>
          <Expanded>false</Expanded>
          <Properties xsi:type="HeadsetPropertiesModel">
            <Conditions />
            <Brush xsi:type="SolidColorBrush">
              <Opacity>1</Opacity>
              <Transform xsi:type="MatrixTransform">
                <Matrix>
                  <M11>1</M11>
                  <M12>0</M12>
                  <M21>0</M21>
                  <M22>1</M22>
                  <OffsetX>0</OffsetX>
                  <OffsetY>0</OffsetY>
                </Matrix>
              </Transform>
              <RelativeTransform xsi:type="MatrixTransform">
                <Matrix>
                  <M11>1</M11>
                  <M12>0</M12>
                  <M21>0</M21>
                  <M22>1</M22>
                  <OffsetX>0</OffsetX>
                  <OffsetY>0</OffsetY>
                </Matrix>
              </RelativeTransform>
              <Color>
                <A>255</A>
                <R>255</R>
                <G>0</G>
                <B>0</B>
                <ScA>1</ScA>
                <ScR>1</ScR>
                <ScG>0</ScG>
                <ScB>0</ScB>
              </Color>
            </Brush>
          </Properties>
          <Children />
        </LayerModel>
      </Children>
    </LayerModel>
  </Layers>
  <Name>Default</Name>
  <IsDefault>true</IsDefault>
  <KeyboardSlug>razer-blackwidow-chroma</KeyboardSlug>
  <GameName>RocketLeague</GameName>
</ProfileModel>