{
  "Layers": [
    {
      "LayerType": {
        "$type": "Artemis.Profiles.Layers.Types.Keyboard.KeyboardType, Artemis"
      },
      "LayerCondition": {
        "$type": "Artemis.Profiles.Layers.Conditions.DataModelCondition, Artemis"
      },
      "LayerAnimation": {
        "$type": "Artemis.Profiles.Layers.Animations.NoneAnimation, Artemis"
      },
      "Name": "Boost - keyboard",
      "Order": 0,
      "Enabled": true,
      "Expanded": true,
      "IsEvent": false,
      "Properties": {
        "$type": "Artemis.Profiles.Layers.Types.Keyboard.KeyboardPropertiesModel, Artemis",
        "GifFile": null,
        "X": 0.0,
        "Y": 0.0,
        "Width": 22.0,
        "Height": 6.0,
        "Contain": false,
        "Opacity": 1.0,
        "AnimationSpeed": 0.0,
        "OpacityEaseTime": 0.0,
        "HeightEaseTime": 0.0,
        "WidthEaseTime": 200.0,
        "WidthEase": "Linear",
        "HeightEase": "Linear",
        "OpacityEase": "Linear",
        "ConditionType": 0,
        "Conditions": [],
        "DynamicProperties": [
          {
            "LayerProperty": "Width",
            "GameProperty": "Boost",
            "PercentageSource": 100.0,
            "PercentageProperty": null,
            "LayerPropertyType": 0,
            "LayerPropertyOptions": 0
          }
        ],
        "Brush": {
          "LinearGradientBrush": {
            "@StartPoint": "0,0",
            "@EndPoint": "1,0",
            "@MappingMode": "RelativeToBoundingBox",
            "@SpreadMethod": "Pad",
            "@Opacity": "1",
            "@xmlns": "http://schemas.microsoft.com/winfx/2006/xaml/presentation",
            "LinearGradientBrush.GradientStops": {
              "GradientStop": [
                {
                  "@Color": "#FF32FF00",
                  "@Offset": "0"
                },
                {
                  "@Color": "#FF32FF00",
                  "@Offset": "1"
                },
                {
                  "@Color": "#FFA3DE00",
                  "@Offset": "0.47887323943661975"
                }
              ]
            }
          }
        }
      },
      "EventProperties": null,
      "Children": []
    },
    {
      "LayerType": {
        "$type": "Artemis.Profiles.Layers.Types.Headset.HeadsetType, Artemis"
      },
      "LayerCondition": {
        "$type": "Artemis.Profiles.Layers.Conditions.DataModelCondition, Artemis"
      },
      "LayerAnimation": {
        "$type": "Artemis.Profiles.Layers.Animations.NoneAnimation, Artemis"
      },
      "Name": "Boost - headset",
      "Order": 1,
      "Enabled": true,
      "Expanded": false,
      "IsEvent": false,
      "Properties": {
        "$type": "Artemis.Profiles.Layers.Models.SimplePropertiesModel, Artemis",
        "X": 0.0,
        "Y": 0.0,
        "Width": 10.0,
        "Height": 10.0,
        "Contain": true,
        "Opacity": 1.0,
        "AnimationSpeed": 0.0,
        "OpacityEaseTime": 0.0,
        "HeightEaseTime": 0.0,
        "WidthEaseTime": 0.0,
        "WidthEase": null,
        "HeightEase": null,
        "OpacityEase": null,
        "ConditionType": 0,
        "Conditions": [],
        "DynamicProperties": [],
        "Brush": {
          "LinearGradientBrush": {
            "@StartPoint": "0,0",
            "@EndPoint": "1,0",
            "@MappingMode": "RelativeToBoundingBox",
            "@SpreadMethod": "Pad",
            "@Opacity": "1",
            "@xmlns": "http://schemas.microsoft.com/winfx/2006/xaml/presentation",
            "LinearGradientBrush.GradientStops": {
              "GradientStop": [
                {
                  "@Color": "#FF32FF00",
                  "@Offset": "0"
                },
                {
                  "@Color": "#FF32FF00",
                  "@Offset": "1"
                },
                {
                  "@Color": "#FF9DDE00",
                  "@Offset": "0.47887323943661975"
                }
              ]
            }
          }
        }
      },
      "EventProperties": null,
      "Children": []
    },
    {
      "LayerType": {
        "$type": "Artemis.Profiles.Layers.Types.Mouse.MouseType, Artemis"
      },
      "LayerCondition": {
        "$type": "Artemis.Profiles.Layers.Conditions.DataModelCondition, Artemis"
      },
      "LayerAnimation": {
        "$type": "Artemis.Profiles.Layers.Animations.NoneAnimation, Artemis"
      },
      "Name": "Boost - mouse",
      "Order": 2,
      "Enabled": true,
      "Expanded": false,
      "IsEvent": false,
      "Properties": {
        "$type": "Artemis.Profiles.Layers.Models.SimplePropertiesModel, Artemis",
        "X": 0.0,
        "Y": 0.0,
        "Width": 10.0,
        "Height": 10.0,
        "Contain": true,
        "Opacity": 1.0,
        "AnimationSpeed": 0.0,
        "OpacityEaseTime": 0.0,
        "HeightEaseTime": 0.0,
        "WidthEaseTime": 0.0,
        "WidthEase": null,
        "HeightEase": null,
        "OpacityEase": null,
        "ConditionType": 0,
        "Conditions": [],
        "DynamicProperties": [],
        "Brush": {
          "LinearGradientBrush": {
            "@StartPoint": "0,0",
            "@EndPoint": "1,0",
            "@MappingMode": "RelativeToBoundingBox",
            "@SpreadMethod": "Pad",
            "@Opacity": "1",
            "@xmlns": "http://schemas.microsoft.com/winfx/2006/xaml/presentation",
            "LinearGradientBrush.GradientStops": {
              "GradientStop": [
                {
                  "@Color": "#FF32FF00",
                  "@Offset": "0"
                },
                {
                  "@Color": "#FF32FF00",
                  "@Offset": "1"
                },
                {
                  "@Color": "#FF9DDE00",
                  "@Offset": "0.47887323943661975"
                }
              ]
            }
          }
        }
      },
      "EventProperties": null,
      "Children": []
    },
    {
      "LayerType": {
        "$type": "Artemis.Profiles.Layers.Types.Mousemat.MousematType, Artemis"
      },
      "LayerCondition": {
        "$type": "Artemis.Profiles.Layers.Conditions.DataModelCondition, Artemis"
      },
      "LayerAnimation": {
        "$type": "Artemis.Profiles.Layers.Animations.NoneAnimation, Artemis"
      },
      "Name": "Boost - mousemat",
      "Order": 3,
      "Enabled": true,
      "Expanded": true,
      "IsEvent": false,
      "Properties": {
        "$type": "Artemis.Profiles.Layers.Models.SimplePropertiesModel, Artemis",
        "X": 0.0,
        "Y": 0.0,
        "Width": 10.0,
        "Height": 10.0,
        "Contain": true,
        "Opacity": 1.0,
        "AnimationSpeed": 0.0,
        "OpacityEaseTime": 0.0,
        "HeightEaseTime": 0.0,
        "WidthEaseTime": 0.0,
        "WidthEase": null,
        "HeightEase": null,
        "OpacityEase": null,
        "ConditionType": 0,
        "Conditions": [],
        "DynamicProperties": [],
        "Brush": {
          "LinearGradientBrush": {
            "@StartPoint": "0,0",
            "@EndPoint": "1,0",
            "@MappingMode": "RelativeToBoundingBox",
            "@SpreadMethod": "Pad",
            "@Opacity": "1",
            "@xmlns": "http://schemas.microsoft.com/winfx/2006/xaml/presentation",
            "LinearGradientBrush.GradientStops": {
              "GradientStop": [
                {
                  "@Color": "#FF32FF00",
                  "@Offset": "0"
                },
                {
                  "@Color": "#FF32FF00",
                  "@Offset": "1"
                },
                {
                  "@Color": "#FF9DDE00",
                  "@Offset": "0.47887323943661975"
                }
              ]
            }
          }
        }
      },
      "EventProperties": null,
      "Children": []
    },
    {
      "LayerType": {
        "$type": "Artemis.Profiles.Layers.Types.Generic.GenericType, Artemis"
      },
      "LayerCondition": {
        "$type": "Artemis.Profiles.Layers.Conditions.DataModelCondition, Artemis"
      },
      "LayerAnimation": {
        "$type": "Artemis.Profiles.Layers.Animations.NoneAnimation, Artemis"
      },
      "Name": "Boost - generic",
      "Order": 4,
      "Enabled": true,
      "Expanded": false,
      "IsEvent": false,
      "Properties": {
        "$type": "Artemis.Profiles.Layers.Models.SimplePropertiesModel, Artemis",
        "X": 0.0,
        "Y": 0.0,
        "Width": 10.0,
        "Height": 10.0,
        "Contain": true,
        "Opacity": 1.0,
        "AnimationSpeed": 0.0,
        "OpacityEaseTime": 0.0,
        "HeightEaseTime": 0.0,
        "WidthEaseTime": 0.0,
        "WidthEase": null,
        "HeightEase": null,
        "OpacityEase": null,
        "ConditionType": 0,
        "Conditions": [],
        "DynamicProperties": [],
        "Brush": {
          "LinearGradientBrush": {
            "@StartPoint": "0,0",
            "@EndPoint": "1,0",
            "@MappingMode": "RelativeToBoundingBox",
            "@SpreadMethod": "Pad",
            "@Opacity": "1",
            "@xmlns": "http://schemas.microsoft.com/winfx/2006/xaml/presentation",
            "LinearGradientBrush.GradientStops": {
              "GradientStop": [
                {
                  "@Color": "#FF32FF00",
                  "@Offset": "0"
                },
                {
                  "@Color": "#FF32FF00",
                  "@Offset": "1"
                },
                {
                  "@Color": "#FF9DDE00",
                  "@Offset": "0.47887323943661975"
                }
              ]
            }
          }
        }
      },
      "EventProperties": null,
      "Children": []
    }
  ],
  "Name": "Default",
  "IsDefault": true,
  "KeyboardSlug": "razer-blackwidow-chroma",
  "GameName": "RocketLeague",
  "Width": 22,
  "Height": 6,
  "LuaScript": "--------t--------------------------------------------------------------------------\n-------------------------------- Artemis LUA file --------------------------------\n----------------------------------------------------------------------------------\n\n-- Store a gradient which will provide the color for all brushes\nlocal colors = {};\ncolors[Brushes.GetColor(\"#FFFF0000\")] = 0;    -- red\ncolors[Brushes.GetColor(\"#FFFFE300\")] = 0.5; -- yellow\ncolors[Brushes.GetColor(\"#FF36FF00\")] = 1;    -- green\n\nlocal layers = Profile.GetLayers();\nfunction updateHandler(profile, eventArgs)\n\t-- Don't do anything when previewing and only bother updating at the keyboard\n    if eventArgs.DeviceType != \"keyboard\" then\n        return\n    end\n\t\n\t-- Get a color from the colors array using the boost amount as a position\n\tcolor = Brushes.GetRelativeColor(colors, eventArgs.DataModel.Boost/100);\n\t\n\t-- Put the color onto a brush and assign it to each layer\n\tlocal brush = Brushes.GetSolidColorBrush(color);\n\tfor layerKey, layerValue in pairs(layers) do\n\t\tlayerValue.Brush = brush;\n\tend\t\nend\n\nEvents.DeviceUpdating.add(updateHandler);"
}