<?xml version="1.0" encoding="utf-16"?>
<ProfileModel xmlns:xsd="http://www.w3.org/2001/XMLSchema" xmlns:xsi="http://www.w3.org/2001/XMLSchema-instance">
  <Layers>
    <LayerModel>
      <Name>Party member 1</Name>
      <Order>0</Order>
      <LayerType>Folder</LayerType>
      <Enabled>true</Enabled>
      <Expanded>false</Expanded>
      <Properties xsi:type="KeyboardPropertiesModel">
        <Conditions />
        <Brush xsi:type="SolidColorBrush">
          <Opacity>1</Opacity>
          <Transform xsi:type="MatrixTransform">
            <Matrix>
              <M11>1</M11>
              <M12>0</M12>
              <M21>0</M21>
              <M22>1</M22>
              <OffsetX>0</OffsetX>
              <OffsetY>0</OffsetY>
            </Matrix>
          </Transform>
          <RelativeTransform xsi:type="MatrixTransform">
            <Matrix>
              <M11>1</M11>
              <M12>0</M12>
              <M21>0</M21>
              <M22>1</M22>
              <OffsetX>0</OffsetX>
              <OffsetY>0</OffsetY>
            </Matrix>
          </RelativeTransform>
          <Color>
            <A>255</A>
            <R>45</R>
            <G>0</G>
            <B>255</B>
            <ScA>1</ScA>
            <ScR>0.0262412224</ScR>
            <ScG>0</ScG>
            <ScB>1</ScB>
          </Color>
        </Brush>
        <X>0</X>
        <Y>1</Y>
        <Width>3</Width>
        <Height>2</Height>
        <Opacity>1</Opacity>
        <Contain>false</Contain>
        <Animation>None</Animation>
        <AnimationSpeed>0</AnimationSpeed>
        <DynamicProperties />
      </Properties>
      <Children>
        <LayerModel>
          <Name>Hit</Name>
          <Order>0</Order>
          <LayerType>Keyboard</LayerType>
          <Enabled>true</Enabled>
          <Expanded>false</Expanded>
          <Properties xsi:type="KeyboardPropertiesModel">
            <Conditions>
              <LayerConditionModel>
                <Field>PartyMember1</Field>
                <Value>Offline</Value>
                <Operator>!=</Operator>
                <Type>Enum</Type>
              </LayerConditionModel>
            </Conditions>
            <Brush xsi:type="LinearGradientBrush">
              <Opacity>1</Opacity>
              <Transform xsi:type="MatrixTransform">
                <Matrix>
                  <M11>1</M11>
                  <M12>0</M12>
                  <M21>0</M21>
                  <M22>1</M22>
                  <OffsetX>0</OffsetX>
                  <OffsetY>0</OffsetY>
                </Matrix>
              </Transform>
              <RelativeTransform xsi:type="MatrixTransform">
                <Matrix>
                  <M11>1</M11>
                  <M12>0</M12>
                  <M21>0</M21>
                  <M22>1</M22>
                  <OffsetX>0</OffsetX>
                  <OffsetY>0</OffsetY>
                </Matrix>
              </RelativeTransform>
              <ColorInterpolationMode>SRgbLinearInterpolation</ColorInterpolationMode>
              <MappingMode>RelativeToBoundingBox</MappingMode>
              <SpreadMethod>Pad</SpreadMethod>
              <GradientStops>
                <GradientStop>
                  <Color>
                    <A>255</A>
                    <R>255</R>
                    <G>0</G>
                    <B>0</B>
                    <ScA>1</ScA>
                    <ScR>1</ScR>
                    <ScG>0</ScG>
                    <ScB>0</ScB>
                  </Color>
                  <Offset>0</Offset>
                </GradientStop>
                <GradientStop>
                  <Color>
                    <A>255</A>
                    <R>255</R>
                    <G>0</G>
                    <B>0</B>
                    <ScA>1</ScA>
                    <ScR>1</ScR>
                    <ScG>0</ScG>
                    <ScB>0</ScB>
                  </Color>
                  <Offset>1</Offset>
                </GradientStop>
                <GradientStop>
                  <Color>
                    <A>255</A>
                    <R>255</R>
                    <G>94</G>
                    <B>0</B>
                    <ScA>1</ScA>
                    <ScR>1</ScR>
                    <ScG>0.111932434</ScG>
                    <ScB>0</ScB>
                  </Color>
                  <Offset>0.49953669384729421</Offset>
                </GradientStop>
              </GradientStops>
              <StartPoint>
                <X>0</X>
                <Y>0</Y>
              </StartPoint>
              <EndPoint>
                <X>1</X>
                <Y>0</Y>
              </EndPoint>
            </Brush>
            <X>7</X>
            <Y>0</Y>
            <Width>4</Width>
            <Height>1</Height>
            <Opacity>1</Opacity>
            <Contain>false</Contain>
            <Animation>Pulse</Animation>
            <AnimationSpeed>0.1</AnimationSpeed>
            <DynamicProperties />
          </Properties>
          <Children />
        </LayerModel>
        <LayerModel>
          <Name>Online</Name>
          <Order>1</Order>
          <LayerType>Keyboard</LayerType>
          <Enabled>true</Enabled>
          <Expanded>false</Expanded>
          <Properties xsi:type="KeyboardPropertiesModel">
            <Conditions>
              <LayerConditionModel>
                <Field>PartyMember1</Field>
                <Value>Offline</Value>
                <Operator>!=</Operator>
                <Type>Enum</Type>
              </LayerConditionModel>
            </Conditions>
            <Brush xsi:type="LinearGradientBrush">
              <Opacity>1</Opacity>
              <Transform xsi:type="MatrixTransform">
                <Matrix>
                  <M11>1</M11>
                  <M12>0</M12>
                  <M21>0</M21>
                  <M22>1</M22>
                  <OffsetX>0</OffsetX>
                  <OffsetY>0</OffsetY>
                </Matrix>
              </Transform>
              <RelativeTransform xsi:type="MatrixTransform">
                <Matrix>
                  <M11>1</M11>
                  <M12>0</M12>
                  <M21>0</M21>
                  <M22>1</M22>
                  <OffsetX>0</OffsetX>
                  <OffsetY>0</OffsetY>
                </Matrix>
              </RelativeTransform>
              <ColorInterpolationMode>SRgbLinearInterpolation</ColorInterpolationMode>
              <MappingMode>RelativeToBoundingBox</MappingMode>
              <SpreadMethod>Pad</SpreadMethod>
              <GradientStops>
                <GradientStop>
                  <Color>
                    <A>255</A>
                    <R>86</R>
                    <G>255</G>
                    <B>0</B>
                    <ScA>1</ScA>
                    <ScR>0.0930589661</ScR>
                    <ScG>1</ScG>
                    <ScB>0</ScB>
                  </Color>
                  <Offset>0</Offset>
                </GradientStop>
                <GradientStop>
                  <Color>
                    <A>255</A>
                    <R>86</R>
                    <G>255</G>
                    <B>0</B>
                    <ScA>1</ScA>
                    <ScR>0.0930589661</ScR>
                    <ScG>1</ScG>
                    <ScB>0</ScB>
                  </Color>
                  <Offset>1</Offset>
                </GradientStop>
                <GradientStop>
                  <Color>
                    <A>255</A>
                    <R>168</R>
                    <G>255</G>
                    <B>0</B>
                    <ScA>1</ScA>
                    <ScR>0.3915725</ScR>
                    <ScG>1</ScG>
                    <ScB>0</ScB>
                  </Color>
                  <Offset>0.49953669384729421</Offset>
                </GradientStop>
              </GradientStops>
              <StartPoint>
                <X>0</X>
                <Y>0</Y>
              </StartPoint>
              <EndPoint>
                <X>1</X>
                <Y>0</Y>
              </EndPoint>
            </Brush>
            <X>7</X>
            <Y>0</Y>
            <Width>4</Width>
            <Height>1</Height>
            <Opacity>1</Opacity>
            <Contain>false</Contain>
            <Animation>None</Animation>
            <AnimationSpeed>0</AnimationSpeed>
            <DynamicProperties />
          </Properties>
          <Children />
        </LayerModel>
        <LayerModel>
          <Name>Offline</Name>
          <Order>2</Order>
          <LayerType>Keyboard</LayerType>
          <Enabled>true</Enabled>
          <Expanded>false</Expanded>
          <Properties xsi:type="KeyboardPropertiesModel">
            <Conditions>
              <LayerConditionModel>
                <Field>PartyMember1</Field>
                <Value>Offline</Value>
                <Operator>==</Operator>
                <Type>Enum</Type>
              </LayerConditionModel>
            </Conditions>
            <Brush xsi:type="LinearGradientBrush">
              <Opacity>1</Opacity>
              <Transform xsi:type="MatrixTransform">
                <Matrix>
                  <M11>1</M11>
                  <M12>0</M12>
                  <M21>0</M21>
                  <M22>1</M22>
                  <OffsetX>0</OffsetX>
                  <OffsetY>0</OffsetY>
                </Matrix>
              </Transform>
              <RelativeTransform xsi:type="MatrixTransform">
                <Matrix>
                  <M11>1</M11>
                  <M12>0</M12>
                  <M21>0</M21>
                  <M22>1</M22>
                  <OffsetX>0</OffsetX>
                  <OffsetY>0</OffsetY>
                </Matrix>
              </RelativeTransform>
              <ColorInterpolationMode>SRgbLinearInterpolation</ColorInterpolationMode>
              <MappingMode>RelativeToBoundingBox</MappingMode>
              <SpreadMethod>Pad</SpreadMethod>
              <GradientStops>
                <GradientStop>
                  <Color>
                    <A>255</A>
                    <R>255</R>
                    <G>255</G>
                    <B>255</B>
                    <ScA>1</ScA>
                    <ScR>1</ScR>
                    <ScG>1</ScG>
                    <ScB>1</ScB>
                  </Color>
                  <Offset>0</Offset>
                </GradientStop>
                <GradientStop>
                  <Color>
                    <A>255</A>
                    <R>255</R>
                    <G>255</G>
                    <B>255</B>
                    <ScA>1</ScA>
                    <ScR>1</ScR>
                    <ScG>1</ScG>
                    <ScB>1</ScB>
                  </Color>
                  <Offset>1</Offset>
                </GradientStop>
                <GradientStop>
                  <Color>
                    <A>255</A>
                    <R>155</R>
                    <G>155</G>
                    <B>155</B>
                    <ScA>1</ScA>
                    <ScR>0.327778131</ScR>
                    <ScG>0.327778131</ScG>
                    <ScB>0.327778131</ScB>
                  </Color>
                  <Offset>0.49953669384729421</Offset>
                </GradientStop>
              </GradientStops>
              <StartPoint>
                <X>0</X>
                <Y>0</Y>
              </StartPoint>
              <EndPoint>
                <X>1</X>
                <Y>0</Y>
              </EndPoint>
            </Brush>
            <X>7</X>
            <Y>0</Y>
            <Width>4</Width>
            <Height>1</Height>
            <Opacity>1</Opacity>
            <Contain>false</Contain>
            <Animation>None</Animation>
            <AnimationSpeed>0</AnimationSpeed>
            <DynamicProperties />
          </Properties>
          <Children />
        </LayerModel>
      </Children>
    </LayerModel>
    <LayerModel>
      <Name>Party member 2</Name>
      <Order>1</Order>
      <LayerType>Folder</LayerType>
      <Enabled>true</Enabled>
      <Expanded>false</Expanded>
      <Properties xsi:type="KeyboardPropertiesModel">
        <Conditions />
        <Brush xsi:type="SolidColorBrush">
          <Opacity>1</Opacity>
          <Transform xsi:type="MatrixTransform">
            <Matrix>
              <M11>1</M11>
              <M12>0</M12>
              <M21>0</M21>
              <M22>1</M22>
              <OffsetX>0</OffsetX>
              <OffsetY>0</OffsetY>
            </Matrix>
          </Transform>
          <RelativeTransform xsi:type="MatrixTransform">
            <Matrix>
              <M11>1</M11>
              <M12>0</M12>
              <M21>0</M21>
              <M22>1</M22>
              <OffsetX>0</OffsetX>
              <OffsetY>0</OffsetY>
            </Matrix>
          </RelativeTransform>
          <Color>
            <A>255</A>
            <R>45</R>
            <G>0</G>
            <B>255</B>
            <ScA>1</ScA>
            <ScR>0.0262412224</ScR>
            <ScG>0</ScG>
            <ScB>1</ScB>
          </Color>
        </Brush>
        <X>0</X>
        <Y>1</Y>
        <Width>3</Width>
        <Height>2</Height>
        <Opacity>1</Opacity>
        <Contain>false</Contain>
        <Animation>None</Animation>
        <AnimationSpeed>0</AnimationSpeed>
        <DynamicProperties />
      </Properties>
      <Children>
        <LayerModel>
          <Name>Hit</Name>
          <Order>0</Order>
          <LayerType>Keyboard</LayerType>
          <Enabled>true</Enabled>
          <Expanded>false</Expanded>
          <Properties xsi:type="KeyboardPropertiesModel">
            <Conditions>
              <LayerConditionModel>
                <Field>PartyMember2</Field>
                <Value>Hit</Value>
                <Operator>==</Operator>
                <Type>Enum</Type>
              </LayerConditionModel>
            </Conditions>
            <Brush xsi:type="LinearGradientBrush">
              <Opacity>1</Opacity>
              <Transform xsi:type="MatrixTransform">
                <Matrix>
                  <M11>1</M11>
                  <M12>0</M12>
                  <M21>0</M21>
                  <M22>1</M22>
                  <OffsetX>0</OffsetX>
                  <OffsetY>0</OffsetY>
                </Matrix>
              </Transform>
              <RelativeTransform xsi:type="MatrixTransform">
                <Matrix>
                  <M11>1</M11>
                  <M12>0</M12>
                  <M21>0</M21>
                  <M22>1</M22>
                  <OffsetX>0</OffsetX>
                  <OffsetY>0</OffsetY>
                </Matrix>
              </RelativeTransform>
              <ColorInterpolationMode>SRgbLinearInterpolation</ColorInterpolationMode>
              <MappingMode>RelativeToBoundingBox</MappingMode>
              <SpreadMethod>Pad</SpreadMethod>
              <GradientStops>
                <GradientStop>
                  <Color>
                    <A>255</A>
                    <R>255</R>
                    <G>0</G>
                    <B>0</B>
                    <ScA>1</ScA>
                    <ScR>1</ScR>
                    <ScG>0</ScG>
                    <ScB>0</ScB>
                  </Color>
                  <Offset>0</Offset>
                </GradientStop>
                <GradientStop>
                  <Color>
                    <A>255</A>
                    <R>255</R>
                    <G>0</G>
                    <B>0</B>
                    <ScA>1</ScA>
                    <ScR>1</ScR>
                    <ScG>0</ScG>
                    <ScB>0</ScB>
                  </Color>
                  <Offset>1</Offset>
                </GradientStop>
                <GradientStop>
                  <Color>
                    <A>255</A>
                    <R>255</R>
                    <G>94</G>
                    <B>0</B>
                    <ScA>1</ScA>
                    <ScR>1</ScR>
                    <ScG>0.111932434</ScG>
                    <ScB>0</ScB>
                  </Color>
                  <Offset>0.49953669384729421</Offset>
                </GradientStop>
              </GradientStops>
              <StartPoint>
                <X>0</X>
                <Y>0</Y>
              </StartPoint>
              <EndPoint>
                <X>1</X>
                <Y>0</Y>
              </EndPoint>
            </Brush>
            <X>11</X>
            <Y>0</Y>
            <Width>4</Width>
            <Height>1</Height>
            <Opacity>1</Opacity>
            <Contain>false</Contain>
            <Animation>Pulse</Animation>
            <AnimationSpeed>0.1</AnimationSpeed>
            <DynamicProperties />
          </Properties>
          <Children />
        </LayerModel>
        <LayerModel>
          <Name>Online</Name>
          <Order>1</Order>
          <LayerType>Keyboard</LayerType>
          <Enabled>true</Enabled>
          <Expanded>false</Expanded>
          <Properties xsi:type="KeyboardPropertiesModel">
            <Conditions>
              <LayerConditionModel>
                <Field>PartyMember2</Field>
                <Value>Offline</Value>
                <Operator>!=</Operator>
                <Type>Enum</Type>
              </LayerConditionModel>
            </Conditions>
            <Brush xsi:type="LinearGradientBrush">
              <Opacity>1</Opacity>
              <Transform xsi:type="MatrixTransform">
                <Matrix>
                  <M11>1</M11>
                  <M12>0</M12>
                  <M21>0</M21>
                  <M22>1</M22>
                  <OffsetX>0</OffsetX>
                  <OffsetY>0</OffsetY>
                </Matrix>
              </Transform>
              <RelativeTransform xsi:type="MatrixTransform">
                <Matrix>
                  <M11>1</M11>
                  <M12>0</M12>
                  <M21>0</M21>
                  <M22>1</M22>
                  <OffsetX>0</OffsetX>
                  <OffsetY>0</OffsetY>
                </Matrix>
              </RelativeTransform>
              <ColorInterpolationMode>SRgbLinearInterpolation</ColorInterpolationMode>
              <MappingMode>RelativeToBoundingBox</MappingMode>
              <SpreadMethod>Pad</SpreadMethod>
              <GradientStops>
                <GradientStop>
                  <Color>
                    <A>255</A>
                    <R>86</R>
                    <G>255</G>
                    <B>0</B>
                    <ScA>1</ScA>
                    <ScR>0.0930589661</ScR>
                    <ScG>1</ScG>
                    <ScB>0</ScB>
                  </Color>
                  <Offset>0</Offset>
                </GradientStop>
                <GradientStop>
                  <Color>
                    <A>255</A>
                    <R>86</R>
                    <G>255</G>
                    <B>0</B>
                    <ScA>1</ScA>
                    <ScR>0.0930589661</ScR>
                    <ScG>1</ScG>
                    <ScB>0</ScB>
                  </Color>
                  <Offset>1</Offset>
                </GradientStop>
                <GradientStop>
                  <Color>
                    <A>255</A>
                    <R>168</R>
                    <G>255</G>
                    <B>0</B>
                    <ScA>1</ScA>
                    <ScR>0.3915725</ScR>
                    <ScG>1</ScG>
                    <ScB>0</ScB>
                  </Color>
                  <Offset>0.49953669384729421</Offset>
                </GradientStop>
              </GradientStops>
              <StartPoint>
                <X>0</X>
                <Y>0</Y>
              </StartPoint>
              <EndPoint>
                <X>1</X>
                <Y>0</Y>
              </EndPoint>
            </Brush>
            <X>11</X>
            <Y>0</Y>
            <Width>4</Width>
            <Height>1</Height>
            <Opacity>1</Opacity>
            <Contain>false</Contain>
            <Animation>None</Animation>
            <AnimationSpeed>0</AnimationSpeed>
            <DynamicProperties />
          </Properties>
          <Children />
        </LayerModel>
        <LayerModel>
          <Name>Offline</Name>
          <Order>2</Order>
          <LayerType>Keyboard</LayerType>
          <Enabled>true</Enabled>
          <Expanded>false</Expanded>
          <Properties xsi:type="KeyboardPropertiesModel">
            <Conditions>
              <LayerConditionModel>
                <Field>PartyMember2</Field>
                <Value>Offline</Value>
                <Operator>==</Operator>
                <Type>Enum</Type>
              </LayerConditionModel>
            </Conditions>
            <Brush xsi:type="LinearGradientBrush">
              <Opacity>1</Opacity>
              <Transform xsi:type="MatrixTransform">
                <Matrix>
                  <M11>1</M11>
                  <M12>0</M12>
                  <M21>0</M21>
                  <M22>1</M22>
                  <OffsetX>0</OffsetX>
                  <OffsetY>0</OffsetY>
                </Matrix>
              </Transform>
              <RelativeTransform xsi:type="MatrixTransform">
                <Matrix>
                  <M11>1</M11>
                  <M12>0</M12>
                  <M21>0</M21>
                  <M22>1</M22>
                  <OffsetX>0</OffsetX>
                  <OffsetY>0</OffsetY>
                </Matrix>
              </RelativeTransform>
              <ColorInterpolationMode>SRgbLinearInterpolation</ColorInterpolationMode>
              <MappingMode>RelativeToBoundingBox</MappingMode>
              <SpreadMethod>Pad</SpreadMethod>
              <GradientStops>
                <GradientStop>
                  <Color>
                    <A>255</A>
                    <R>255</R>
                    <G>255</G>
                    <B>255</B>
                    <ScA>1</ScA>
                    <ScR>1</ScR>
                    <ScG>1</ScG>
                    <ScB>1</ScB>
                  </Color>
                  <Offset>0</Offset>
                </GradientStop>
                <GradientStop>
                  <Color>
                    <A>255</A>
                    <R>255</R>
                    <G>255</G>
                    <B>255</B>
                    <ScA>1</ScA>
                    <ScR>1</ScR>
                    <ScG>1</ScG>
                    <ScB>1</ScB>
                  </Color>
                  <Offset>1</Offset>
                </GradientStop>
                <GradientStop>
                  <Color>
                    <A>255</A>
                    <R>155</R>
                    <G>155</G>
                    <B>155</B>
                    <ScA>1</ScA>
                    <ScR>0.327778131</ScR>
                    <ScG>0.327778131</ScG>
                    <ScB>0.327778131</ScB>
                  </Color>
                  <Offset>0.49953669384729421</Offset>
                </GradientStop>
              </GradientStops>
              <StartPoint>
                <X>0</X>
                <Y>0</Y>
              </StartPoint>
              <EndPoint>
                <X>1</X>
                <Y>0</Y>
              </EndPoint>
            </Brush>
            <X>11</X>
            <Y>0</Y>
            <Width>4</Width>
            <Height>1</Height>
            <Opacity>1</Opacity>
            <Contain>false</Contain>
            <Animation>None</Animation>
            <AnimationSpeed>0</AnimationSpeed>
            <DynamicProperties />
          </Properties>
          <Children />
        </LayerModel>
      </Children>
    </LayerModel>
    <LayerModel>
      <Name>Party member 3</Name>
      <Order>2</Order>
      <LayerType>Folder</LayerType>
      <Enabled>true</Enabled>
      <Expanded>false</Expanded>
      <Properties xsi:type="KeyboardPropertiesModel">
        <Conditions />
        <Brush xsi:type="SolidColorBrush">
          <Opacity>1</Opacity>
          <Transform xsi:type="MatrixTransform">
            <Matrix>
              <M11>1</M11>
              <M12>0</M12>
              <M21>0</M21>
              <M22>1</M22>
              <OffsetX>0</OffsetX>
              <OffsetY>0</OffsetY>
            </Matrix>
          </Transform>
          <RelativeTransform xsi:type="MatrixTransform">
            <Matrix>
              <M11>1</M11>
              <M12>0</M12>
              <M21>0</M21>
              <M22>1</M22>
              <OffsetX>0</OffsetX>
              <OffsetY>0</OffsetY>
            </Matrix>
          </RelativeTransform>
          <Color>
            <A>255</A>
            <R>45</R>
            <G>0</G>
            <B>255</B>
            <ScA>1</ScA>
            <ScR>0.0262412224</ScR>
            <ScG>0</ScG>
            <ScB>1</ScB>
          </Color>
        </Brush>
        <X>0</X>
        <Y>1</Y>
        <Width>3</Width>
        <Height>2</Height>
        <Opacity>1</Opacity>
        <Contain>false</Contain>
        <Animation>None</Animation>
        <AnimationSpeed>0</AnimationSpeed>
        <DynamicProperties />
      </Properties>
      <Children>
        <LayerModel>
          <Name>Hit</Name>
          <Order>0</Order>
          <LayerType>Keyboard</LayerType>
          <Enabled>true</Enabled>
          <Expanded>false</Expanded>
          <Properties xsi:type="KeyboardPropertiesModel">
            <Conditions>
              <LayerConditionModel>
                <Field>PartyMember3</Field>
                <Value>Hit</Value>
                <Operator>==</Operator>
                <Type>Enum</Type>
              </LayerConditionModel>
            </Conditions>
            <Brush xsi:type="LinearGradientBrush">
              <Opacity>1</Opacity>
              <Transform xsi:type="MatrixTransform">
                <Matrix>
                  <M11>1</M11>
                  <M12>0</M12>
                  <M21>0</M21>
                  <M22>1</M22>
                  <OffsetX>0</OffsetX>
                  <OffsetY>0</OffsetY>
                </Matrix>
              </Transform>
              <RelativeTransform xsi:type="MatrixTransform">
                <Matrix>
                  <M11>1</M11>
                  <M12>0</M12>
                  <M21>0</M21>
                  <M22>1</M22>
                  <OffsetX>0</OffsetX>
                  <OffsetY>0</OffsetY>
                </Matrix>
              </RelativeTransform>
              <ColorInterpolationMode>SRgbLinearInterpolation</ColorInterpolationMode>
              <MappingMode>RelativeToBoundingBox</MappingMode>
              <SpreadMethod>Pad</SpreadMethod>
              <GradientStops>
                <GradientStop>
                  <Color>
                    <A>255</A>
                    <R>255</R>
                    <G>0</G>
                    <B>0</B>
                    <ScA>1</ScA>
                    <ScR>1</ScR>
                    <ScG>0</ScG>
                    <ScB>0</ScB>
                  </Color>
                  <Offset>0</Offset>
                </GradientStop>
                <GradientStop>
                  <Color>
                    <A>255</A>
                    <R>255</R>
                    <G>0</G>
                    <B>0</B>
                    <ScA>1</ScA>
                    <ScR>1</ScR>
                    <ScG>0</ScG>
                    <ScB>0</ScB>
                  </Color>
                  <Offset>1</Offset>
                </GradientStop>
                <GradientStop>
                  <Color>
                    <A>255</A>
                    <R>255</R>
                    <G>94</G>
                    <B>0</B>
                    <ScA>1</ScA>
                    <ScR>1</ScR>
                    <ScG>0.111932434</ScG>
                    <ScB>0</ScB>
                  </Color>
                  <Offset>0.49953669384729421</Offset>
                </GradientStop>
              </GradientStops>
              <StartPoint>
                <X>0</X>
                <Y>0</Y>
              </StartPoint>
              <EndPoint>
                <X>1</X>
                <Y>0</Y>
              </EndPoint>
            </Brush>
            <X>3</X>
            <Y>0</Y>
            <Width>4</Width>
            <Height>1</Height>
            <Opacity>1</Opacity>
            <Contain>false</Contain>
            <Animation>Pulse</Animation>
            <AnimationSpeed>0.1</AnimationSpeed>
            <DynamicProperties />
          </Properties>
          <Children />
        </LayerModel>
        <LayerModel>
          <Name>Online</Name>
          <Order>1</Order>
          <LayerType>Keyboard</LayerType>
          <Enabled>true</Enabled>
          <Expanded>false</Expanded>
          <Properties xsi:type="KeyboardPropertiesModel">
            <Conditions>
              <LayerConditionModel>
                <Field>PartyMember3</Field>
                <Value>Offline</Value>
                <Operator>!=</Operator>
                <Type>Enum</Type>
              </LayerConditionModel>
            </Conditions>
            <Brush xsi:type="LinearGradientBrush">
              <Opacity>1</Opacity>
              <Transform xsi:type="MatrixTransform">
                <Matrix>
                  <M11>1</M11>
                  <M12>0</M12>
                  <M21>0</M21>
                  <M22>1</M22>
                  <OffsetX>0</OffsetX>
                  <OffsetY>0</OffsetY>
                </Matrix>
              </Transform>
              <RelativeTransform xsi:type="MatrixTransform">
                <Matrix>
                  <M11>1</M11>
                  <M12>0</M12>
                  <M21>0</M21>
                  <M22>1</M22>
                  <OffsetX>0</OffsetX>
                  <OffsetY>0</OffsetY>
                </Matrix>
              </RelativeTransform>
              <ColorInterpolationMode>SRgbLinearInterpolation</ColorInterpolationMode>
              <MappingMode>RelativeToBoundingBox</MappingMode>
              <SpreadMethod>Pad</SpreadMethod>
              <GradientStops>
                <GradientStop>
                  <Color>
                    <A>255</A>
                    <R>86</R>
                    <G>255</G>
                    <B>0</B>
                    <ScA>1</ScA>
                    <ScR>0.0930589661</ScR>
                    <ScG>1</ScG>
                    <ScB>0</ScB>
                  </Color>
                  <Offset>0</Offset>
                </GradientStop>
                <GradientStop>
                  <Color>
                    <A>255</A>
                    <R>86</R>
                    <G>255</G>
                    <B>0</B>
                    <ScA>1</ScA>
                    <ScR>0.0930589661</ScR>
                    <ScG>1</ScG>
                    <ScB>0</ScB>
                  </Color>
                  <Offset>1</Offset>
                </GradientStop>
                <GradientStop>
                  <Color>
                    <A>255</A>
                    <R>168</R>
                    <G>255</G>
                    <B>0</B>
                    <ScA>1</ScA>
                    <ScR>0.3915725</ScR>
                    <ScG>1</ScG>
                    <ScB>0</ScB>
                  </Color>
                  <Offset>0.49953669384729421</Offset>
                </GradientStop>
              </GradientStops>
              <StartPoint>
                <X>0</X>
                <Y>0</Y>
              </StartPoint>
              <EndPoint>
                <X>1</X>
                <Y>0</Y>
              </EndPoint>
            </Brush>
            <X>3</X>
            <Y>0</Y>
            <Width>4</Width>
            <Height>1</Height>
            <Opacity>1</Opacity>
            <Contain>false</Contain>
            <Animation>None</Animation>
            <AnimationSpeed>0</AnimationSpeed>
            <DynamicProperties />
          </Properties>
          <Children />
        </LayerModel>
        <LayerModel>
          <Name>Offline</Name>
          <Order>2</Order>
          <LayerType>Keyboard</LayerType>
          <Enabled>true</Enabled>
          <Expanded>false</Expanded>
          <Properties xsi:type="KeyboardPropertiesModel">
            <Conditions>
              <LayerConditionModel>
                <Field>PartyMember3</Field>
                <Value>Offline</Value>
                <Operator>==</Operator>
                <Type>Enum</Type>
              </LayerConditionModel>
            </Conditions>
            <Brush xsi:type="LinearGradientBrush">
              <Opacity>1</Opacity>
              <Transform xsi:type="MatrixTransform">
                <Matrix>
                  <M11>1</M11>
                  <M12>0</M12>
                  <M21>0</M21>
                  <M22>1</M22>
                  <OffsetX>0</OffsetX>
                  <OffsetY>0</OffsetY>
                </Matrix>
              </Transform>
              <RelativeTransform xsi:type="MatrixTransform">
                <Matrix>
                  <M11>1</M11>
                  <M12>0</M12>
                  <M21>0</M21>
                  <M22>1</M22>
                  <OffsetX>0</OffsetX>
                  <OffsetY>0</OffsetY>
                </Matrix>
              </RelativeTransform>
              <ColorInterpolationMode>SRgbLinearInterpolation</ColorInterpolationMode>
              <MappingMode>RelativeToBoundingBox</MappingMode>
              <SpreadMethod>Pad</SpreadMethod>
              <GradientStops>
                <GradientStop>
                  <Color>
                    <A>255</A>
                    <R>255</R>
                    <G>255</G>
                    <B>255</B>
                    <ScA>1</ScA>
                    <ScR>1</ScR>
                    <ScG>1</ScG>
                    <ScB>1</ScB>
                  </Color>
                  <Offset>0</Offset>
                </GradientStop>
                <GradientStop>
                  <Color>
                    <A>255</A>
                    <R>255</R>
                    <G>255</G>
                    <B>255</B>
                    <ScA>1</ScA>
                    <ScR>1</ScR>
                    <ScG>1</ScG>
                    <ScB>1</ScB>
                  </Color>
                  <Offset>1</Offset>
                </GradientStop>
                <GradientStop>
                  <Color>
                    <A>255</A>
                    <R>155</R>
                    <G>155</G>
                    <B>155</B>
                    <ScA>1</ScA>
                    <ScR>0.327778131</ScR>
                    <ScG>0.327778131</ScG>
                    <ScB>0.327778131</ScB>
                  </Color>
                  <Offset>0.49953669384729421</Offset>
                </GradientStop>
              </GradientStops>
              <StartPoint>
                <X>0</X>
                <Y>0</Y>
              </StartPoint>
              <EndPoint>
                <X>1</X>
                <Y>0</Y>
              </EndPoint>
            </Brush>
            <X>3</X>
            <Y>0</Y>
            <Width>4</Width>
            <Height>1</Height>
            <Opacity>1</Opacity>
            <Contain>false</Contain>
            <Animation>None</Animation>
            <AnimationSpeed>0</AnimationSpeed>
            <DynamicProperties />
          </Properties>
          <Children />
        </LayerModel>
      </Children>
    </LayerModel>
    <LayerModel>
      <Name>Controls</Name>
      <Order>3</Order>
      <LayerType>Folder</LayerType>
      <Enabled>true</Enabled>
      <Expanded>false</Expanded>
      <Properties xsi:type="KeyboardPropertiesModel">
        <Conditions />
        <Brush xsi:type="SolidColorBrush">
          <Opacity>1</Opacity>
          <Transform xsi:type="MatrixTransform">
            <Matrix>
              <M11>1</M11>
              <M12>0</M12>
              <M21>0</M21>
              <M22>1</M22>
              <OffsetX>0</OffsetX>
              <OffsetY>0</OffsetY>
            </Matrix>
          </Transform>
          <RelativeTransform xsi:type="MatrixTransform">
            <Matrix>
              <M11>1</M11>
              <M12>0</M12>
              <M21>0</M21>
              <M22>1</M22>
              <OffsetX>0</OffsetX>
              <OffsetY>0</OffsetY>
            </Matrix>
          </RelativeTransform>
          <Color>
            <A>255</A>
            <R>255</R>
            <G>128</G>
            <B>0</B>
            <ScA>1</ScA>
            <ScR>1</ScR>
            <ScG>0.215860531</ScG>
            <ScB>0</ScB>
          </Color>
        </Brush>
        <X>0</X>
        <Y>0</Y>
        <Width>1</Width>
        <Height>1</Height>
        <Opacity>1</Opacity>
        <Contain>false</Contain>
        <Animation>None</Animation>
        <AnimationSpeed>0</AnimationSpeed>
        <DynamicProperties />
      </Properties>
      <Children>
        <LayerModel>
          <Name>W</Name>
          <Order>0</Order>
          <LayerType>Keyboard</LayerType>
          <Enabled>true</Enabled>
          <Expanded>false</Expanded>
          <Properties xsi:type="KeyboardPropertiesModel">
            <Conditions />
            <Brush xsi:type="SolidColorBrush">
              <Opacity>1</Opacity>
              <Transform xsi:type="MatrixTransform">
                <Matrix>
                  <M11>1</M11>
                  <M12>0</M12>
                  <M21>0</M21>
                  <M22>1</M22>
                  <OffsetX>0</OffsetX>
                  <OffsetY>0</OffsetY>
                </Matrix>
              </Transform>
              <RelativeTransform xsi:type="MatrixTransform">
                <Matrix>
                  <M11>1</M11>
                  <M12>0</M12>
                  <M21>0</M21>
                  <M22>1</M22>
                  <OffsetX>0</OffsetX>
                  <OffsetY>0</OffsetY>
                </Matrix>
              </RelativeTransform>
              <Color>
                <A>255</A>
                <R>255</R>
                <G>255</G>
                <B>255</B>
                <ScA>1</ScA>
                <ScR>1</ScR>
                <ScG>1</ScG>
                <ScB>1</ScB>
              </Color>
            </Brush>
            <X>3</X>
            <Y>2</Y>
            <Width>1</Width>
            <Height>1</Height>
            <Opacity>1</Opacity>
            <Contain>false</Contain>
            <Animation>None</Animation>
            <AnimationSpeed>0</AnimationSpeed>
            <DynamicProperties />
          </Properties>
          <Children />
        </LayerModel>
        <LayerModel>
          <Name>ASD</Name>
          <Order>1</Order>
          <LayerType>Keyboard</LayerType>
          <Enabled>true</Enabled>
          <Expanded>false</Expanded>
          <Properties xsi:type="KeyboardPropertiesModel">
            <Conditions />
            <Brush xsi:type="SolidColorBrush">
              <Opacity>1</Opacity>
              <Transform xsi:type="MatrixTransform">
                <Matrix>
                  <M11>1</M11>
                  <M12>0</M12>
                  <M21>0</M21>
                  <M22>1</M22>
                  <OffsetX>0</OffsetX>
                  <OffsetY>0</OffsetY>
                </Matrix>
              </Transform>
              <RelativeTransform xsi:type="MatrixTransform">
                <Matrix>
                  <M11>1</M11>
                  <M12>0</M12>
                  <M21>0</M21>
                  <M22>1</M22>
                  <OffsetX>0</OffsetX>
                  <OffsetY>0</OffsetY>
                </Matrix>
              </RelativeTransform>
              <Color>
                <A>255</A>
                <R>255</R>
                <G>255</G>
                <B>255</B>
                <ScA>1</ScA>
                <ScR>1</ScR>
                <ScG>1</ScG>
                <ScB>1</ScB>
              </Color>
            </Brush>
            <X>2</X>
            <Y>3</Y>
            <Width>3</Width>
            <Height>1</Height>
            <Opacity>1</Opacity>
            <Contain>false</Contain>
            <Animation>None</Animation>
            <AnimationSpeed>0</AnimationSpeed>
            <DynamicProperties />
          </Properties>
          <Children />
        </LayerModel>
      </Children>
    </LayerModel>
    <LayerModel>
      <Name>Player</Name>
      <Order>4</Order>
      <LayerType>Folder</LayerType>
      <Enabled>true</Enabled>
      <Expanded>true</Expanded>
      <Properties xsi:type="KeyboardPropertiesModel">
        <Conditions />
        <Brush xsi:type="SolidColorBrush">
          <Opacity>1</Opacity>
          <Transform xsi:type="MatrixTransform">
            <Matrix>
              <M11>1</M11>
              <M12>0</M12>
              <M21>0</M21>
              <M22>1</M22>
              <OffsetX>0</OffsetX>
              <OffsetY>0</OffsetY>
            </Matrix>
          </Transform>
          <RelativeTransform xsi:type="MatrixTransform">
            <Matrix>
              <M11>1</M11>
              <M12>0</M12>
              <M21>0</M21>
              <M22>1</M22>
              <OffsetX>0</OffsetX>
              <OffsetY>0</OffsetY>
            </Matrix>
          </RelativeTransform>
          <Color>
            <A>255</A>
            <R>0</R>
            <G>151</G>
            <B>255</B>
            <ScA>1</ScA>
            <ScR>0</ScR>
            <ScG>0.309468955</ScG>
            <ScB>1</ScB>
          </Color>
        </Brush>
        <X>0</X>
        <Y>0</Y>
        <Width>1</Width>
        <Height>1</Height>
        <Opacity>1</Opacity>
        <Contain>false</Contain>
        <Animation>None</Animation>
        <AnimationSpeed>0</AnimationSpeed>
        <DynamicProperties />
      </Properties>
      <Children>
        <LayerModel>
          <Name>Grenade</Name>
          <Order>0</Order>
          <LayerType>Folder</LayerType>
          <Enabled>true</Enabled>
          <Expanded>false</Expanded>
          <Properties xsi:type="KeyboardPropertiesModel">
            <Conditions>
              <LayerConditionModel>
                <Field>GrenadeState</Field>
                <Value>GrenadeEquipped</Value>
                <Operator>==</Operator>
                <Type>Enum</Type>
              </LayerConditionModel>
            </Conditions>
            <Brush xsi:type="SolidColorBrush">
              <Opacity>1</Opacity>
              <Transform xsi:type="MatrixTransform">
                <Matrix>
                  <M11>1</M11>
                  <M12>0</M12>
                  <M21>0</M21>
                  <M22>1</M22>
                  <OffsetX>0</OffsetX>
                  <OffsetY>0</OffsetY>
                </Matrix>
              </Transform>
              <RelativeTransform xsi:type="MatrixTransform">
                <Matrix>
                  <M11>1</M11>
                  <M12>0</M12>
                  <M21>0</M21>
                  <M22>1</M22>
                  <OffsetX>0</OffsetX>
                  <OffsetY>0</OffsetY>
                </Matrix>
              </RelativeTransform>
              <Color>
                <A>255</A>
                <R>255</R>
                <G>0</G>
                <B>182</B>
                <ScA>1</ScA>
                <ScR>1</ScR>
                <ScG>0</ScG>
                <ScB>0.4677838</ScB>
              </Color>
            </Brush>
            <X>0</X>
            <Y>0</Y>
            <Width>1</Width>
            <Height>1</Height>
            <Opacity>1</Opacity>
            <Contain>false</Contain>
            <Animation>None</Animation>
            <AnimationSpeed>0</AnimationSpeed>
            <DynamicProperties />
          </Properties>
          <Children>
            <LayerModel>
              <Name>Growth</Name>
              <Order>0</Order>
              <LayerType>Keyboard</LayerType>
              <Enabled>true</Enabled>
              <Expanded>true</Expanded>
              <Properties xsi:type="KeyboardPropertiesModel">
                <Conditions>
                  <LayerConditionModel>
                    <Field>LowAmmo</Field>
                    <Value>True</Value>
                    <Operator>==</Operator>
                    <Type>Boolean</Type>
                  </LayerConditionModel>
                </Conditions>
                <Brush xsi:type="RadialGradientBrush">
                  <Opacity>1</Opacity>
                  <Transform xsi:type="MatrixTransform">
                    <Matrix>
                      <M11>1</M11>
                      <M12>0</M12>
                      <M21>0</M21>
                      <M22>1</M22>
                      <OffsetX>0</OffsetX>
                      <OffsetY>0</OffsetY>
                    </Matrix>
                  </Transform>
                  <RelativeTransform xsi:type="MatrixTransform">
                    <Matrix>
                      <M11>1</M11>
                      <M12>0</M12>
                      <M21>0</M21>
                      <M22>1</M22>
                      <OffsetX>0</OffsetX>
                      <OffsetY>0</OffsetY>
                    </Matrix>
                  </RelativeTransform>
                  <ColorInterpolationMode>SRgbLinearInterpolation</ColorInterpolationMode>
                  <MappingMode>RelativeToBoundingBox</MappingMode>
                  <SpreadMethod>Pad</SpreadMethod>
                  <GradientStops>
                    <GradientStop>
                      <Color>
                        <A>255</A>
                        <R>0</R>
                        <G>7</G>
                        <B>255</B>
                        <ScA>1</ScA>
                        <ScR>0</ScR>
                        <ScG>0.00212468882</ScG>
                        <ScB>1</ScB>
                      </Color>
                      <Offset>0.56338028169014087</Offset>
                    </GradientStop>
                    <GradientStop>
                      <Color>
                        <A>0</A>
                        <R>0</R>
                        <G>7</G>
                        <B>255</B>
                        <ScA>0</ScA>
                        <ScR>0</ScR>
                        <ScG>0.00212468882</ScG>
                        <ScB>1</ScB>
                      </Color>
                      <Offset>1</Offset>
                    </GradientStop>
                  </GradientStops>
                  <Center>
                    <X>0.5</X>
                    <Y>0.5</Y>
                  </Center>
                  <RadiusX>0.5</RadiusX>
                  <RadiusY>0.5</RadiusY>
                  <GradientOrigin>
                    <X>0.5</X>
                    <Y>0.5</Y>
                  </GradientOrigin>
                </Brush>
                <X>5</X>
                <Y>2</Y>
                <Width>3</Width>
                <Height>3</Height>
                <Opacity>1</Opacity>
                <Contain>false</Contain>
                <Animation>Grow</Animation>
                <AnimationSpeed>0.60000000000000009</AnimationSpeed>
                <DynamicProperties />
              </Properties>
              <Children />
            </LayerModel>
            <LayerModel>
              <Name>Blink</Name>
              <Order>1</Order>
              <LayerType>Keyboard</LayerType>
              <Enabled>true</Enabled>
              <Expanded>true</Expanded>
              <Properties xsi:type="KeyboardPropertiesModel">
                <Conditions>
                  <LayerConditionModel>
                    <Field>LowAmmo</Field>
                    <Value>True</Value>
                    <Operator>==</Operator>
                    <Type>Boolean</Type>
                  </LayerConditionModel>
                </Conditions>
                <Brush xsi:type="SolidColorBrush">
                  <Opacity>1</Opacity>
                  <Transform xsi:type="MatrixTransform">
                    <Matrix>
                      <M11>1</M11>
                      <M12>0</M12>
                      <M21>0</M21>
                      <M22>1</M22>
                      <OffsetX>0</OffsetX>
                      <OffsetY>0</OffsetY>
                    </Matrix>
                  </Transform>
                  <RelativeTransform xsi:type="MatrixTransform">
                    <Matrix>
                      <M11>1</M11>
                      <M12>0</M12>
                      <M21>0</M21>
                      <M22>1</M22>
                      <OffsetX>0</OffsetX>
                      <OffsetY>0</OffsetY>
                    </Matrix>
                  </RelativeTransform>
                  <Color>
                    <A>255</A>
                    <R>255</R>
                    <G>255</G>
                    <B>255</B>
                    <ScA>1</ScA>
                    <ScR>1</ScR>
                    <ScG>1</ScG>
                    <ScB>1</ScB>
                  </Color>
                </Brush>
                <X>6</X>
                <Y>3</Y>
                <Width>1</Width>
                <Height>1</Height>
                <Opacity>1</Opacity>
                <Contain>false</Contain>
                <Animation>None</Animation>
                <AnimationSpeed>0.2</AnimationSpeed>
                <DynamicProperties />
              </Properties>
              <Children />
            </LayerModel>
          </Children>
        </LayerModel>
        <LayerModel>
          <Name>Low ammo</Name>
          <Order>1</Order>
          <LayerType>Folder</LayerType>
          <Enabled>true</Enabled>
          <Expanded>false</Expanded>
          <Properties xsi:type="KeyboardPropertiesModel">
            <Conditions>
              <LayerConditionModel>
                <Field>LowAmmo</Field>
                <Value>True</Value>
                <Operator>==</Operator>
                <Type>Boolean</Type>
              </LayerConditionModel>
            </Conditions>
            <Brush xsi:type="SolidColorBrush">
              <Opacity>1</Opacity>
              <Transform xsi:type="MatrixTransform">
                <Matrix>
                  <M11>1</M11>
                  <M12>0</M12>
                  <M21>0</M21>
                  <M22>1</M22>
                  <OffsetX>0</OffsetX>
                  <OffsetY>0</OffsetY>
                </Matrix>
              </Transform>
              <RelativeTransform xsi:type="MatrixTransform">
                <Matrix>
                  <M11>1</M11>
                  <M12>0</M12>
                  <M21>0</M21>
                  <M22>1</M22>
                  <OffsetX>0</OffsetX>
                  <OffsetY>0</OffsetY>
                </Matrix>
              </RelativeTransform>
              <Color>
                <A>255</A>
                <R>255</R>
                <G>0</G>
                <B>182</B>
                <ScA>1</ScA>
                <ScR>1</ScR>
                <ScG>0</ScG>
                <ScB>0.4677838</ScB>
              </Color>
            </Brush>
            <X>0</X>
            <Y>0</Y>
            <Width>1</Width>
            <Height>1</Height>
            <Opacity>1</Opacity>
            <Contain>false</Contain>
            <Animation>None</Animation>
            <AnimationSpeed>0</AnimationSpeed>
            <DynamicProperties />
          </Properties>
          <Children>
            <LayerModel>
              <Name>Growth</Name>
              <Order>0</Order>
              <LayerType>Keyboard</LayerType>
              <Enabled>true</Enabled>
              <Expanded>true</Expanded>
              <Properties xsi:type="KeyboardPropertiesModel">
                <Conditions>
                  <LayerConditionModel>
                    <Field>LowAmmo</Field>
                    <Value>True</Value>
                    <Operator>==</Operator>
                    <Type>Boolean</Type>
                  </LayerConditionModel>
                </Conditions>
                <Brush xsi:type="RadialGradientBrush">
                  <Opacity>1</Opacity>
                  <Transform xsi:type="MatrixTransform">
                    <Matrix>
                      <M11>1</M11>
                      <M12>0</M12>
                      <M21>0</M21>
                      <M22>1</M22>
                      <OffsetX>0</OffsetX>
                      <OffsetY>0</OffsetY>
                    </Matrix>
                  </Transform>
                  <RelativeTransform xsi:type="MatrixTransform">
                    <Matrix>
                      <M11>1</M11>
                      <M12>0</M12>
                      <M21>0</M21>
                      <M22>1</M22>
                      <OffsetX>0</OffsetX>
                      <OffsetY>0</OffsetY>
                    </Matrix>
                  </RelativeTransform>
                  <ColorInterpolationMode>SRgbLinearInterpolation</ColorInterpolationMode>
                  <MappingMode>RelativeToBoundingBox</MappingMode>
                  <SpreadMethod>Pad</SpreadMethod>
                  <GradientStops>
                    <GradientStop>
                      <Color>
                        <A>255</A>
                        <R>0</R>
                        <G>7</G>
                        <B>255</B>
                        <ScA>1</ScA>
                        <ScR>0</ScR>
                        <ScG>0.00212468882</ScG>
                        <ScB>1</ScB>
                      </Color>
                      <Offset>0.56338028169014087</Offset>
                    </GradientStop>
                    <GradientStop>
                      <Color>
                        <A>0</A>
                        <R>0</R>
                        <G>7</G>
                        <B>255</B>
                        <ScA>0</ScA>
                        <ScR>0</ScR>
                        <ScG>0.00212468882</ScG>
                        <ScB>1</ScB>
                      </Color>
                      <Offset>1</Offset>
                    </GradientStop>
                  </GradientStops>
                  <Center>
                    <X>0.5</X>
                    <Y>0.5</Y>
                  </Center>
                  <RadiusX>0.5</RadiusX>
                  <RadiusY>0.5</RadiusY>
                  <GradientOrigin>
                    <X>0.5</X>
                    <Y>0.5</Y>
                  </GradientOrigin>
                </Brush>
                <X>4</X>
                <Y>1</Y>
                <Width>3</Width>
                <Height>3</Height>
                <Opacity>1</Opacity>
                <Contain>false</Contain>
                <Animation>Grow</Animation>
                <AnimationSpeed>0.60000000000000009</AnimationSpeed>
                <DynamicProperties />
              </Properties>
              <Children />
            </LayerModel>
            <LayerModel>
              <Name>Blink</Name>
              <Order>1</Order>
              <LayerType>Keyboard</LayerType>
              <Enabled>true</Enabled>
              <Expanded>true</Expanded>
              <Properties xsi:type="KeyboardPropertiesModel">
                <Conditions>
                  <LayerConditionModel>
                    <Field>LowAmmo</Field>
                    <Value>True</Value>
                    <Operator>==</Operator>
                    <Type>Boolean</Type>
                  </LayerConditionModel>
                </Conditions>
                <Brush xsi:type="SolidColorBrush">
                  <Opacity>1</Opacity>
                  <Transform xsi:type="MatrixTransform">
                    <Matrix>
                      <M11>1</M11>
                      <M12>0</M12>
                      <M21>0</M21>
                      <M22>1</M22>
                      <OffsetX>0</OffsetX>
                      <OffsetY>0</OffsetY>
                    </Matrix>
                  </Transform>
                  <RelativeTransform xsi:type="MatrixTransform">
                    <Matrix>
                      <M11>1</M11>
                      <M12>0</M12>
                      <M21>0</M21>
                      <M22>1</M22>
                      <OffsetX>0</OffsetX>
                      <OffsetY>0</OffsetY>
                    </Matrix>
                  </RelativeTransform>
                  <Color>
                    <A>255</A>
                    <R>255</R>
                    <G>255</G>
                    <B>255</B>
                    <ScA>1</ScA>
                    <ScR>1</ScR>
                    <ScG>1</ScG>
                    <ScB>1</ScB>
                  </Color>
                </Brush>
                <X>5</X>
                <Y>2</Y>
                <Width>1</Width>
                <Height>1</Height>
                <Opacity>1</Opacity>
                <Contain>false</Contain>
                <Animation>None</Animation>
                <AnimationSpeed>0.2</AnimationSpeed>
                <DynamicProperties />
              </Properties>
              <Children />
            </LayerModel>
            <LayerModel>
              <Name>Mouse</Name>
              <Order>2</Order>
              <LayerType>Mouse</LayerType>
              <Enabled>true</Enabled>
              <Expanded>false</Expanded>
              <Properties xsi:type="MousePropertiesModel">
                <Conditions />
                <Brush xsi:type="SolidColorBrush">
                  <Opacity>1</Opacity>
                  <Transform xsi:type="MatrixTransform">
                    <Matrix>
                      <M11>1</M11>
                      <M12>0</M12>
                      <M21>0</M21>
                      <M22>1</M22>
                      <OffsetX>0</OffsetX>
                      <OffsetY>0</OffsetY>
                    </Matrix>
                  </Transform>
                  <RelativeTransform xsi:type="MatrixTransform">
                    <Matrix>
                      <M11>1</M11>
                      <M12>0</M12>
                      <M21>0</M21>
                      <M22>1</M22>
                      <OffsetX>0</OffsetX>
                      <OffsetY>0</OffsetY>
                    </Matrix>
                  </RelativeTransform>
                  <Color>
                    <A>255</A>
                    <R>0</R>
                    <G>43</G>
                    <B>255</B>
                    <ScA>1</ScA>
                    <ScR>0</ScR>
                    <ScG>0.024157634</ScG>
                    <ScB>1</ScB>
                  </Color>
                </Brush>
              </Properties>
              <Children />
            </LayerModel>
            <LayerModel>
              <Name>Headset</Name>
              <Order>3</Order>
              <LayerType>Headset</LayerType>
              <Enabled>true</Enabled>
              <Expanded>false</Expanded>
              <Properties xsi:type="HeadsetPropertiesModel">
                <Conditions />
                <Brush xsi:type="SolidColorBrush">
                  <Opacity>1</Opacity>
                  <Transform xsi:type="MatrixTransform">
                    <Matrix>
                      <M11>1</M11>
                      <M12>0</M12>
                      <M21>0</M21>
                      <M22>1</M22>
                      <OffsetX>0</OffsetX>
                      <OffsetY>0</OffsetY>
                    </Matrix>
                  </Transform>
                  <RelativeTransform xsi:type="MatrixTransform">
                    <Matrix>
                      <M11>1</M11>
                      <M12>0</M12>
                      <M21>0</M21>
                      <M22>1</M22>
                      <OffsetX>0</OffsetX>
                      <OffsetY>0</OffsetY>
                    </Matrix>
                  </RelativeTransform>
                  <Color>
                    <A>255</A>
                    <R>0</R>
                    <G>43</G>
                    <B>255</B>
                    <ScA>1</ScA>
                    <ScR>0</ScR>
                    <ScG>0.024157634</ScG>
                    <ScB>1</ScB>
                  </Color>
                </Brush>
              </Properties>
              <Children />
            </LayerModel>
          </Children>
        </LayerModel>
        <LayerModel>
          <Name>Low HP</Name>
          <Order>2</Order>
          <LayerType>Folder</LayerType>
          <Enabled>true</Enabled>
          <Expanded>true</Expanded>
          <Properties xsi:type="KeyboardPropertiesModel">
            <Conditions />
            <Brush xsi:type="SolidColorBrush">
              <Opacity>1</Opacity>
              <Transform xsi:type="MatrixTransform">
                <Matrix>
                  <M11>1</M11>
                  <M12>0</M12>
                  <M21>0</M21>
                  <M22>1</M22>
                  <OffsetX>0</OffsetX>
                  <OffsetY>0</OffsetY>
                </Matrix>
              </Transform>
              <RelativeTransform xsi:type="MatrixTransform">
                <Matrix>
                  <M11>1</M11>
                  <M12>0</M12>
                  <M21>0</M21>
                  <M22>1</M22>
                  <OffsetX>0</OffsetX>
                  <OffsetY>0</OffsetY>
                </Matrix>
              </RelativeTransform>
              <Color>
                <A>255</A>
                <R>34</R>
                <G>0</G>
                <B>255</B>
                <ScA>1</ScA>
                <ScR>0.0159962941</ScR>
                <ScG>0</ScG>
                <ScB>1</ScB>
              </Color>
            </Brush>
            <X>0</X>
            <Y>0</Y>
            <Width>1</Width>
            <Height>1</Height>
            <Opacity>1</Opacity>
            <Contain>false</Contain>
            <Animation>None</Animation>
            <AnimationSpeed>0</AnimationSpeed>
            <DynamicProperties />
          </Properties>
          <Children>
            <LayerModel>
              <Name>Low HP</Name>
              <Order>0</Order>
              <LayerType>Keyboard</LayerType>
              <Enabled>true</Enabled>
              <Expanded>false</Expanded>
              <Properties xsi:type="KeyboardPropertiesModel">
                <Conditions>
                  <LayerConditionModel>
                    <Field>LowHp</Field>
                    <Operator>==</Operator>
                    <Type>Boolean</Type>
                  </LayerConditionModel>
                </Conditions>
                <Brush xsi:type="SolidColorBrush">
                  <Opacity>1</Opacity>
                  <Transform xsi:type="MatrixTransform">
                    <Matrix>
                      <M11>1</M11>
                      <M12>0</M12>
                      <M21>0</M21>
                      <M22>1</M22>
                      <OffsetX>0</OffsetX>
                      <OffsetY>0</OffsetY>
                    </Matrix>
                  </Transform>
                  <RelativeTransform xsi:type="MatrixTransform">
                    <Matrix>
                      <M11>1</M11>
                      <M12>0</M12>
                      <M21>0</M21>
                      <M22>1</M22>
                      <OffsetX>0</OffsetX>
                      <OffsetY>0</OffsetY>
                    </Matrix>
                  </RelativeTransform>
                  <Color>
                    <A>255</A>
                    <R>255</R>
                    <G>0</G>
                    <B>0</B>
                    <ScA>1</ScA>
                    <ScR>1</ScR>
                    <ScG>0</ScG>
                    <ScB>0</ScB>
                  </Color>
                </Brush>
                <X>0</X>
                <Y>1</Y>
                <Width>22</Width>
                <Height>1</Height>
                <Opacity>1</Opacity>
                <Contain>false</Contain>
                <Animation>Pulse</Animation>
                <AnimationSpeed>0.1</AnimationSpeed>
                <DynamicProperties />
              </Properties>
              <Children />
            </LayerModel>
            <LayerModel>
              <Name>Mouse</Name>
              <Order>1</Order>
              <LayerType>Mouse</LayerType>
              <Enabled>true</Enabled>
              <Expanded>false</Expanded>
              <Properties xsi:type="MousePropertiesModel">
                <Conditions />
                <Brush xsi:type="SolidColorBrush">
                  <Opacity>1</Opacity>
                  <Transform xsi:type="MatrixTransform">
                    <Matrix>
                      <M11>1</M11>
                      <M12>0</M12>
                      <M21>0</M21>
                      <M22>1</M22>
                      <OffsetX>0</OffsetX>
                      <OffsetY>0</OffsetY>
                    </Matrix>
                  </Transform>
                  <RelativeTransform xsi:type="MatrixTransform">
                    <Matrix>
                      <M11>1</M11>
                      <M12>0</M12>
                      <M21>0</M21>
                      <M22>1</M22>
                      <OffsetX>0</OffsetX>
                      <OffsetY>0</OffsetY>
                    </Matrix>
                  </RelativeTransform>
                  <Color>
                    <A>255</A>
                    <R>255</R>
                    <G>0</G>
                    <B>0</B>
                    <ScA>1</ScA>
                    <ScR>1</ScR>
                    <ScG>0</ScG>
                    <ScB>0</ScB>
                  </Color>
                </Brush>
              </Properties>
              <Children />
            </LayerModel>
            <LayerModel>
              <Name>Headset</Name>
              <Order>2</Order>
              <LayerType>Headset</LayerType>
              <Enabled>true</Enabled>
              <Expanded>false</Expanded>
              <Properties xsi:type="HeadsetPropertiesModel">
                <Conditions />
                <Brush xsi:type="SolidColorBrush">
                  <Opacity>1</Opacity>
                  <Transform xsi:type="MatrixTransform">
                    <Matrix>
                      <M11>1</M11>
                      <M12>0</M12>
                      <M21>0</M21>
                      <M22>1</M22>
                      <OffsetX>0</OffsetX>
                      <OffsetY>0</OffsetY>
                    </Matrix>
                  </Transform>
                  <RelativeTransform xsi:type="MatrixTransform">
                    <Matrix>
                      <M11>1</M11>
                      <M12>0</M12>
                      <M21>0</M21>
                      <M22>1</M22>
                      <OffsetX>0</OffsetX>
                      <OffsetY>0</OffsetY>
                    </Matrix>
                  </RelativeTransform>
                  <Color>
                    <A>255</A>
                    <R>255</R>
                    <G>0</G>
                    <B>0</B>
                    <ScA>1</ScA>
                    <ScR>1</ScR>
                    <ScG>0</ScG>
                    <ScB>0</ScB>
                  </Color>
                </Brush>
              </Properties>
              <Children />
            </LayerModel>
          </Children>
        </LayerModel>
        <LayerModel>
          <Name>Background</Name>
          <Order>3</Order>
          <LayerType>Keyboard</LayerType>
          <Enabled>true</Enabled>
          <Expanded>false</Expanded>
          <Properties xsi:type="KeyboardPropertiesModel">
            <Conditions />
            <Brush xsi:type="SolidColorBrush">
              <Opacity>1</Opacity>
              <Transform xsi:type="MatrixTransform">
                <Matrix>
                  <M11>1</M11>
                  <M12>0</M12>
                  <M21>0</M21>
                  <M22>1</M22>
                  <OffsetX>0</OffsetX>
                  <OffsetY>0</OffsetY>
                </Matrix>
              </Transform>
              <RelativeTransform xsi:type="MatrixTransform">
                <Matrix>
                  <M11>1</M11>
                  <M12>0</M12>
                  <M21>0</M21>
                  <M22>1</M22>
                  <OffsetX>0</OffsetX>
                  <OffsetY>0</OffsetY>
                </Matrix>
              </RelativeTransform>
              <Color>
                <A>135</A>
                <R>255</R>
                <G>151</G>
                <B>0</B>
                <ScA>0.5294118</ScA>
                <ScR>1</ScR>
                <ScG>0.309468955</ScG>
                <ScB>0</ScB>
              </Color>
            </Brush>
            <X>0</X>
            <Y>0</Y>
            <Width>22</Width>
            <Height>6</Height>
            <Opacity>1</Opacity>
            <Contain>false</Contain>
            <Animation>None</Animation>
            <AnimationSpeed>0.15000000000000002</AnimationSpeed>
            <DynamicProperties />
          </Properties>
          <Children />
        </LayerModel>
      </Children>
    </LayerModel>
  </Layers>
  <Name>Default</Name>
  <IsDefault>true</IsDefault>
  <KeyboardSlug>razer-blackwidow-chroma</KeyboardSlug>
  <GameName>TheDivision</GameName>
</ProfileModel>