{
  "Layers": [
    {
      "LayerType": {
        "$type": "Artemis.Profiles.Layers.Types.Folder.FolderType, Artemis"
      },
      "LayerCondition": {
        "$type": "Artemis.Profiles.Layers.Conditions.EventCondition, Artemis"
      },
      "LayerAnimation": {
        "$type": "Artemis.Profiles.Layers.Animations.NoneAnimation, Artemis"
      },
      "Name": "Volume",
      "Order": 0,
      "Enabled": true,
      "Expanded": true,
      "IsEvent": true,
      "Properties": {
        "$type": "Artemis.Profiles.Layers.Models.SimplePropertiesModel, Artemis",
        "X": 0.0,
        "Y": 0.0,
        "Width": 1.0,
        "Height": 1.0,
        "Contain": false,
        "Opacity": 1.0,
        "AnimationSpeed": 0.0,
        "OpacityEaseTime": 0.0,
        "HeightEaseTime": 0.0,
        "WidthEaseTime": 0.0,
        "WidthEase": "Linear",
        "HeightEase": "Linear",
        "OpacityEase": "Linear",
        "ConditionType": 0,
        "Conditions": [
          {
            "Field": "Audio.Volume",
            "Value": null,
            "Operator": "changed",
            "Type": "Single"
          }
        ],
        "DynamicProperties": [],
        "Brush": {
          "SolidColorBrush": {
            "@xmlns": "http://schemas.microsoft.com/winfx/2006/xaml/presentation",
            "#text": "#FFFF00C5"
          }
        }
      },
      "EventProperties": {
        "$type": "Artemis.Profiles.Layers.Models.KeyboardEventPropertiesModel, Artemis",
        "ExpirationType": 0,
        "Length": "00:00:02",
        "TriggerDelay": "00:00:00",
        "EventCanTriggerTime": "0001-01-01T00:00:00"
      },
      "Children": [
        {
          "LayerType": {
            "$type": "Artemis.Profiles.Layers.Types.Keyboard.KeyboardType, Artemis"
          },
          "LayerCondition": {
            "$type": "Artemis.Profiles.Layers.Conditions.DataModelCondition, Artemis"
          },
          "LayerAnimation": {
            "$type": "Artemis.Profiles.Layers.Animations.NoneAnimation, Artemis"
          },
          "Name": "Volume",
          "Order": 0,
          "Enabled": true,
          "Expanded": true,
          "IsEvent": false,
          "Properties": {
            "$type": "Artemis.Profiles.Layers.Types.Keyboard.KeyboardPropertiesModel, Artemis",
            "GifFile": null,
            "X": 0.0,
            "Y": 0.0,
            "Width": 21.0,
            "Height": 7.0,
            "Contain": false,
            "Opacity": 1.0,
            "AnimationSpeed": 0.0,
            "OpacityEaseTime": 0.0,
            "HeightEaseTime": 0.0,
            "WidthEaseTime": 0.0,
            "WidthEase": "Linear",
            "HeightEase": "Linear",
            "OpacityEase": "Linear",
            "ConditionType": 0,
            "Conditions": [],
            "DynamicProperties": [
              {
                "LayerProperty": "Width",
                "GameProperty": "Audio.Volume",
                "PercentageSource": 1.0,
                "PercentageProperty": null,
                "LayerPropertyType": 0,
                "LayerPropertyOptions": 0
              }
            ],
            "Brush": {
              "LinearGradientBrush": {
                "@StartPoint": "0,0.5",
                "@EndPoint": "1,0.5",
                "@MappingMode": "RelativeToBoundingBox",
                "@SpreadMethod": "Pad",
                "@Opacity": "1",
                "@xmlns": "http://schemas.microsoft.com/winfx/2006/xaml/presentation",
                "LinearGradientBrush.GradientStops": {
                  "GradientStop": [
                    {
                      "@Color": "#FF7CFC00",
                      "@Offset": "0"
                    },
                    {
                      "@Color": "#FFFFA500",
                      "@Offset": "0.5"
                    },
                    {
                      "@Color": "#FFFF0000",
                      "@Offset": "1"
                    }
                  ]
                }
              }
            }
          },
          "EventProperties": {
            "$type": "Artemis.Profiles.Layers.Models.KeyboardEventPropertiesModel, Artemis",
            "ExpirationType": 0,
            "Length": "00:00:02",
            "TriggerDelay": "00:00:00",
            "EventCanTriggerTime": "0001-01-01T00:00:00"
          },
          "Children": []
        },
        {
          "LayerType": {
            "$type": "Artemis.Profiles.Layers.Types.Keyboard.KeyboardType, Artemis"
          },
          "LayerCondition": {
            "$type": "Artemis.Profiles.Layers.Conditions.DataModelCondition, Artemis"
          },
          "LayerAnimation": {
            "$type": "Artemis.Profiles.Layers.Animations.NoneAnimation, Artemis"
          },
          "Name": "Volume background",
          "Order": 1,
          "Enabled": true,
          "Expanded": false,
          "IsEvent": false,
          "Properties": {
            "$type": "Artemis.Profiles.Layers.Types.Keyboard.KeyboardPropertiesModel, Artemis",
            "GifFile": null,
            "X": 0.0,
            "Y": 0.0,
            "Width": 21.0,
            "Height": 7.0,
            "Contain": false,
            "Opacity": 1.0,
            "AnimationSpeed": 0.0,
            "OpacityEaseTime": 0.0,
            "HeightEaseTime": 0.0,
            "WidthEaseTime": 0.0,
            "WidthEase": "Linear",
            "HeightEase": "Linear",
            "OpacityEase": "Linear",
            "ConditionType": 0,
            "Conditions": [],
            "DynamicProperties": [],
            "Brush": {
              "SolidColorBrush": {
                "@xmlns": "http://schemas.microsoft.com/winfx/2006/xaml/presentation",
                "#text": "#92000000"
              }
            }
          },
          "EventProperties": null,
          "Children": []
        }
      ]
    }
  ],
  "Name": "Default",
  "IsDefault": false,
  "KeyboardSlug": "corsair-k70-rgb",
  "GameName": "OverlayProfile",
  "Width": 21,
  "Height": 7,
  "LuaScript": null
}