{
  "Layers": [
    {
      "LayerType": {
        "$type": "Artemis.Profiles.Layers.Types.Folder.FolderType, Artemis"
      },
      "LayerCondition": {
        "$type": "Artemis.Profiles.Layers.Conditions.DataModelCondition, Artemis"
      },
      "LayerAnimation": {
        "$type": "Artemis.Profiles.Layers.Animations.NoneAnimation, Artemis"
      },
      "Name": "Menu",
      "Order": 0,
      "Enabled": true,
      "Expanded": false,
      "IsEvent": false,
      "Properties": {
        "$type": "Artemis.Profiles.Layers.Models.SimplePropertiesModel, Artemis",
        "X": 0.0,
        "Y": 0.0,
        "Width": 1.0,
        "Height": 1.0,
        "Contain": false,
        "Opacity": 1.0,
        "AnimationSpeed": 0.0,
        "Conditions": [
          {
            "Field": "Game.Paused",
            "Value": "True",
            "Operator": "==",
            "Type": "Boolean"
          }
        ],
        "DynamicProperties": [],
        "Brush": {
          "SolidColorBrush": {
            "@xmlns": "http://schemas.microsoft.com/winfx/2006/xaml/presentation",
            "#text": "#FF5600FF"
          }
        }
      },
      "EventProperties": null,
      "Children": [
        {
          "LayerType": {
            "$type": "Artemis.Profiles.Layers.Types.Keyboard.KeyboardType, Artemis"
          },
          "LayerCondition": {
            "$type": "Artemis.Profiles.Layers.Conditions.DataModelCondition, Artemis"
          },
          "LayerAnimation": {
            "$type": "Artemis.Profiles.Layers.Animations.SlideRightAnimation, Artemis"
          },
          "Name": "Keyboard",
          "Order": 0,
          "Enabled": true,
          "Expanded": true,
          "IsEvent": false,
          "Properties": {
            "$type": "Artemis.Profiles.Layers.Types.Keyboard.KeyboardPropertiesModel, Artemis",
            "GifFile": null,
            "X": 0.0,
            "Y": 0.0,
            "Width": 18.0,
            "Height": 7.0,
            "Contain": false,
            "Opacity": 1.0,
            "AnimationSpeed": 0.3,
            "Conditions": [],
            "DynamicProperties": [],
            "Brush": {
              "LinearGradientBrush": {
                "@StartPoint": "0,0",
                "@EndPoint": "1,1",
                "@MappingMode": "RelativeToBoundingBox",
                "@SpreadMethod": "Pad",
                "@Opacity": "1",
                "@xmlns": "http://schemas.microsoft.com/winfx/2006/xaml/presentation",
                "LinearGradientBrush.GradientStops": {
                  "GradientStop": [
                    {
                      "@Color": "#FFFFD300",
                      "@Offset": "0"
                    },
                    {
                      "@Color": "#FFFFD300",
                      "@Offset": "1"
                    },
                    {
                      "@Color": "#FFFF6D00",
                      "@Offset": "0.37944773906597462"
                    },
                    {
                      "@Color": "#FFFF6D00",
                      "@Offset": "0.57397454904867806"
                    },
                    {
                      "@Color": "#FFFFD300",
                      "@Offset": "0.57854583642204127"
                    },
                    {
                      "@Color": "#FFFFD300",
                      "@Offset": "0.37864467506795163"
                    }
                  ]
                }
              }
            }
          },
          "EventProperties": null,
          "Children": []
        },
        {
          "LayerType": {
            "$type": "Artemis.Profiles.Layers.Types.Headset.HeadsetType, Artemis"
          },
          "LayerCondition": {
            "$type": "Artemis.Profiles.Layers.Conditions.DataModelCondition, Artemis"
          },
          "LayerAnimation": {
            "$type": "Artemis.Profiles.Layers.Animations.SlideRightAnimation, Artemis"
          },
          "Name": "Headset",
          "Order": 1,
          "Enabled": true,
          "Expanded": true,
          "IsEvent": false,
          "Properties": {
            "$type": "Artemis.Profiles.Layers.Models.SimplePropertiesModel, Artemis",
            "X": 0.0,
            "Y": 0.0,
            "Width": 10.0,
            "Height": 10.0,
            "Contain": true,
            "Opacity": 1.0,
            "AnimationSpeed": 0.3,
            "Conditions": [],
            "DynamicProperties": [],
            "Brush": {
              "LinearGradientBrush": {
                "@StartPoint": "0,0",
                "@EndPoint": "1,1",
                "@MappingMode": "RelativeToBoundingBox",
                "@SpreadMethod": "Pad",
                "@Opacity": "1",
                "@xmlns": "http://schemas.microsoft.com/winfx/2006/xaml/presentation",
                "LinearGradientBrush.GradientStops": {
                  "GradientStop": [
                    {
                      "@Color": "#FFFFD300",
                      "@Offset": "0"
                    },
                    {
                      "@Color": "#FFFFD300",
                      "@Offset": "1"
                    },
                    {
                      "@Color": "#FFFF6D00",
                      "@Offset": "0.37944773906597462"
                    },
                    {
                      "@Color": "#FFFF6D00",
                      "@Offset": "0.57397454904867806"
                    },
                    {
                      "@Color": "#FFFFD300",
                      "@Offset": "0.57854583642204127"
                    },
                    {
                      "@Color": "#FFFFD300",
                      "@Offset": "0.37864467506795163"
                    }
                  ]
                }
              }
            }
          },
          "EventProperties": null,
          "Children": []
        },
        {
          "LayerType": {
            "$type": "Artemis.Profiles.Layers.Types.Mousemat.MousematType, Artemis"
          },
          "LayerCondition": {
            "$type": "Artemis.Profiles.Layers.Conditions.DataModelCondition, Artemis"
          },
          "LayerAnimation": {
            "$type": "Artemis.Profiles.Layers.Animations.SlideRightAnimation, Artemis"
          },
          "Name": "Mousemat",
          "Order": 3,
          "Enabled": true,
          "Expanded": true,
          "IsEvent": false,
          "Properties": {
            "$type": "Artemis.Profiles.Layers.Models.SimplePropertiesModel, Artemis",
            "X": 0.0,
            "Y": 0.0,
            "Width": 10.0,
            "Height": 10.0,
            "Contain": true,
            "Opacity": 1.0,
            "AnimationSpeed": 0.3,
            "Conditions": [],
            "DynamicProperties": [],
            "Brush": {
              "LinearGradientBrush": {
                "@StartPoint": "0,0",
                "@EndPoint": "1,1",
                "@MappingMode": "RelativeToBoundingBox",
                "@SpreadMethod": "Pad",
                "@Opacity": "1",
                "@xmlns": "http://schemas.microsoft.com/winfx/2006/xaml/presentation",
                "LinearGradientBrush.GradientStops": {
                  "GradientStop": [
                    {
                      "@Color": "#FFFFD300",
                      "@Offset": "0"
                    },
                    {
                      "@Color": "#FFFFD300",
                      "@Offset": "1"
                    },
                    {
                      "@Color": "#FFFF6D00",
                      "@Offset": "0.37944773906597462"
                    },
                    {
                      "@Color": "#FFFF6D00",
                      "@Offset": "0.57397454904867806"
                    },
                    {
                      "@Color": "#FFFFD300",
                      "@Offset": "0.57854583642204127"
                    },
                    {
                      "@Color": "#FFFFD300",
                      "@Offset": "0.37864467506795163"
                    }
                  ]
                }
              }
            }
          },
          "EventProperties": null,
          "Children": []
        },
        {
          "LayerType": {
            "$type": "Artemis.Profiles.Layers.Types.Mouse.MouseType, Artemis"
          },
          "LayerCondition": {
            "$type": "Artemis.Profiles.Layers.Conditions.DataModelCondition, Artemis"
          },
          "LayerAnimation": {
            "$type": "Artemis.Profiles.Layers.Animations.SlideRightAnimation, Artemis"
          },
          "Name": "Mouse",
          "Order": 2,
          "Enabled": true,
          "Expanded": true,
          "IsEvent": false,
          "Properties": {
            "$type": "Artemis.Profiles.Layers.Models.SimplePropertiesModel, Artemis",
            "X": 0.0,
            "Y": 0.0,
            "Width": 10.0,
            "Height": 10.0,
            "Contain": true,
            "Opacity": 1.0,
            "AnimationSpeed": 0.3,
            "Conditions": [],
            "DynamicProperties": [],
            "Brush": {
              "LinearGradientBrush": {
                "@StartPoint": "0,0",
                "@EndPoint": "1,1",
                "@MappingMode": "RelativeToBoundingBox",
                "@SpreadMethod": "Pad",
                "@Opacity": "1",
                "@xmlns": "http://schemas.microsoft.com/winfx/2006/xaml/presentation",
                "LinearGradientBrush.GradientStops": {
                  "GradientStop": [
                    {
                      "@Color": "#FFFFD300",
                      "@Offset": "0"
                    },
                    {
                      "@Color": "#FFFFD300",
                      "@Offset": "1"
                    },
                    {
                      "@Color": "#FFFF6D00",
                      "@Offset": "0.37944773906597462"
                    },
                    {
                      "@Color": "#FFFF6D00",
                      "@Offset": "0.57397454904867806"
                    },
                    {
                      "@Color": "#FFFFD300",
                      "@Offset": "0.57854583642204127"
                    },
                    {
                      "@Color": "#FFFFD300",
                      "@Offset": "0.37864467506795163"
                    }
                  ]
                }
              }
            }
          },
          "EventProperties": null,
          "Children": []
        },
        {
          "LayerType": {
            "$type": "Artemis.Profiles.Layers.Types.Generic.GenericType, Artemis"
          },
          "LayerCondition": {
            "$type": "Artemis.Profiles.Layers.Conditions.DataModelCondition, Artemis"
          },
          "LayerAnimation": {
            "$type": "Artemis.Profiles.Layers.Animations.SlideRightAnimation, Artemis"
          },
          "Name": "Generic",
          "Order": 4,
          "Enabled": true,
          "Expanded": false,
          "IsEvent": false,
          "Properties": {
            "$type": "Artemis.Profiles.Layers.Models.SimplePropertiesModel, Artemis",
            "X": 0.0,
            "Y": 0.0,
            "Width": 10.0,
            "Height": 10.0,
            "Contain": true,
            "Opacity": 1.0,
            "AnimationSpeed": 0.3,
            "Conditions": [],
            "DynamicProperties": [],
            "Brush": {
              "LinearGradientBrush": {
                "@StartPoint": "0,0",
                "@EndPoint": "1,1",
                "@MappingMode": "RelativeToBoundingBox",
                "@SpreadMethod": "Pad",
                "@Opacity": "1",
                "@xmlns": "http://schemas.microsoft.com/winfx/2006/xaml/presentation",
                "LinearGradientBrush.GradientStops": {
                  "GradientStop": [
                    {
                      "@Color": "#FFFFD300",
                      "@Offset": "0"
                    },
                    {
                      "@Color": "#FFFFD300",
                      "@Offset": "1"
                    },
                    {
                      "@Color": "#FFFF6D00",
                      "@Offset": "0.37944773906597462"
                    },
                    {
                      "@Color": "#FFFF6D00",
                      "@Offset": "0.57397454904867806"
                    },
                    {
                      "@Color": "#FFFFD300",
                      "@Offset": "0.57854583642204127"
                    },
                    {
                      "@Color": "#FFFFD300",
                      "@Offset": "0.37864467506795163"
                    }
                  ]
                }
              }
            }
          },
          "EventProperties": null,
          "Children": []
        }
      ]
    },
    {
      "LayerType": {
        "$type": "Artemis.Profiles.Layers.Types.Folder.FolderType, Artemis"
      },
      "LayerCondition": {
        "$type": "Artemis.Profiles.Layers.Conditions.DataModelCondition, Artemis"
      },
      "LayerAnimation": {
        "$type": "Artemis.Profiles.Layers.Animations.NoneAnimation, Artemis"
      },
      "Name": "Engine",
      "Order": 1,
      "Enabled": true,
      "Expanded": false,
      "IsEvent": false,
      "Properties": {
        "$type": "Artemis.Profiles.Layers.Models.SimplePropertiesModel, Artemis",
        "X": 0.0,
        "Y": 0.0,
        "Width": 1.0,
        "Height": 1.0,
        "Contain": false,
        "Opacity": 1.0,
        "AnimationSpeed": 0.0,
        "Conditions": [],
        "DynamicProperties": [],
        "Brush": {
          "SolidColorBrush": {
            "@xmlns": "http://schemas.microsoft.com/winfx/2006/xaml/presentation",
            "#text": "#FF0065FF"
          }
        }
      },
      "EventProperties": null,
      "Children": [
        {
          "LayerType": {
            "$type": "Artemis.Profiles.Layers.Types.Keyboard.KeyboardType, Artemis"
          },
          "LayerCondition": {
            "$type": "Artemis.Profiles.Layers.Conditions.DataModelCondition, Artemis"
          },
          "LayerAnimation": {
            "$type": "Artemis.Profiles.Layers.Animations.NoneAnimation, Artemis"
          },
          "Name": "Engine RPM",
          "Order": 0,
          "Enabled": true,
          "Expanded": true,
          "IsEvent": false,
          "Properties": {
            "$type": "Artemis.Profiles.Layers.Types.Keyboard.KeyboardPropertiesModel, Artemis",
            "GifFile": null,
            "X": 0.0,
            "Y": 1.0,
            "Width": 15.0,
            "Height": 1.0,
            "Contain": false,
            "Opacity": 1.0,
            "AnimationSpeed": 0.0,
            "Conditions": [],
            "DynamicProperties": [
              {
                "LayerProperty": "Width",
                "GameProperty": "Truck.EngineRpm",
                "PercentageSource": 0.0,
                "PercentageProperty": "Truck.EngineRpmMax",
                "LayerPropertyType": 1,
                "LayerPropertyOptions": 0
              }
            ],
            "Brush": {
              "LinearGradientBrush": {
                "@StartPoint": "0,0",
                "@EndPoint": "1,0",
                "@MappingMode": "RelativeToBoundingBox",
                "@SpreadMethod": "Pad",
                "@Opacity": "1",
                "@xmlns": "http://schemas.microsoft.com/winfx/2006/xaml/presentation",
                "LinearGradientBrush.GradientStops": {
                  "GradientStop": [
                    {
                      "@Color": "#FF007DFF",
                      "@Offset": "0"
                    },
                    {
                      "@Color": "#FFFF0000",
                      "@Offset": "1"
                    },
                    {
                      "@Color": "#FF6EFF5A",
                      "@Offset": "0.1696627131208302"
                    },
                    {
                      "@Color": "#FFFFE300",
                      "@Offset": "0.58256115641215722"
                    }
                  ]
                }
              }
            }
          },
          "EventProperties": null,
          "Children": []
        },
        {
          "LayerType": {
            "$type": "Artemis.Profiles.Layers.Types.Keyboard.KeyboardType, Artemis"
          },
          "LayerCondition": {
            "$type": "Artemis.Profiles.Layers.Conditions.DataModelCondition, Artemis"
          },
          "LayerAnimation": {
            "$type": "Artemis.Profiles.Layers.Animations.NoneAnimation, Artemis"
          },
          "Name": "Background",
          "Order": 1,
          "Enabled": true,
          "Expanded": false,
          "IsEvent": false,
          "Properties": {
            "$type": "Artemis.Profiles.Layers.Types.Keyboard.KeyboardPropertiesModel, Artemis",
            "GifFile": null,
            "X": 0.0,
            "Y": 1.0,
            "Width": 15.0,
            "Height": 1.0,
            "Contain": false,
            "Opacity": 1.0,
            "AnimationSpeed": 0.0,
            "Conditions": [],
            "DynamicProperties": [],
            "Brush": {
              "SolidColorBrush": {
                "@xmlns": "http://schemas.microsoft.com/winfx/2006/xaml/presentation",
                "#text": "#8D000000"
              }
            }
          },
          "EventProperties": null,
          "Children": []
        }
      ]
    },
    {
      "LayerType": {
        "$type": "Artemis.Profiles.Layers.Types.Folder.FolderType, Artemis"
      },
      "LayerCondition": {
        "$type": "Artemis.Profiles.Layers.Conditions.DataModelCondition, Artemis"
      },
      "LayerAnimation": {
        "$type": "Artemis.Profiles.Layers.Animations.NoneAnimation, Artemis"
      },
      "Name": "Lights",
      "Order": 2,
      "Enabled": true,
      "Expanded": false,
      "IsEvent": false,
      "Properties": {
        "$type": "Artemis.Profiles.Layers.Models.SimplePropertiesModel, Artemis",
        "X": 0.0,
        "Y": 0.0,
        "Width": 1.0,
        "Height": 1.0,
        "Contain": false,
        "Opacity": 1.0,
        "AnimationSpeed": 0.0,
        "Conditions": [],
        "DynamicProperties": [],
        "Brush": {
          "SolidColorBrush": {
            "@xmlns": "http://schemas.microsoft.com/winfx/2006/xaml/presentation",
            "#text": "#FFFF9F00"
          }
        }
      },
      "EventProperties": null,
      "Children": [
        {
          "LayerType": {
            "$type": "Artemis.Profiles.Layers.Types.Keyboard.KeyboardType, Artemis"
          },
          "LayerCondition": {
            "$type": "Artemis.Profiles.Layers.Conditions.DataModelCondition, Artemis"
          },
          "LayerAnimation": {
            "$type": "Artemis.Profiles.Layers.Animations.NoneAnimation, Artemis"
          },
          "Name": "Left indicator",
          "Order": 0,
          "Enabled": true,
          "Expanded": false,
          "IsEvent": false,
          "Properties": {
            "$type": "Artemis.Profiles.Layers.Types.Keyboard.KeyboardPropertiesModel, Artemis",
            "GifFile": null,
            "X": 0.0,
            "Y": 0.0,
            "Width": 2.0,
            "Height": 7.0,
            "Contain": false,
            "Opacity": 1.0,
            "AnimationSpeed": 0.0,
            "Conditions": [
              {
                "Field": "Truck.BlinkerLeftOn",
                "Value": "True",
                "Operator": "==",
                "Type": "Boolean"
              }
            ],
            "DynamicProperties": [],
            "Brush": {
              "SolidColorBrush": {
                "@xmlns": "http://schemas.microsoft.com/winfx/2006/xaml/presentation",
                "#text": "#FFFF7500"
              }
            }
          },
          "EventProperties": null,
          "Children": []
        },
        {
          "LayerType": {
            "$type": "Artemis.Profiles.Layers.Types.Keyboard.KeyboardType, Artemis"
          },
          "LayerCondition": {
            "$type": "Artemis.Profiles.Layers.Conditions.DataModelCondition, Artemis"
          },
          "LayerAnimation": {
            "$type": "Artemis.Profiles.Layers.Animations.NoneAnimation, Artemis"
          },
          "Name": "Right indicator",
          "Order": 1,
          "Enabled": true,
          "Expanded": true,
          "IsEvent": false,
          "Properties": {
            "$type": "Artemis.Profiles.Layers.Types.Keyboard.KeyboardPropertiesModel, Artemis",
            "GifFile": null,
            "X": 16.0,
            "Y": 0.0,
            "Width": 2.0,
            "Height": 7.0,
            "Contain": false,
            "Opacity": 1.0,
            "AnimationSpeed": 0.0,
            "Conditions": [
              {
                "Field": "Truck.BlinkerRightOn",
                "Value": "True",
                "Operator": "==",
                "Type": "Boolean"
              }
            ],
            "DynamicProperties": [],
            "Brush": {
              "SolidColorBrush": {
                "@xmlns": "http://schemas.microsoft.com/winfx/2006/xaml/presentation",
                "#text": "#FFFF7500"
              }
            }
          },
          "EventProperties": null,
          "Children": []
        },
        {
          "LayerType": {
            "$type": "Artemis.Profiles.Layers.Types.Folder.FolderType, Artemis"
          },
          "LayerCondition": {
            "$type": "Artemis.Profiles.Layers.Conditions.DataModelCondition, Artemis"
          },
          "LayerAnimation": {
            "$type": "Artemis.Profiles.Layers.Animations.NoneAnimation, Artemis"
          },
          "Name": "Warning indicators",
          "Order": 2,
          "Enabled": true,
          "Expanded": false,
          "IsEvent": false,
          "Properties": {
            "$type": "Artemis.Profiles.Layers.Models.SimplePropertiesModel, Artemis",
            "X": 0.0,
            "Y": 0.0,
            "Width": 1.0,
            "Height": 1.0,
            "Contain": false,
            "Opacity": 1.0,
            "AnimationSpeed": 0.0,
            "Conditions": [],
            "DynamicProperties": [],
            "Brush": {
              "SolidColorBrush": {
                "@xmlns": "http://schemas.microsoft.com/winfx/2006/xaml/presentation",
                "#text": "#FFFF0087"
              }
            }
          },
          "EventProperties": null,
          "Children": [
            {
              "LayerType": {
                "$type": "Artemis.Profiles.Layers.Types.Folder.FolderType, Artemis"
              },
              "LayerCondition": {
                "$type": "Artemis.Profiles.Layers.Conditions.DataModelCondition, Artemis"
              },
              "LayerAnimation": {
                "$type": "Artemis.Profiles.Layers.Animations.NoneAnimation, Artemis"
              },
              "Name": "Fuel",
              "Order": 0,
              "Enabled": true,
              "Expanded": false,
              "IsEvent": false,
              "Properties": {
                "$type": "Artemis.Profiles.Layers.Models.SimplePropertiesModel, Artemis",
                "X": 0.0,
                "Y": 0.0,
                "Width": 1.0,
                "Height": 1.0,
                "Contain": false,
                "Opacity": 1.0,
                "AnimationSpeed": 0.0,
                "Conditions": [
                  {
                    "Field": "Truck.FuelWarningOn",
                    "Value": "True",
                    "Operator": "==",
                    "Type": "Boolean"
                  }
                ],
                "DynamicProperties": [],
                "Brush": {
                  "SolidColorBrush": {
                    "@xmlns": "http://schemas.microsoft.com/winfx/2006/xaml/presentation",
                    "#text": "#FFAB00FF"
                  }
                }
              },
              "EventProperties": null,
              "Children": [
                {
                  "LayerType": {
                    "$type": "Artemis.Profiles.Layers.Types.Keyboard.KeyboardType, Artemis"
                  },
                  "LayerCondition": {
                    "$type": "Artemis.Profiles.Layers.Conditions.DataModelCondition, Artemis"
                  },
                  "LayerAnimation": {
                    "$type": "Artemis.Profiles.Layers.Animations.NoneAnimation, Artemis"
                  },
                  "Name": "Keyboard",
                  "Order": 0,
                  "Enabled": true,
                  "Expanded": false,
                  "IsEvent": false,
                  "Properties": {
                    "$type": "Artemis.Profiles.Layers.Types.Keyboard.KeyboardPropertiesModel, Artemis",
                    "GifFile": null,
                    "X": 15.0,
                    "Y": 1.0,
                    "Width": 3.0,
                    "Height": 3.0,
                    "Contain": false,
                    "Opacity": 1.0,
                    "AnimationSpeed": 0.25,
                    "Conditions": [],
                    "DynamicProperties": [],
                    "Brush": {
                      "SolidColorBrush": {
                        "@xmlns": "http://schemas.microsoft.com/winfx/2006/xaml/presentation",
                        "#text": "#FFFF0700"
                      }
                    }
                  },
                  "EventProperties": null,
                  "Children": []
                },
                {
                  "LayerType": {
                    "$type": "Artemis.Profiles.Layers.Types.Mouse.MouseType, Artemis"
                  },
                  "LayerCondition": {
                    "$type": "Artemis.Profiles.Layers.Conditions.DataModelCondition, Artemis"
                  },
                  "LayerAnimation": {
                    "$type": "Artemis.Profiles.Layers.Animations.NoneAnimation, Artemis"
                  },
                  "Name": "Mouse",
                  "Order": 1,
                  "Enabled": true,
                  "Expanded": true,
                  "IsEvent": false,
                  "Properties": {
                    "$type": "Artemis.Profiles.Layers.Models.SimplePropertiesModel, Artemis",
                    "X": 0.0,
                    "Y": 0.0,
                    "Width": 10.0,
                    "Height": 10.0,
                    "Contain": true,
                    "Opacity": 1.0,
                    "AnimationSpeed": 0.25,
                    "Conditions": [],
                    "DynamicProperties": [],
                    "Brush": {
                      "SolidColorBrush": {
                        "@xmlns": "http://schemas.microsoft.com/winfx/2006/xaml/presentation",
                        "#text": "#FFFF0700"
                      }
                    }
                  },
                  "EventProperties": null,
                  "Children": []
                },
                {
                  "LayerType": {
                    "$type": "Artemis.Profiles.Layers.Types.Headset.HeadsetType, Artemis"
                  },
                  "LayerCondition": {
                    "$type": "Artemis.Profiles.Layers.Conditions.DataModelCondition, Artemis"
                  },
                  "LayerAnimation": {
                    "$type": "Artemis.Profiles.Layers.Animations.NoneAnimation, Artemis"
                  },
                  "Name": "Headset",
                  "Order": 2,
                  "Enabled": true,
                  "Expanded": false,
                  "IsEvent": false,
                  "Properties": {
                    "$type": "Artemis.Profiles.Layers.Models.SimplePropertiesModel, Artemis",
                    "X": 0.0,
                    "Y": 0.0,
                    "Width": 10.0,
                    "Height": 10.0,
                    "Contain": true,
                    "Opacity": 1.0,
                    "AnimationSpeed": 0.25,
                    "Conditions": [],
                    "DynamicProperties": [],
                    "Brush": {
                      "SolidColorBrush": {
                        "@xmlns": "http://schemas.microsoft.com/winfx/2006/xaml/presentation",
                        "#text": "#FFFF0700"
                      }
                    }
                  },
                  "EventProperties": null,
                  "Children": []
                },
                {
                  "LayerType": {
                    "$type": "Artemis.Profiles.Layers.Types.Mousemat.MousematType, Artemis"
                  },
                  "LayerCondition": {
                    "$type": "Artemis.Profiles.Layers.Conditions.DataModelCondition, Artemis"
                  },
                  "LayerAnimation": {
                    "$type": "Artemis.Profiles.Layers.Animations.NoneAnimation, Artemis"
                  },
                  "Name": "Mousemat",
                  "Order": 3,
                  "Enabled": true,
                  "Expanded": false,
                  "IsEvent": false,
                  "Properties": {
                    "$type": "Artemis.Profiles.Layers.Models.SimplePropertiesModel, Artemis",
                    "X": 0.0,
                    "Y": 0.0,
                    "Width": 10.0,
                    "Height": 10.0,
                    "Contain": true,
                    "Opacity": 1.0,
                    "AnimationSpeed": 0.25,
                    "Conditions": [],
                    "DynamicProperties": [],
                    "Brush": {
                      "SolidColorBrush": {
                        "@xmlns": "http://schemas.microsoft.com/winfx/2006/xaml/presentation",
                        "#text": "#FFFF0700"
                      }
                    }
                  },
                  "EventProperties": null,
                  "Children": []
                },
                {
                  "LayerType": {
                    "$type": "Artemis.Profiles.Layers.Types.Generic.GenericType, Artemis"
                  },
                  "LayerCondition": {
                    "$type": "Artemis.Profiles.Layers.Conditions.DataModelCondition, Artemis"
                  },
                  "LayerAnimation": {
                    "$type": "Artemis.Profiles.Layers.Animations.NoneAnimation, Artemis"
                  },
                  "Name": "Generic",
                  "Order": 4,
                  "Enabled": true,
                  "Expanded": true,
                  "IsEvent": false,
                  "Properties": {
                    "$type": "Artemis.Profiles.Layers.Models.SimplePropertiesModel, Artemis",
                    "X": 0.0,
                    "Y": 0.0,
                    "Width": 10.0,
                    "Height": 10.0,
                    "Contain": true,
                    "Opacity": 1.0,
                    "AnimationSpeed": 0.25,
                    "Conditions": [],
                    "DynamicProperties": [],
                    "Brush": {
                      "SolidColorBrush": {
                        "@xmlns": "http://schemas.microsoft.com/winfx/2006/xaml/presentation",
                        "#text": "#FFFF0700"
                      }
                    }
                  },
                  "EventProperties": null,
                  "Children": []
                }
              ]
            },
            {
              "LayerType": {
                "$type": "Artemis.Profiles.Layers.Types.Folder.FolderType, Artemis"
              },
              "LayerCondition": {
                "$type": "Artemis.Profiles.Layers.Conditions.DataModelCondition, Artemis"
              },
              "LayerAnimation": {
                "$type": "Artemis.Profiles.Layers.Animations.NoneAnimation, Artemis"
              },
              "Name": "Battery voltage",
              "Order": 1,
              "Enabled": true,
              "Expanded": false,
              "IsEvent": false,
              "Properties": {
                "$type": "Artemis.Profiles.Layers.Models.SimplePropertiesModel, Artemis",
                "X": 0.0,
                "Y": 0.0,
                "Width": 1.0,
                "Height": 1.0,
                "Contain": false,
                "Opacity": 1.0,
                "AnimationSpeed": 0.0,
                "Conditions": [
                  {
                    "Field": "Truck.BatteryVoltageWarningOn",
                    "Value": "True",
                    "Operator": "==",
                    "Type": "Boolean"
                  }
                ],
                "DynamicProperties": [],
                "Brush": {
                  "SolidColorBrush": {
                    "@xmlns": "http://schemas.microsoft.com/winfx/2006/xaml/presentation",
                    "#text": "#FFAB00FF"
                  }
                }
              },
              "EventProperties": null,
              "Children": [
                {
                  "LayerType": {
                    "$type": "Artemis.Profiles.Layers.Types.Keyboard.KeyboardType, Artemis"
                  },
                  "LayerCondition": {
                    "$type": "Artemis.Profiles.Layers.Conditions.DataModelCondition, Artemis"
                  },
                  "LayerAnimation": {
                    "$type": "Artemis.Profiles.Layers.Animations.NoneAnimation, Artemis"
                  },
                  "Name": "Keyboard",
                  "Order": 0,
                  "Enabled": true,
                  "Expanded": true,
                  "IsEvent": false,
                  "Properties": {
                    "$type": "Artemis.Profiles.Layers.Types.Keyboard.KeyboardPropertiesModel, Artemis",
                    "GifFile": null,
                    "X": 15.0,
                    "Y": 1.0,
                    "Width": 3.0,
                    "Height": 3.0,
                    "Contain": false,
                    "Opacity": 1.0,
                    "AnimationSpeed": 0.25,
                    "Conditions": [],
                    "DynamicProperties": [],
                    "Brush": {
                      "SolidColorBrush": {
                        "@xmlns": "http://schemas.microsoft.com/winfx/2006/xaml/presentation",
                        "#text": "#FFFFDB00"
                      }
                    }
                  },
                  "EventProperties": null,
                  "Children": []
                },
                {
                  "LayerType": {
                    "$type": "Artemis.Profiles.Layers.Types.Mouse.MouseType, Artemis"
                  },
                  "LayerCondition": {
                    "$type": "Artemis.Profiles.Layers.Conditions.DataModelCondition, Artemis"
                  },
                  "LayerAnimation": {
                    "$type": "Artemis.Profiles.Layers.Animations.NoneAnimation, Artemis"
                  },
                  "Name": "Mouse",
                  "Order": 1,
                  "Enabled": true,
                  "Expanded": true,
                  "IsEvent": false,
                  "Properties": {
                    "$type": "Artemis.Profiles.Layers.Models.SimplePropertiesModel, Artemis",
                    "X": 0.0,
                    "Y": 0.0,
                    "Width": 10.0,
                    "Height": 10.0,
                    "Contain": true,
                    "Opacity": 1.0,
                    "AnimationSpeed": 0.25,
                    "Conditions": [],
                    "DynamicProperties": [],
                    "Brush": {
                      "SolidColorBrush": {
                        "@xmlns": "http://schemas.microsoft.com/winfx/2006/xaml/presentation",
                        "#text": "#FFFFDB00"
                      }
                    }
                  },
                  "EventProperties": null,
                  "Children": []
                },
                {
                  "LayerType": {
                    "$type": "Artemis.Profiles.Layers.Types.Headset.HeadsetType, Artemis"
                  },
                  "LayerCondition": {
                    "$type": "Artemis.Profiles.Layers.Conditions.DataModelCondition, Artemis"
                  },
                  "LayerAnimation": {
                    "$type": "Artemis.Profiles.Layers.Animations.NoneAnimation, Artemis"
                  },
                  "Name": "Headset",
                  "Order": 2,
                  "Enabled": true,
                  "Expanded": false,
                  "IsEvent": false,
                  "Properties": {
                    "$type": "Artemis.Profiles.Layers.Models.SimplePropertiesModel, Artemis",
                    "X": 0.0,
                    "Y": 0.0,
                    "Width": 10.0,
                    "Height": 10.0,
                    "Contain": true,
                    "Opacity": 1.0,
                    "AnimationSpeed": 0.25,
                    "Conditions": [],
                    "DynamicProperties": [],
                    "Brush": {
                      "SolidColorBrush": {
                        "@xmlns": "http://schemas.microsoft.com/winfx/2006/xaml/presentation",
                        "#text": "#FFFFDB00"
                      }
                    }
                  },
                  "EventProperties": null,
                  "Children": []
                },
                {
                  "LayerType": {
                    "$type": "Artemis.Profiles.Layers.Types.Mousemat.MousematType, Artemis"
                  },
                  "LayerCondition": {
                    "$type": "Artemis.Profiles.Layers.Conditions.DataModelCondition, Artemis"
                  },
                  "LayerAnimation": {
                    "$type": "Artemis.Profiles.Layers.Animations.NoneAnimation, Artemis"
                  },
                  "Name": "Mousemat",
                  "Order": 3,
                  "Enabled": true,
                  "Expanded": false,
                  "IsEvent": false,
                  "Properties": {
                    "$type": "Artemis.Profiles.Layers.Models.SimplePropertiesModel, Artemis",
                    "X": 0.0,
                    "Y": 0.0,
                    "Width": 10.0,
                    "Height": 10.0,
                    "Contain": true,
                    "Opacity": 1.0,
                    "AnimationSpeed": 0.25,
                    "Conditions": [],
                    "DynamicProperties": [],
                    "Brush": {
                      "SolidColorBrush": {
                        "@xmlns": "http://schemas.microsoft.com/winfx/2006/xaml/presentation",
                        "#text": "#FFFFDB00"
                      }
                    }
                  },
                  "EventProperties": null,
                  "Children": []
                },
                {
                  "LayerType": {
                    "$type": "Artemis.Profiles.Layers.Types.Generic.GenericType, Artemis"
                  },
                  "LayerCondition": {
                    "$type": "Artemis.Profiles.Layers.Conditions.DataModelCondition, Artemis"
                  },
                  "LayerAnimation": {
                    "$type": "Artemis.Profiles.Layers.Animations.NoneAnimation, Artemis"
                  },
                  "Name": "Generic",
                  "Order": 4,
                  "Enabled": true,
                  "Expanded": true,
                  "IsEvent": false,
                  "Properties": {
                    "$type": "Artemis.Profiles.Layers.Models.SimplePropertiesModel, Artemis",
                    "X": 0.0,
                    "Y": 0.0,
                    "Width": 10.0,
                    "Height": 10.0,
                    "Contain": true,
                    "Opacity": 1.0,
                    "AnimationSpeed": 0.25,
                    "Conditions": [],
                    "DynamicProperties": [],
                    "Brush": {
                      "SolidColorBrush": {
                        "@xmlns": "http://schemas.microsoft.com/winfx/2006/xaml/presentation",
                        "#text": "#FFFFDB00"
                      }
                    }
                  },
                  "EventProperties": null,
                  "Children": []
                }
              ]
            },
            {
              "LayerType": {
                "$type": "Artemis.Profiles.Layers.Types.Folder.FolderType, Artemis"
              },
              "LayerCondition": {
                "$type": "Artemis.Profiles.Layers.Conditions.DataModelCondition, Artemis"
              },
              "LayerAnimation": {
                "$type": "Artemis.Profiles.Layers.Animations.NoneAnimation, Artemis"
              },
              "Name": "Air pressure",
              "Order": 2,
              "Enabled": true,
              "Expanded": false,
              "IsEvent": false,
              "Properties": {
                "$type": "Artemis.Profiles.Layers.Models.SimplePropertiesModel, Artemis",
                "X": 0.0,
                "Y": 0.0,
                "Width": 1.0,
                "Height": 1.0,
                "Contain": false,
                "Opacity": 1.0,
                "AnimationSpeed": 0.0,
                "Conditions": [
                  {
                    "Field": "Truck.AirPressureWarningOn",
                    "Value": "True",
                    "Operator": "==",
                    "Type": "Boolean"
                  }
                ],
                "DynamicProperties": [],
                "Brush": {
                  "SolidColorBrush": {
                    "@xmlns": "http://schemas.microsoft.com/winfx/2006/xaml/presentation",
                    "#text": "#FFAB00FF"
                  }
                }
              },
              "EventProperties": null,
              "Children": [
                {
                  "LayerType": {
                    "$type": "Artemis.Profiles.Layers.Types.Keyboard.KeyboardType, Artemis"
                  },
                  "LayerCondition": {
                    "$type": "Artemis.Profiles.Layers.Conditions.DataModelCondition, Artemis"
                  },
                  "LayerAnimation": {
                    "$type": "Artemis.Profiles.Layers.Animations.NoneAnimation, Artemis"
                  },
                  "Name": "Keyboard",
                  "Order": 0,
                  "Enabled": true,
                  "Expanded": false,
                  "IsEvent": false,
                  "Properties": {
                    "$type": "Artemis.Profiles.Layers.Types.Keyboard.KeyboardPropertiesModel, Artemis",
                    "GifFile": null,
                    "X": 15.0,
                    "Y": 1.0,
                    "Width": 3.0,
                    "Height": 3.0,
                    "Contain": false,
                    "Opacity": 1.0,
                    "AnimationSpeed": 0.25,
                    "Conditions": [],
                    "DynamicProperties": [],
                    "Brush": {
                      "SolidColorBrush": {
                        "@xmlns": "http://schemas.microsoft.com/winfx/2006/xaml/presentation",
                        "#text": "#FFFFFFFF"
                      }
                    }
                  },
                  "EventProperties": null,
                  "Children": []
                },
                {
                  "LayerType": {
                    "$type": "Artemis.Profiles.Layers.Types.Mouse.MouseType, Artemis"
                  },
                  "LayerCondition": {
                    "$type": "Artemis.Profiles.Layers.Conditions.DataModelCondition, Artemis"
                  },
                  "LayerAnimation": {
                    "$type": "Artemis.Profiles.Layers.Animations.NoneAnimation, Artemis"
                  },
                  "Name": "Mouse",
                  "Order": 1,
                  "Enabled": true,
                  "Expanded": false,
                  "IsEvent": false,
                  "Properties": {
                    "$type": "Artemis.Profiles.Layers.Models.SimplePropertiesModel, Artemis",
                    "X": 0.0,
                    "Y": 0.0,
                    "Width": 10.0,
                    "Height": 10.0,
                    "Contain": true,
                    "Opacity": 1.0,
                    "AnimationSpeed": 0.25,
                    "Conditions": [],
                    "DynamicProperties": [],
                    "Brush": {
                      "SolidColorBrush": {
                        "@xmlns": "http://schemas.microsoft.com/winfx/2006/xaml/presentation",
                        "#text": "#FFFFFFFF"
                      }
                    }
                  },
                  "EventProperties": null,
                  "Children": []
                },
                {
                  "LayerType": {
                    "$type": "Artemis.Profiles.Layers.Types.Headset.HeadsetType, Artemis"
                  },
                  "LayerCondition": {
                    "$type": "Artemis.Profiles.Layers.Conditions.DataModelCondition, Artemis"
                  },
                  "LayerAnimation": {
                    "$type": "Artemis.Profiles.Layers.Animations.NoneAnimation, Artemis"
                  },
                  "Name": "Headset",
                  "Order": 2,
                  "Enabled": true,
                  "Expanded": false,
                  "IsEvent": false,
                  "Properties": {
                    "$type": "Artemis.Profiles.Layers.Models.SimplePropertiesModel, Artemis",
                    "X": 0.0,
                    "Y": 0.0,
                    "Width": 10.0,
                    "Height": 10.0,
                    "Contain": true,
                    "Opacity": 1.0,
                    "AnimationSpeed": 0.25,
                    "Conditions": [],
                    "DynamicProperties": [],
                    "Brush": {
                      "SolidColorBrush": {
                        "@xmlns": "http://schemas.microsoft.com/winfx/2006/xaml/presentation",
                        "#text": "#FFFFFFFF"
                      }
                    }
                  },
                  "EventProperties": null,
                  "Children": []
                },
                {
                  "LayerType": {
                    "$type": "Artemis.Profiles.Layers.Types.Mousemat.MousematType, Artemis"
                  },
                  "LayerCondition": {
                    "$type": "Artemis.Profiles.Layers.Conditions.DataModelCondition, Artemis"
                  },
                  "LayerAnimation": {
                    "$type": "Artemis.Profiles.Layers.Animations.NoneAnimation, Artemis"
                  },
                  "Name": "Mousemat",
                  "Order": 3,
                  "Enabled": true,
                  "Expanded": false,
                  "IsEvent": false,
                  "Properties": {
                    "$type": "Artemis.Profiles.Layers.Models.SimplePropertiesModel, Artemis",
                    "X": 0.0,
                    "Y": 0.0,
                    "Width": 10.0,
                    "Height": 10.0,
                    "Contain": true,
                    "Opacity": 1.0,
                    "AnimationSpeed": 0.25,
                    "Conditions": [],
                    "DynamicProperties": [],
                    "Brush": {
                      "SolidColorBrush": {
                        "@xmlns": "http://schemas.microsoft.com/winfx/2006/xaml/presentation",
                        "#text": "#FFFFFFFF"
                      }
                    }
                  },
                  "EventProperties": null,
                  "Children": []
                },
                {
                  "LayerType": {
                    "$type": "Artemis.Profiles.Layers.Types.Generic.GenericType, Artemis"
                  },
                  "LayerCondition": {
                    "$type": "Artemis.Profiles.Layers.Conditions.DataModelCondition, Artemis"
                  },
                  "LayerAnimation": {
                    "$type": "Artemis.Profiles.Layers.Animations.NoneAnimation, Artemis"
                  },
                  "Name": "Generic",
                  "Order": 4,
                  "Enabled": true,
                  "Expanded": true,
                  "IsEvent": false,
                  "Properties": {
                    "$type": "Artemis.Profiles.Layers.Models.SimplePropertiesModel, Artemis",
                    "X": 0.0,
                    "Y": 0.0,
                    "Width": 10.0,
                    "Height": 10.0,
                    "Contain": true,
                    "Opacity": 1.0,
                    "AnimationSpeed": 0.25,
                    "Conditions": [],
                    "DynamicProperties": [],
                    "Brush": {
                      "SolidColorBrush": {
                        "@xmlns": "http://schemas.microsoft.com/winfx/2006/xaml/presentation",
                        "#text": "#FFFFFFFF"
                      }
                    }
                  },
                  "EventProperties": null,
                  "Children": []
                }
              ]
            },
            {
              "LayerType": {
                "$type": "Artemis.Profiles.Layers.Types.Folder.FolderType, Artemis"
              },
              "LayerCondition": {
                "$type": "Artemis.Profiles.Layers.Conditions.DataModelCondition, Artemis"
              },
              "LayerAnimation": {
                "$type": "Artemis.Profiles.Layers.Animations.NoneAnimation, Artemis"
              },
              "Name": "Oil pressure",
              "Order": 3,
              "Enabled": true,
              "Expanded": false,
              "IsEvent": false,
              "Properties": {
                "$type": "Artemis.Profiles.Layers.Models.SimplePropertiesModel, Artemis",
                "X": 0.0,
                "Y": 0.0,
                "Width": 1.0,
                "Height": 1.0,
                "Contain": false,
                "Opacity": 1.0,
                "AnimationSpeed": 0.0,
                "Conditions": [
                  {
                    "Field": "Truck.OilPressureWarningOn",
                    "Value": "True",
                    "Operator": "==",
                    "Type": "Boolean"
                  }
                ],
                "DynamicProperties": [],
                "Brush": {
                  "SolidColorBrush": {
                    "@xmlns": "http://schemas.microsoft.com/winfx/2006/xaml/presentation",
                    "#text": "#FFAB00FF"
                  }
                }
              },
              "EventProperties": null,
              "Children": [
                {
                  "LayerType": {
                    "$type": "Artemis.Profiles.Layers.Types.Keyboard.KeyboardType, Artemis"
                  },
                  "LayerCondition": {
                    "$type": "Artemis.Profiles.Layers.Conditions.DataModelCondition, Artemis"
                  },
                  "LayerAnimation": {
                    "$type": "Artemis.Profiles.Layers.Animations.SlideDownAnimation, Artemis"
                  },
                  "Name": "Keyboard",
                  "Order": 0,
                  "Enabled": true,
                  "Expanded": false,
                  "IsEvent": false,
                  "Properties": {
                    "$type": "Artemis.Profiles.Layers.Types.Keyboard.KeyboardPropertiesModel, Artemis",
                    "GifFile": null,
                    "X": 15.0,
                    "Y": 1.0,
                    "Width": 3.0,
                    "Height": 3.0,
                    "Contain": false,
                    "Opacity": 1.0,
                    "AnimationSpeed": 0.25,
                    "Conditions": [],
                    "DynamicProperties": [],
                    "Brush": {
                      "LinearGradientBrush": {
                        "@StartPoint": "0.5,0",
                        "@EndPoint": "0.5,1",
                        "@MappingMode": "RelativeToBoundingBox",
                        "@SpreadMethod": "Pad",
                        "@Opacity": "1",
                        "@xmlns": "http://schemas.microsoft.com/winfx/2006/xaml/presentation",
                        "LinearGradientBrush.GradientStops": {
                          "GradientStop": [
                            {
                              "@Color": "#FFFF0000",
                              "@Offset": "0"
                            },
                            {
                              "@Color": "#FFFF0000",
                              "@Offset": "1"
                            },
                            {
                              "@Color": "#FF000000",
                              "@Offset": "0.48594638003459356"
                            }
                          ]
                        }
                      }
                    }
                  },
                  "EventProperties": null,
                  "Children": []
                },
                {
                  "LayerType": {
                    "$type": "Artemis.Profiles.Layers.Types.Mouse.MouseType, Artemis"
                  },
                  "LayerCondition": {
                    "$type": "Artemis.Profiles.Layers.Conditions.DataModelCondition, Artemis"
                  },
                  "LayerAnimation": {
                    "$type": "Artemis.Profiles.Layers.Animations.SlideDownAnimation, Artemis"
                  },
                  "Name": "Mouse",
                  "Order": 1,
                  "Enabled": true,
                  "Expanded": false,
                  "IsEvent": false,
                  "Properties": {
                    "$type": "Artemis.Profiles.Layers.Models.SimplePropertiesModel, Artemis",
                    "X": 0.0,
                    "Y": 0.0,
                    "Width": 10.0,
                    "Height": 10.0,
                    "Contain": true,
                    "Opacity": 1.0,
                    "AnimationSpeed": 0.25,
                    "Conditions": [],
                    "DynamicProperties": [],
                    "Brush": {
                      "SolidColorBrush": {
                        "@xmlns": "http://schemas.microsoft.com/winfx/2006/xaml/presentation",
                        "#text": "#FFFF0000"
                      }
                    }
                  },
                  "EventProperties": null,
                  "Children": []
                },
                {
                  "LayerType": {
                    "$type": "Artemis.Profiles.Layers.Types.Headset.HeadsetType, Artemis"
                  },
                  "LayerCondition": {
                    "$type": "Artemis.Profiles.Layers.Conditions.DataModelCondition, Artemis"
                  },
                  "LayerAnimation": {
                    "$type": "Artemis.Profiles.Layers.Animations.NoneAnimation, Artemis"
                  },
                  "Name": "Headset",
                  "Order": 2,
                  "Enabled": true,
                  "Expanded": true,
                  "IsEvent": false,
                  "Properties": {
                    "$type": "Artemis.Profiles.Layers.Models.SimplePropertiesModel, Artemis",
                    "X": 0.0,
                    "Y": 0.0,
                    "Width": 10.0,
                    "Height": 10.0,
                    "Contain": true,
                    "Opacity": 1.0,
                    "AnimationSpeed": 0.25,
                    "Conditions": [],
                    "DynamicProperties": [],
                    "Brush": {
                      "SolidColorBrush": {
                        "@xmlns": "http://schemas.microsoft.com/winfx/2006/xaml/presentation",
                        "#text": "#FFFF0000"
                      }
                    }
                  },
                  "EventProperties": null,
                  "Children": []
                },
                {
                  "LayerType": {
                    "$type": "Artemis.Profiles.Layers.Types.Generic.GenericType, Artemis"
                  },
                  "LayerCondition": {
                    "$type": "Artemis.Profiles.Layers.Conditions.DataModelCondition, Artemis"
                  },
                  "LayerAnimation": {
                    "$type": "Artemis.Profiles.Layers.Animations.NoneAnimation, Artemis"
                  },
                  "Name": "Generic",
                  "Order": 4,
                  "Enabled": true,
                  "Expanded": true,
                  "IsEvent": false,
                  "Properties": {
                    "$type": "Artemis.Profiles.Layers.Models.SimplePropertiesModel, Artemis",
                    "X": 0.0,
                    "Y": 0.0,
                    "Width": 10.0,
                    "Height": 10.0,
                    "Contain": true,
                    "Opacity": 1.0,
                    "AnimationSpeed": 0.25,
                    "Conditions": [],
                    "DynamicProperties": [],
                    "Brush": {
                      "SolidColorBrush": {
                        "@xmlns": "http://schemas.microsoft.com/winfx/2006/xaml/presentation",
                        "#text": "#FFFF0000"
                      }
                    }
                  },
                  "EventProperties": null,
                  "Children": []
                },
                {
                  "LayerType": {
                    "$type": "Artemis.Profiles.Layers.Types.Mousemat.MousematType, Artemis"
                  },
                  "LayerCondition": {
                    "$type": "Artemis.Profiles.Layers.Conditions.DataModelCondition, Artemis"
                  },
                  "LayerAnimation": {
                    "$type": "Artemis.Profiles.Layers.Animations.SlideDownAnimation, Artemis"
                  },
                  "Name": "Mousemat",
                  "Order": 3,
                  "Enabled": true,
                  "Expanded": false,
                  "IsEvent": false,
                  "Properties": {
                    "$type": "Artemis.Profiles.Layers.Models.SimplePropertiesModel, Artemis",
                    "X": 0.0,
                    "Y": 0.0,
                    "Width": 10.0,
                    "Height": 10.0,
                    "Contain": true,
                    "Opacity": 1.0,
                    "AnimationSpeed": 0.55,
                    "Conditions": [],
                    "DynamicProperties": [],
                    "Brush": {
                      "LinearGradientBrush": {
                        "@StartPoint": "0.5,0",
                        "@EndPoint": "0.5,1",
                        "@MappingMode": "RelativeToBoundingBox",
                        "@SpreadMethod": "Pad",
                        "@Opacity": "1",
                        "@xmlns": "http://schemas.microsoft.com/winfx/2006/xaml/presentation",
                        "LinearGradientBrush.GradientStops": {
                          "GradientStop": [
                            {
                              "@Color": "#FFFF0000",
                              "@Offset": "0.49295774647887347"
                            },
                            {
                              "@Color": "#FF000000",
                              "@Offset": "0.16901408450704225"
                            },
                            {
                              "@Color": "#FF000000",
                              "@Offset": "0.84507042253521125"
                            }
                          ]
                        }
                      }
                    }
                  },
                  "EventProperties": null,
                  "Children": []
                }
              ]
            },
            {
              "LayerType": {
                "$type": "Artemis.Profiles.Layers.Types.Folder.FolderType, Artemis"
              },
              "LayerCondition": {
                "$type": "Artemis.Profiles.Layers.Conditions.DataModelCondition, Artemis"
              },
              "LayerAnimation": {
                "$type": "Artemis.Profiles.Layers.Animations.NoneAnimation, Artemis"
              },
              "Name": "Water temperature",
              "Order": 4,
              "Enabled": true,
              "Expanded": false,
              "IsEvent": false,
              "Properties": {
                "$type": "Artemis.Profiles.Layers.Models.SimplePropertiesModel, Artemis",
                "X": 0.0,
                "Y": 0.0,
                "Width": 1.0,
                "Height": 1.0,
                "Contain": false,
                "Opacity": 1.0,
                "AnimationSpeed": 0.0,
                "Conditions": [
                  {
                    "Field": "Truck.WaterTemperatureWarningOn",
                    "Value": "True",
                    "Operator": "==",
                    "Type": "Boolean"
                  }
                ],
                "DynamicProperties": [],
                "Brush": {
                  "SolidColorBrush": {
                    "@xmlns": "http://schemas.microsoft.com/winfx/2006/xaml/presentation",
                    "#text": "#FFAB00FF"
                  }
                }
              },
              "EventProperties": null,
              "Children": [
                {
                  "LayerType": {
                    "$type": "Artemis.Profiles.Layers.Types.Keyboard.KeyboardType, Artemis"
                  },
                  "LayerCondition": {
                    "$type": "Artemis.Profiles.Layers.Conditions.DataModelCondition, Artemis"
                  },
                  "LayerAnimation": {
                    "$type": "Artemis.Profiles.Layers.Animations.NoneAnimation, Artemis"
                  },
                  "Name": "Keyboard",
                  "Order": 0,
                  "Enabled": true,
                  "Expanded": true,
                  "IsEvent": false,
                  "Properties": {
                    "$type": "Artemis.Profiles.Layers.Types.Keyboard.KeyboardPropertiesModel, Artemis",
                    "GifFile": null,
                    "X": 15.0,
                    "Y": 1.0,
                    "Width": 3.0,
                    "Height": 3.0,
                    "Contain": false,
                    "Opacity": 1.0,
                    "AnimationSpeed": 0.25,
                    "Conditions": [],
                    "DynamicProperties": [],
                    "Brush": {
                      "SolidColorBrush": {
                        "@xmlns": "http://schemas.microsoft.com/winfx/2006/xaml/presentation",
                        "#text": "#FF004EFF"
                      }
                    }
                  },
                  "EventProperties": null,
                  "Children": []
                },
                {
                  "LayerType": {
                    "$type": "Artemis.Profiles.Layers.Types.Mouse.MouseType, Artemis"
                  },
                  "LayerCondition": {
                    "$type": "Artemis.Profiles.Layers.Conditions.DataModelCondition, Artemis"
                  },
                  "LayerAnimation": {
                    "$type": "Artemis.Profiles.Layers.Animations.NoneAnimation, Artemis"
                  },
                  "Name": "Mouse",
                  "Order": 1,
                  "Enabled": true,
                  "Expanded": true,
                  "IsEvent": false,
                  "Properties": {
                    "$type": "Artemis.Profiles.Layers.Models.SimplePropertiesModel, Artemis",
                    "X": 0.0,
                    "Y": 0.0,
                    "Width": 10.0,
                    "Height": 10.0,
                    "Contain": true,
                    "Opacity": 1.0,
                    "AnimationSpeed": 0.25,
                    "Conditions": [],
                    "DynamicProperties": [],
                    "Brush": {
                      "SolidColorBrush": {
                        "@xmlns": "http://schemas.microsoft.com/winfx/2006/xaml/presentation",
                        "#text": "#FF004EFF"
                      }
                    }
                  },
                  "EventProperties": null,
                  "Children": []
                },
                {
                  "LayerType": {
                    "$type": "Artemis.Profiles.Layers.Types.Headset.HeadsetType, Artemis"
                  },
                  "LayerCondition": {
                    "$type": "Artemis.Profiles.Layers.Conditions.DataModelCondition, Artemis"
                  },
                  "LayerAnimation": {
                    "$type": "Artemis.Profiles.Layers.Animations.NoneAnimation, Artemis"
                  },
                  "Name": "Headset",
                  "Order": 2,
                  "Enabled": true,
                  "Expanded": true,
                  "IsEvent": false,
                  "Properties": {
                    "$type": "Artemis.Profiles.Layers.Models.SimplePropertiesModel, Artemis",
                    "X": 0.0,
                    "Y": 0.0,
                    "Width": 10.0,
                    "Height": 10.0,
                    "Contain": true,
                    "Opacity": 1.0,
                    "AnimationSpeed": 0.25,
                    "Conditions": [],
                    "DynamicProperties": [],
                    "Brush": {
                      "SolidColorBrush": {
                        "@xmlns": "http://schemas.microsoft.com/winfx/2006/xaml/presentation",
                        "#text": "#FF004EFF"
                      }
                    }
                  },
                  "EventProperties": null,
                  "Children": []
                },
                {
                  "LayerType": {
                    "$type": "Artemis.Profiles.Layers.Types.Mousemat.MousematType, Artemis"
                  },
                  "LayerCondition": {
                    "$type": "Artemis.Profiles.Layers.Conditions.DataModelCondition, Artemis"
                  },
                  "LayerAnimation": {
                    "$type": "Artemis.Profiles.Layers.Animations.NoneAnimation, Artemis"
                  },
                  "Name": "Mousemat",
                  "Order": 3,
                  "Enabled": true,
                  "Expanded": true,
                  "IsEvent": false,
                  "Properties": {
                    "$type": "Artemis.Profiles.Layers.Models.SimplePropertiesModel, Artemis",
                    "X": 0.0,
                    "Y": 0.0,
                    "Width": 10.0,
                    "Height": 10.0,
                    "Contain": true,
                    "Opacity": 1.0,
                    "AnimationSpeed": 0.25,
                    "Conditions": [],
                    "DynamicProperties": [],
                    "Brush": {
                      "SolidColorBrush": {
                        "@xmlns": "http://schemas.microsoft.com/winfx/2006/xaml/presentation",
                        "#text": "#FF004EFF"
                      }
                    }
                  },
                  "EventProperties": null,
                  "Children": []
                },
                {
                  "LayerType": {
                    "$type": "Artemis.Profiles.Layers.Types.Generic.GenericType, Artemis"
                  },
                  "LayerCondition": {
                    "$type": "Artemis.Profiles.Layers.Conditions.DataModelCondition, Artemis"
                  },
                  "LayerAnimation": {
                    "$type": "Artemis.Profiles.Layers.Animations.NoneAnimation, Artemis"
                  },
                  "Name": "Generic",
                  "Order": 4,
                  "Enabled": true,
                  "Expanded": false,
                  "IsEvent": false,
                  "Properties": {
                    "$type": "Artemis.Profiles.Layers.Models.SimplePropertiesModel, Artemis",
                    "X": 0.0,
                    "Y": 0.0,
                    "Width": 10.0,
                    "Height": 10.0,
                    "Contain": true,
                    "Opacity": 1.0,
                    "AnimationSpeed": 0.25,
                    "Conditions": [],
                    "DynamicProperties": [],
                    "Brush": {
                      "SolidColorBrush": {
                        "@xmlns": "http://schemas.microsoft.com/winfx/2006/xaml/presentation",
                        "#text": "#FF004EFF"
                      }
                    }
                  },
                  "EventProperties": null,
                  "Children": []
                }
              ]
            }
          ]
        },
        {
          "LayerType": {
            "$type": "Artemis.Profiles.Layers.Types.Folder.FolderType, Artemis"
          },
          "LayerCondition": {
            "$type": "Artemis.Profiles.Layers.Conditions.DataModelCondition, Artemis"
          },
          "LayerAnimation": {
            "$type": "Artemis.Profiles.Layers.Animations.NoneAnimation, Artemis"
          },
          "Name": "Reverse indicator",
          "Order": 3,
          "Enabled": true,
          "Expanded": false,
          "IsEvent": false,
          "Properties": {
            "$type": "Artemis.Profiles.Layers.Models.SimplePropertiesModel, Artemis",
            "X": 0.0,
            "Y": 0.0,
            "Width": 1.0,
            "Height": 1.0,
            "Contain": false,
            "Opacity": 1.0,
            "AnimationSpeed": 0.0,
            "Conditions": [
              {
                "Field": "Truck.LightsReverseOn",
                "Value": "True",
                "Operator": "==",
                "Type": "Boolean"
              }
            ],
            "DynamicProperties": [],
            "Brush": {
              "SolidColorBrush": {
                "@xmlns": "http://schemas.microsoft.com/winfx/2006/xaml/presentation",
                "#text": "#FFFF9900"
              }
            }
          },
          "EventProperties": null,
          "Children": [
            {
              "LayerType": {
                "$type": "Artemis.Profiles.Layers.Types.Keyboard.KeyboardType, Artemis"
              },
              "LayerCondition": {
                "$type": "Artemis.Profiles.Layers.Conditions.DataModelCondition, Artemis"
              },
              "LayerAnimation": {
                "$type": "Artemis.Profiles.Layers.Animations.PulseAnimation, Artemis"
              },
              "Name": "Keyboard bottom",
              "Order": 0,
              "Enabled": true,
              "Expanded": true,
              "IsEvent": false,
              "Properties": {
                "$type": "Artemis.Profiles.Layers.Types.Keyboard.KeyboardPropertiesModel, Artemis",
                "GifFile": null,
                "X": 0.0,
                "Y": 6.0,
                "Width": 18.0,
                "Height": 1.0,
                "Contain": false,
                "Opacity": 1.0,
                "AnimationSpeed": 0.25,
                "Conditions": [],
                "DynamicProperties": [],
                "Brush": {
                  "SolidColorBrush": {
                    "@xmlns": "http://schemas.microsoft.com/winfx/2006/xaml/presentation",
                    "#text": "#FFFF0000"
                  }
                }
              },
              "EventProperties": null,
              "Children": []
            },
            {
              "LayerType": {
                "$type": "Artemis.Profiles.Layers.Types.Mousemat.MousematType, Artemis"
              },
              "LayerCondition": {
                "$type": "Artemis.Profiles.Layers.Conditions.DataModelCondition, Artemis"
              },
              "LayerAnimation": {
                "$type": "Artemis.Profiles.Layers.Animations.PulseAnimation, Artemis"
              },
              "Name": "Mousemat bottom",
              "Order": 1,
              "Enabled": true,
              "Expanded": true,
              "IsEvent": false,
              "Properties": {
                "$type": "Artemis.Profiles.Layers.Models.SimplePropertiesModel, Artemis",
                "X": 0.0,
                "Y": 0.0,
                "Width": 10.0,
                "Height": 10.0,
                "Contain": true,
                "Opacity": 1.0,
                "AnimationSpeed": 0.25,
                "Conditions": [],
                "DynamicProperties": [],
                "Brush": {
                  "LinearGradientBrush": {
                    "@StartPoint": "0.5,0",
                    "@EndPoint": "0.5,1",
                    "@MappingMode": "RelativeToBoundingBox",
                    "@SpreadMethod": "Pad",
                    "@Opacity": "1",
                    "@xmlns": "http://schemas.microsoft.com/winfx/2006/xaml/presentation",
                    "LinearGradientBrush.GradientStops": {
                      "GradientStop": [
                        {
                          "@Color": "#00FF0000",
                          "@Offset": "0.92957746478873249"
                        },
                        {
                          "@Color": "#FFFF0000",
                          "@Offset": "1"
                        }
                      ]
                    }
                  }
                }
              },
              "EventProperties": null,
              "Children": []
            }
          ]
        },
        {
          "LayerType": {
            "$type": "Artemis.Profiles.Layers.Types.Folder.FolderType, Artemis"
          },
          "LayerCondition": {
            "$type": "Artemis.Profiles.Layers.Conditions.DataModelCondition, Artemis"
          },
          "LayerAnimation": {
            "$type": "Artemis.Profiles.Layers.Animations.NoneAnimation, Artemis"
          },
          "Name": "Normal beam",
          "Order": 4,
          "Enabled": true,
          "Expanded": false,
          "IsEvent": false,
          "Properties": {
            "$type": "Artemis.Profiles.Layers.Models.SimplePropertiesModel, Artemis",
            "X": 0.0,
            "Y": 0.0,
            "Width": 1.0,
            "Height": 1.0,
            "Contain": false,
            "Opacity": 1.0,
            "AnimationSpeed": 0.0,
            "Conditions": [
              {
                "Field": "Truck.LightsBeamLowOn",
                "Value": "True",
                "Operator": "==",
                "Type": "Boolean"
              }
            ],
            "DynamicProperties": [],
            "Brush": {
              "SolidColorBrush": {
                "@xmlns": "http://schemas.microsoft.com/winfx/2006/xaml/presentation",
                "#text": "#FFFF5200"
              }
            }
          },
          "EventProperties": null,
          "Children": [
            {
              "LayerType": {
                "$type": "Artemis.Profiles.Layers.Types.Keyboard.KeyboardType, Artemis"
              },
              "LayerCondition": {
                "$type": "Artemis.Profiles.Layers.Conditions.DataModelCondition, Artemis"
              },
              "LayerAnimation": {
                "$type": "Artemis.Profiles.Layers.Animations.NoneAnimation, Artemis"
              },
              "Name": "Keyboard",
              "Order": 0,
              "Enabled": true,
              "Expanded": true,
              "IsEvent": false,
              "Properties": {
                "$type": "Artemis.Profiles.Layers.Types.Keyboard.KeyboardPropertiesModel, Artemis",
                "GifFile": null,
                "X": 0.0,
                "Y": 0.0,
                "Width": 18.0,
                "Height": 7.0,
                "Contain": false,
                "Opacity": 1.0,
                "AnimationSpeed": 0.0,
                "Conditions": [],
                "DynamicProperties": [],
                "Brush": {
                  "SolidColorBrush": {
                    "@xmlns": "http://schemas.microsoft.com/winfx/2006/xaml/presentation",
                    "#text": "#6FFFFFFF"
                  }
                }
              },
              "EventProperties": null,
              "Children": []
            },
            {
              "LayerType": {
                "$type": "Artemis.Profiles.Layers.Types.Headset.HeadsetType, Artemis"
              },
              "LayerCondition": {
                "$type": "Artemis.Profiles.Layers.Conditions.DataModelCondition, Artemis"
              },
              "LayerAnimation": {
                "$type": "Artemis.Profiles.Layers.Animations.NoneAnimation, Artemis"
              },
              "Name": "Headset",
              "Order": 1,
              "Enabled": true,
              "Expanded": true,
              "IsEvent": false,
              "Properties": {
                "$type": "Artemis.Profiles.Layers.Models.SimplePropertiesModel, Artemis",
                "X": 0.0,
                "Y": 0.0,
                "Width": 10.0,
                "Height": 10.0,
                "Contain": true,
                "Opacity": 1.0,
                "AnimationSpeed": 0.0,
                "Conditions": [],
                "DynamicProperties": [],
                "Brush": {
                  "SolidColorBrush": {
                    "@xmlns": "http://schemas.microsoft.com/winfx/2006/xaml/presentation",
                    "#text": "#FFFFFFFF"
                  }
                }
              },
              "EventProperties": null,
              "Children": []
            },
            {
              "LayerType": {
                "$type": "Artemis.Profiles.Layers.Types.Mouse.MouseType, Artemis"
              },
              "LayerCondition": {
                "$type": "Artemis.Profiles.Layers.Conditions.DataModelCondition, Artemis"
              },
              "LayerAnimation": {
                "$type": "Artemis.Profiles.Layers.Animations.NoneAnimation, Artemis"
              },
              "Name": "Mouse",
              "Order": 2,
              "Enabled": true,
              "Expanded": false,
              "IsEvent": false,
              "Properties": {
                "$type": "Artemis.Profiles.Layers.Models.SimplePropertiesModel, Artemis",
                "X": 0.0,
                "Y": 0.0,
                "Width": 10.0,
                "Height": 10.0,
                "Contain": true,
                "Opacity": 1.0,
                "AnimationSpeed": 0.0,
                "Conditions": [],
                "DynamicProperties": [],
                "Brush": {
                  "SolidColorBrush": {
                    "@xmlns": "http://schemas.microsoft.com/winfx/2006/xaml/presentation",
                    "#text": "#FFFFFFFF"
                  }
                }
              },
              "EventProperties": null,
              "Children": []
            },
            {
              "LayerType": {
                "$type": "Artemis.Profiles.Layers.Types.Mousemat.MousematType, Artemis"
              },
              "LayerCondition": {
                "$type": "Artemis.Profiles.Layers.Conditions.DataModelCondition, Artemis"
              },
              "LayerAnimation": {
                "$type": "Artemis.Profiles.Layers.Animations.NoneAnimation, Artemis"
              },
              "Name": "Mousemat",
              "Order": 3,
              "Enabled": true,
              "Expanded": false,
              "IsEvent": false,
              "Properties": {
                "$type": "Artemis.Profiles.Layers.Models.SimplePropertiesModel, Artemis",
                "X": 0.0,
                "Y": 0.0,
                "Width": 10.0,
                "Height": 10.0,
                "Contain": true,
                "Opacity": 1.0,
                "AnimationSpeed": 0.0,
                "Conditions": [],
                "DynamicProperties": [],
                "Brush": {
                  "SolidColorBrush": {
                    "@xmlns": "http://schemas.microsoft.com/winfx/2006/xaml/presentation",
                    "#text": "#FFFFFFFF"
                  }
                }
              },
              "EventProperties": null,
              "Children": []
            },
            {
              "LayerType": {
                "$type": "Artemis.Profiles.Layers.Types.Generic.GenericType, Artemis"
              },
              "LayerCondition": {
                "$type": "Artemis.Profiles.Layers.Conditions.DataModelCondition, Artemis"
              },
              "LayerAnimation": {
                "$type": "Artemis.Profiles.Layers.Animations.NoneAnimation, Artemis"
              },
              "Name": "Generic",
              "Order": 4,
              "Enabled": true,
              "Expanded": false,
              "IsEvent": false,
              "Properties": {
                "$type": "Artemis.Profiles.Layers.Models.SimplePropertiesModel, Artemis",
                "X": 0.0,
                "Y": 0.0,
                "Width": 10.0,
                "Height": 10.0,
                "Contain": true,
                "Opacity": 1.0,
                "AnimationSpeed": 0.0,
                "Conditions": [],
                "DynamicProperties": [],
                "Brush": {
                  "SolidColorBrush": {
                    "@xmlns": "http://schemas.microsoft.com/winfx/2006/xaml/presentation",
                    "#text": "#FFFFFFFF"
                  }
                }
              },
              "EventProperties": null,
              "Children": []
            }
          ]
        },
        {
          "LayerType": {
            "$type": "Artemis.Profiles.Layers.Types.Folder.FolderType, Artemis"
          },
          "LayerCondition": {
            "$type": "Artemis.Profiles.Layers.Conditions.DataModelCondition, Artemis"
          },
          "LayerAnimation": {
            "$type": "Artemis.Profiles.Layers.Animations.NoneAnimation, Artemis"
          },
          "Name": "Parking lights",
          "Order": 5,
          "Enabled": true,
          "Expanded": false,
          "IsEvent": false,
          "Properties": {
            "$type": "Artemis.Profiles.Layers.Models.SimplePropertiesModel, Artemis",
            "X": 0.0,
            "Y": 0.0,
            "Width": 1.0,
            "Height": 1.0,
            "Contain": false,
            "Opacity": 1.0,
            "AnimationSpeed": 0.0,
            "Conditions": [
              {
                "Field": "Truck.LightsParkingOn",
                "Value": "True",
                "Operator": "==",
                "Type": "Boolean"
              }
            ],
            "DynamicProperties": [],
            "Brush": {
              "SolidColorBrush": {
                "@xmlns": "http://schemas.microsoft.com/winfx/2006/xaml/presentation",
                "#text": "#FFFF5200"
              }
            }
          },
          "EventProperties": null,
          "Children": [
            {
              "LayerType": {
                "$type": "Artemis.Profiles.Layers.Types.Keyboard.KeyboardType, Artemis"
              },
              "LayerCondition": {
                "$type": "Artemis.Profiles.Layers.Conditions.DataModelCondition, Artemis"
              },
              "LayerAnimation": {
                "$type": "Artemis.Profiles.Layers.Animations.NoneAnimation, Artemis"
              },
              "Name": "Keyboard",
              "Order": 0,
              "Enabled": true,
              "Expanded": true,
              "IsEvent": false,
              "Properties": {
                "$type": "Artemis.Profiles.Layers.Types.Keyboard.KeyboardPropertiesModel, Artemis",
                "GifFile": null,
                "X": 0.0,
                "Y": 0.0,
                "Width": 18.0,
                "Height": 7.0,
                "Contain": false,
                "Opacity": 1.0,
                "AnimationSpeed": 0.0,
                "Conditions": [],
                "DynamicProperties": [],
                "Brush": {
                  "SolidColorBrush": {
                    "@xmlns": "http://schemas.microsoft.com/winfx/2006/xaml/presentation",
                    "#text": "#6FFFFFFF"
                  }
                }
              },
              "EventProperties": null,
              "Children": []
            },
            {
              "LayerType": {
                "$type": "Artemis.Profiles.Layers.Types.Headset.HeadsetType, Artemis"
              },
              "LayerCondition": {
                "$type": "Artemis.Profiles.Layers.Conditions.DataModelCondition, Artemis"
              },
              "LayerAnimation": {
                "$type": "Artemis.Profiles.Layers.Animations.NoneAnimation, Artemis"
              },
              "Name": "Headset",
              "Order": 1,
              "Enabled": true,
              "Expanded": false,
              "IsEvent": false,
              "Properties": {
                "$type": "Artemis.Profiles.Layers.Models.SimplePropertiesModel, Artemis",
                "X": 0.0,
                "Y": 0.0,
                "Width": 10.0,
                "Height": 10.0,
                "Contain": true,
                "Opacity": 1.0,
                "AnimationSpeed": 0.0,
                "Conditions": [],
                "DynamicProperties": [],
                "Brush": {
                  "SolidColorBrush": {
                    "@xmlns": "http://schemas.microsoft.com/winfx/2006/xaml/presentation",
                    "#text": "#54FFFFFF"
                  }
                }
              },
              "EventProperties": null,
              "Children": []
            },
            {
              "LayerType": {
                "$type": "Artemis.Profiles.Layers.Types.Mouse.MouseType, Artemis"
              },
              "LayerCondition": {
                "$type": "Artemis.Profiles.Layers.Conditions.DataModelCondition, Artemis"
              },
              "LayerAnimation": {
                "$type": "Artemis.Profiles.Layers.Animations.NoneAnimation, Artemis"
              },
              "Name": "Mouse",
              "Order": 2,
              "Enabled": true,
              "Expanded": true,
              "IsEvent": false,
              "Properties": {
                "$type": "Artemis.Profiles.Layers.Models.SimplePropertiesModel, Artemis",
                "X": 0.0,
                "Y": 0.0,
                "Width": 10.0,
                "Height": 10.0,
                "Contain": true,
                "Opacity": 1.0,
                "AnimationSpeed": 0.0,
                "Conditions": [],
                "DynamicProperties": [],
                "Brush": {
                  "SolidColorBrush": {
                    "@xmlns": "http://schemas.microsoft.com/winfx/2006/xaml/presentation",
                    "#text": "#54FFFFFF"
                  }
                }
              },
              "EventProperties": null,
              "Children": []
            },
            {
              "LayerType": {
                "$type": "Artemis.Profiles.Layers.Types.Mousemat.MousematType, Artemis"
              },
              "LayerCondition": {
                "$type": "Artemis.Profiles.Layers.Conditions.DataModelCondition, Artemis"
              },
              "LayerAnimation": {
                "$type": "Artemis.Profiles.Layers.Animations.NoneAnimation, Artemis"
              },
              "Name": "Mousemat",
              "Order": 3,
              "Enabled": true,
              "Expanded": false,
              "IsEvent": false,
              "Properties": {
                "$type": "Artemis.Profiles.Layers.Models.SimplePropertiesModel, Artemis",
                "X": 0.0,
                "Y": 0.0,
                "Width": 10.0,
                "Height": 10.0,
                "Contain": true,
                "Opacity": 1.0,
                "AnimationSpeed": 0.0,
                "Conditions": [],
                "DynamicProperties": [],
                "Brush": {
                  "SolidColorBrush": {
                    "@xmlns": "http://schemas.microsoft.com/winfx/2006/xaml/presentation",
                    "#text": "#54FFFFFF"
                  }
                }
              },
              "EventProperties": null,
              "Children": []
            },
            {
              "LayerType": {
                "$type": "Artemis.Profiles.Layers.Types.Generic.GenericType, Artemis"
              },
              "LayerCondition": {
                "$type": "Artemis.Profiles.Layers.Conditions.DataModelCondition, Artemis"
              },
              "LayerAnimation": {
                "$type": "Artemis.Profiles.Layers.Animations.NoneAnimation, Artemis"
              },
              "Name": "Generic",
              "Order": 4,
              "Enabled": true,
              "Expanded": true,
              "IsEvent": false,
              "Properties": {
                "$type": "Artemis.Profiles.Layers.Models.SimplePropertiesModel, Artemis",
                "X": 0.0,
                "Y": 0.0,
                "Width": 10.0,
                "Height": 10.0,
                "Contain": true,
                "Opacity": 1.0,
                "AnimationSpeed": 0.0,
                "Conditions": [],
                "DynamicProperties": [],
                "Brush": {
                  "SolidColorBrush": {
                    "@xmlns": "http://schemas.microsoft.com/winfx/2006/xaml/presentation",
                    "#text": "#54FFFFFF"
                  }
                }
              },
              "EventProperties": null,
              "Children": []
            }
          ]
        }
      ]
    }
  ],
  "Name": "Default",
  "IsDefault": true,
  "KeyboardSlug": "corsair-k65-rgb",
  "GameName": "EurotruckSimulator2",
  "Width": 18,
  "Height": 7
}