<?xml version="1.0" encoding="utf-16"?>
<ProfileModel xmlns:xsd="http://www.w3.org/2001/XMLSchema" xmlns:xsi="http://www.w3.org/2001/XMLSchema-instance">
  <Layers>
    <LayerModel>
      <Name>Spotify</Name>
      <Order>0</Order>
      <LayerType>Folder</LayerType>
      <Enabled>true</Enabled>
      <Expanded>false</Expanded>
      <Properties xsi:type="KeyboardPropertiesModel">
        <Conditions>
          <LayerConditionModel>
            <Field>Spotify.Running</Field>
            <Value>True</Value>
            <Operator>==</Operator>
            <Type>Boolean</Type>
          </LayerConditionModel>
        </Conditions>
        <Brush xsi:type="SolidColorBrush">
          <Opacity>1</Opacity>
          <Transform xsi:type="MatrixTransform">
            <Matrix>
              <M11>1</M11>
              <M12>0</M12>
              <M21>0</M21>
              <M22>1</M22>
              <OffsetX>0</OffsetX>
              <OffsetY>0</OffsetY>
            </Matrix>
          </Transform>
          <RelativeTransform xsi:type="MatrixTransform">
            <Matrix>
              <M11>1</M11>
              <M12>0</M12>
              <M21>0</M21>
              <M22>1</M22>
              <OffsetX>0</OffsetX>
              <OffsetY>0</OffsetY>
            </Matrix>
          </RelativeTransform>
          <Color>
            <A>255</A>
            <R>136</R>
            <G>255</G>
            <B>0</B>
            <ScA>1</ScA>
            <ScR>0.246201351</ScR>
            <ScG>1</ScG>
            <ScB>0</ScB>
          </Color>
        </Brush>
        <X>0</X>
        <Y>0</Y>
        <Width>1</Width>
        <Height>1</Height>
        <Opacity>1</Opacity>
        <Contain>false</Contain>
        <Animation>None</Animation>
        <AnimationSpeed>0</AnimationSpeed>
        <DynamicProperties />
      </Properties>
      <Children>
        <LayerModel>
          <Name>Track progress</Name>
          <Order>0</Order>
          <LayerType>Keyboard</LayerType>
          <Enabled>true</Enabled>
          <Expanded>false</Expanded>
          <Properties xsi:type="KeyboardPropertiesModel">
            <Conditions />
            <Brush xsi:type="SolidColorBrush">
              <Opacity>1</Opacity>
              <Transform xsi:type="MatrixTransform">
                <Matrix>
                  <M11>1</M11>
                  <M12>0</M12>
                  <M21>0</M21>
                  <M22>1</M22>
                  <OffsetX>0</OffsetX>
                  <OffsetY>0</OffsetY>
                </Matrix>
              </Transform>
              <RelativeTransform xsi:type="MatrixTransform">
                <Matrix>
                  <M11>1</M11>
                  <M12>0</M12>
                  <M21>0</M21>
                  <M22>1</M22>
                  <OffsetX>0</OffsetX>
                  <OffsetY>0</OffsetY>
                </Matrix>
              </RelativeTransform>
              <Color>
                <A>255</A>
                <R>30</R>
                <G>215</G>
                <B>96</B>
                <ScA>1</ScA>
                <ScR>0.0129830325</ScR>
                <ScG>0.6795425</ScG>
                <ScB>0.116970673</ScB>
              </Color>
            </Brush>
            <X>0</X>
            <Y>1</Y>
            <Width>18</Width>
            <Height>1</Height>
            <Opacity>1</Opacity>
            <Contain>false</Contain>
            <Animation>None</Animation>
            <AnimationSpeed>0</AnimationSpeed>
            <DynamicProperties>
              <DynamicPropertiesModel>
                <LayerProperty>Width</LayerProperty>
                <GameProperty>Spotify.SongPercentCompleted</GameProperty>
                <PercentageSource>100</PercentageSource>
                <LayerPropertyType>PercentageOf</LayerPropertyType>
                <LayerPropertyOptions>LeftToRight</LayerPropertyOptions>
              </DynamicPropertiesModel>
            </DynamicProperties>
          </Properties>
          <Children />
        </LayerModel>
        <LayerModel>
          <Name>Track progress BG</Name>
          <Order>1</Order>
          <LayerType>Keyboard</LayerType>
          <Enabled>true</Enabled>
          <Expanded>false</Expanded>
          <Properties xsi:type="KeyboardPropertiesModel">
            <Conditions />
            <Brush xsi:type="SolidColorBrush">
              <Opacity>1</Opacity>
              <Transform xsi:type="MatrixTransform">
                <Matrix>
                  <M11>1</M11>
                  <M12>0</M12>
                  <M21>0</M21>
                  <M22>1</M22>
                  <OffsetX>0</OffsetX>
                  <OffsetY>0</OffsetY>
                </Matrix>
              </Transform>
              <RelativeTransform xsi:type="MatrixTransform">
                <Matrix>
                  <M11>1</M11>
                  <M12>0</M12>
                  <M21>0</M21>
                  <M22>1</M22>
                  <OffsetX>0</OffsetX>
                  <OffsetY>0</OffsetY>
                </Matrix>
              </RelativeTransform>
              <Color>
                <A>255</A>
                <R>0</R>
                <G>0</G>
                <B>0</B>
                <ScA>1</ScA>
                <ScR>0</ScR>
                <ScG>0</ScG>
                <ScB>0</ScB>
              </Color>
            </Brush>
            <X>0</X>
            <Y>1</Y>
            <Width>18</Width>
            <Height>1</Height>
            <Opacity>1</Opacity>
            <Contain>false</Contain>
            <Animation>None</Animation>
            <AnimationSpeed>0</AnimationSpeed>
            <DynamicProperties />
          </Properties>
          <Children />
        </LayerModel>
      </Children>
    </LayerModel>
    <LayerModel>
      <Name>Background</Name>
      <Order>2</Order>
      <LayerType>Keyboard</LayerType>
      <Enabled>true</Enabled>
      <Expanded>false</Expanded>
      <Properties xsi:type="KeyboardPropertiesModel">
        <Conditions />
        <Brush xsi:type="LinearGradientBrush">
          <Opacity>1</Opacity>
          <Transform xsi:type="MatrixTransform">
            <Matrix>
              <M11>1</M11>
              <M12>0</M12>
              <M21>0</M21>
              <M22>1</M22>
              <OffsetX>0</OffsetX>
              <OffsetY>0</OffsetY>
            </Matrix>
          </Transform>
          <RelativeTransform xsi:type="MatrixTransform">
            <Matrix>
              <M11>1</M11>
              <M12>0</M12>
              <M21>0</M21>
              <M22>1</M22>
              <OffsetX>0</OffsetX>
              <OffsetY>0</OffsetY>
            </Matrix>
          </RelativeTransform>
          <ColorInterpolationMode>SRgbLinearInterpolation</ColorInterpolationMode>
          <MappingMode>RelativeToBoundingBox</MappingMode>
          <SpreadMethod>Pad</SpreadMethod>
          <GradientStops>
            <GradientStop>
              <Color>
                <A>255</A>
                <R>7</R>
                <G>144</G>
                <B>142</B>
                <ScA>1</ScA>
                <ScR>0.00212468882</ScR>
                <ScG>0.2788943</ScG>
                <ScB>0.270497829</ScB>
              </Color>
              <Offset>0.077464788732394374</Offset>
            </GradientStop>
            <GradientStop>
              <Color>
                <A>255</A>
                <R>7</R>
                <G>144</G>
                <B>142</B>
                <ScA>1</ScA>
                <ScR>0.00212468882</ScR>
                <ScG>0.2788943</ScG>
                <ScB>0.270497829</ScB>
              </Color>
              <Offset>0.86619718309859106</Offset>
            </GradientStop>
            <GradientStop>
              <Color>
                <A>255</A>
                <R>215</R>
                <G>215</G>
                <B>215</B>
                <ScA>1</ScA>
                <ScR>0.6795425</ScR>
                <ScG>0.6795425</ScG>
                <ScB>0.6795425</ScB>
              </Color>
              <Offset>0.46830985915492956</Offset>
            </GradientStop>
          </GradientStops>
          <StartPoint>
            <X>0</X>
            <Y>0</Y>
          </StartPoint>
          <EndPoint>
            <X>1</X>
            <Y>1</Y>
          </EndPoint>
        </Brush>
        <X>0</X>
        <Y>0</Y>
        <Width>21</Width>
        <Height>7</Height>
        <Opacity>1</Opacity>
        <Contain>false</Contain>
        <Animation>SlideRight</Animation>
        <AnimationSpeed>0.25</AnimationSpeed>
        <DynamicProperties />
      </Properties>
      <Children />
    </LayerModel>
    <LayerModel>
      <Name>CPU usage</Name>
      <Order>1</Order>
      <LayerType>Folder</LayerType>
      <Enabled>false</Enabled>
      <Expanded>false</Expanded>
      <Properties xsi:type="KeyboardPropertiesModel">
        <Conditions />
        <Brush xsi:type="SolidColorBrush">
          <Opacity>1</Opacity>
          <Transform xsi:type="MatrixTransform">
            <Matrix>
              <M11>1</M11>
              <M12>0</M12>
              <M21>0</M21>
              <M22>1</M22>
              <OffsetX>0</OffsetX>
              <OffsetY>0</OffsetY>
            </Matrix>
          </Transform>
          <RelativeTransform xsi:type="MatrixTransform">
            <Matrix>
              <M11>1</M11>
              <M12>0</M12>
              <M21>0</M21>
              <M22>1</M22>
              <OffsetX>0</OffsetX>
              <OffsetY>0</OffsetY>
            </Matrix>
          </RelativeTransform>
          <Color>
            <A>255</A>
            <R>255</R>
            <G>0</G>
            <B>40</B>
            <ScA>1</ScA>
            <ScR>1</ScR>
            <ScG>0</ScG>
            <ScB>0.0212190114</ScB>
          </Color>
        </Brush>
        <X>0</X>
        <Y>0</Y>
        <Width>1</Width>
        <Height>1</Height>
        <Opacity>1</Opacity>
        <Contain>false</Contain>
        <Animation>None</Animation>
        <AnimationSpeed>0</AnimationSpeed>
        <DynamicProperties />
      </Properties>
      <Children>
        <LayerModel>
          <Name>Core 1</Name>
          <Order>0</Order>
          <LayerType>Keyboard</LayerType>
          <Enabled>true</Enabled>
          <Expanded>false</Expanded>
          <Properties xsi:type="KeyboardPropertiesModel">
            <Conditions />
            <Brush xsi:type="LinearGradientBrush">
              <Opacity>1</Opacity>
              <Transform xsi:type="MatrixTransform">
                <Matrix>
                  <M11>1</M11>
                  <M12>0</M12>
                  <M21>0</M21>
                  <M22>1</M22>
                  <OffsetX>0</OffsetX>
                  <OffsetY>0</OffsetY>
                </Matrix>
              </Transform>
              <RelativeTransform xsi:type="MatrixTransform">
                <Matrix>
                  <M11>1</M11>
                  <M12>0</M12>
                  <M21>0</M21>
                  <M22>1</M22>
                  <OffsetX>0</OffsetX>
                  <OffsetY>0</OffsetY>
                </Matrix>
              </RelativeTransform>
              <ColorInterpolationMode>SRgbLinearInterpolation</ColorInterpolationMode>
              <MappingMode>RelativeToBoundingBox</MappingMode>
              <SpreadMethod>Pad</SpreadMethod>
              <GradientStops>
                <GradientStop>
                  <Color>
                    <A>255</A>
                    <R>98</R>
                    <G>255</G>
                    <B>0</B>
                    <ScA>1</ScA>
                    <ScR>0.122138776</ScR>
                    <ScG>1</ScG>
                    <ScB>0</ScB>
                  </Color>
                  <Offset>1</Offset>
                </GradientStop>
                <GradientStop>
                  <Color>
                    <A>255</A>
                    <R>255</R>
                    <G>0</G>
                    <B>0</B>
                    <ScA>1</ScA>
                    <ScR>1</ScR>
                    <ScG>0</ScG>
                    <ScB>0</ScB>
                  </Color>
                  <Offset>0</Offset>
                </GradientStop>
                <GradientStop>
                  <Color>
                    <A>255</A>
                    <R>255</R>
                    <G>211</G>
                    <B>0</B>
                    <ScA>1</ScA>
                    <ScR>1</ScR>
                    <ScG>0.651405632</ScG>
                    <ScB>0</ScB>
                  </Color>
                  <Offset>0.5</Offset>
                </GradientStop>
              </GradientStops>
              <StartPoint>
                <X>0.5</X>
                <Y>0</Y>
              </StartPoint>
              <EndPoint>
                <X>0.5</X>
                <Y>1</Y>
              </EndPoint>
            </Brush>
            <X>14</X>
            <Y>2</Y>
            <Width>1</Width>
            <Height>5</Height>
            <Opacity>1</Opacity>
            <Contain>false</Contain>
            <Animation>None</Animation>
            <AnimationSpeed>0</AnimationSpeed>
            <DynamicProperties>
              <DynamicPropertiesModel>
                <LayerProperty>Height</LayerProperty>
                <GameProperty>Cpu.Core1Usage</GameProperty>
                <PercentageSource>100</PercentageSource>
                <LayerPropertyType>PercentageOf</LayerPropertyType>
                <LayerPropertyOptions>Downwards</LayerPropertyOptions>
              </DynamicPropertiesModel>
            </DynamicProperties>
          </Properties>
          <Children />
        </LayerModel>
        <LayerModel>
          <Name>Core 4</Name>
          <Order>3</Order>
          <LayerType>Keyboard</LayerType>
          <Enabled>true</Enabled>
          <Expanded>false</Expanded>
          <Properties xsi:type="KeyboardPropertiesModel">
            <Conditions />
            <Brush xsi:type="LinearGradientBrush">
              <Opacity>1</Opacity>
              <Transform xsi:type="MatrixTransform">
                <Matrix>
                  <M11>1</M11>
                  <M12>0</M12>
                  <M21>0</M21>
                  <M22>1</M22>
                  <OffsetX>0</OffsetX>
                  <OffsetY>0</OffsetY>
                </Matrix>
              </Transform>
              <RelativeTransform xsi:type="MatrixTransform">
                <Matrix>
                  <M11>1</M11>
                  <M12>0</M12>
                  <M21>0</M21>
                  <M22>1</M22>
                  <OffsetX>0</OffsetX>
                  <OffsetY>0</OffsetY>
                </Matrix>
              </RelativeTransform>
              <ColorInterpolationMode>SRgbLinearInterpolation</ColorInterpolationMode>
              <MappingMode>RelativeToBoundingBox</MappingMode>
              <SpreadMethod>Pad</SpreadMethod>
              <GradientStops>
                <GradientStop>
                  <Color>
                    <A>255</A>
                    <R>98</R>
                    <G>255</G>
                    <B>0</B>
                    <ScA>1</ScA>
                    <ScR>0.122138776</ScR>
                    <ScG>1</ScG>
                    <ScB>0</ScB>
                  </Color>
                  <Offset>1</Offset>
                </GradientStop>
                <GradientStop>
                  <Color>
                    <A>255</A>
                    <R>255</R>
                    <G>0</G>
                    <B>0</B>
                    <ScA>1</ScA>
                    <ScR>1</ScR>
                    <ScG>0</ScG>
                    <ScB>0</ScB>
                  </Color>
                  <Offset>0</Offset>
                </GradientStop>
                <GradientStop>
                  <Color>
                    <A>255</A>
                    <R>255</R>
                    <G>211</G>
                    <B>0</B>
                    <ScA>1</ScA>
                    <ScR>1</ScR>
                    <ScG>0.651405632</ScG>
                    <ScB>0</ScB>
                  </Color>
                  <Offset>0.5</Offset>
                </GradientStop>
              </GradientStops>
              <StartPoint>
                <X>0.5</X>
                <Y>0</Y>
              </StartPoint>
              <EndPoint>
                <X>0.5</X>
                <Y>1</Y>
              </EndPoint>
            </Brush>
            <X>17</X>
            <Y>2</Y>
            <Width>1</Width>
            <Height>5</Height>
            <Opacity>1</Opacity>
            <Contain>false</Contain>
            <Animation>None</Animation>
            <AnimationSpeed>0</AnimationSpeed>
            <DynamicProperties>
              <DynamicPropertiesModel>
                <LayerProperty>Height</LayerProperty>
                <GameProperty>Cpu.Core4Usage</GameProperty>
                <PercentageSource>100</PercentageSource>
                <LayerPropertyType>PercentageOf</LayerPropertyType>
                <LayerPropertyOptions>Downwards</LayerPropertyOptions>
              </DynamicPropertiesModel>
            </DynamicProperties>
          </Properties>
          <Children />
        </LayerModel>
        <LayerModel>
          <Name>Core 3</Name>
          <Order>2</Order>
          <LayerType>Keyboard</LayerType>
          <Enabled>true</Enabled>
          <Expanded>false</Expanded>
          <Properties xsi:type="KeyboardPropertiesModel">
            <Conditions />
            <Brush xsi:type="LinearGradientBrush">
              <Opacity>1</Opacity>
              <Transform xsi:type="MatrixTransform">
                <Matrix>
                  <M11>1</M11>
                  <M12>0</M12>
                  <M21>0</M21>
                  <M22>1</M22>
                  <OffsetX>0</OffsetX>
                  <OffsetY>0</OffsetY>
                </Matrix>
              </Transform>
              <RelativeTransform xsi:type="MatrixTransform">
                <Matrix>
                  <M11>1</M11>
                  <M12>0</M12>
                  <M21>0</M21>
                  <M22>1</M22>
                  <OffsetX>0</OffsetX>
                  <OffsetY>0</OffsetY>
                </Matrix>
              </RelativeTransform>
              <ColorInterpolationMode>SRgbLinearInterpolation</ColorInterpolationMode>
              <MappingMode>RelativeToBoundingBox</MappingMode>
              <SpreadMethod>Pad</SpreadMethod>
              <GradientStops>
                <GradientStop>
                  <Color>
                    <A>255</A>
                    <R>98</R>
                    <G>255</G>
                    <B>0</B>
                    <ScA>1</ScA>
                    <ScR>0.122138776</ScR>
                    <ScG>1</ScG>
                    <ScB>0</ScB>
                  </Color>
                  <Offset>1</Offset>
                </GradientStop>
                <GradientStop>
                  <Color>
                    <A>255</A>
                    <R>255</R>
                    <G>0</G>
                    <B>0</B>
                    <ScA>1</ScA>
                    <ScR>1</ScR>
                    <ScG>0</ScG>
                    <ScB>0</ScB>
                  </Color>
                  <Offset>0</Offset>
                </GradientStop>
                <GradientStop>
                  <Color>
                    <A>255</A>
                    <R>255</R>
                    <G>211</G>
                    <B>0</B>
                    <ScA>1</ScA>
                    <ScR>1</ScR>
                    <ScG>0.651405632</ScG>
                    <ScB>0</ScB>
                  </Color>
                  <Offset>0.5</Offset>
                </GradientStop>
              </GradientStops>
              <StartPoint>
                <X>0.5</X>
                <Y>0</Y>
              </StartPoint>
              <EndPoint>
                <X>0.5</X>
                <Y>1</Y>
              </EndPoint>
            </Brush>
            <X>16</X>
            <Y>2</Y>
            <Width>1</Width>
            <Height>5</Height>
            <Opacity>1</Opacity>
            <Contain>false</Contain>
            <Animation>None</Animation>
            <AnimationSpeed>0</AnimationSpeed>
            <DynamicProperties>
              <DynamicPropertiesModel>
                <LayerProperty>Height</LayerProperty>
                <GameProperty>Cpu.Core3Usage</GameProperty>
                <PercentageSource>100</PercentageSource>
                <LayerPropertyType>PercentageOf</LayerPropertyType>
                <LayerPropertyOptions>Downwards</LayerPropertyOptions>
              </DynamicPropertiesModel>
            </DynamicProperties>
          </Properties>
          <Children />
        </LayerModel>
        <LayerModel>
          <Name>Core 2</Name>
          <Order>1</Order>
          <LayerType>Keyboard</LayerType>
          <Enabled>true</Enabled>
          <Expanded>false</Expanded>
          <Properties xsi:type="KeyboardPropertiesModel">
            <Conditions />
            <Brush xsi:type="LinearGradientBrush">
              <Opacity>1</Opacity>
              <Transform xsi:type="MatrixTransform">
                <Matrix>
                  <M11>1</M11>
                  <M12>0</M12>
                  <M21>0</M21>
                  <M22>1</M22>
                  <OffsetX>0</OffsetX>
                  <OffsetY>0</OffsetY>
                </Matrix>
              </Transform>
              <RelativeTransform xsi:type="MatrixTransform">
                <Matrix>
                  <M11>1</M11>
                  <M12>0</M12>
                  <M21>0</M21>
                  <M22>1</M22>
                  <OffsetX>0</OffsetX>
                  <OffsetY>0</OffsetY>
                </Matrix>
              </RelativeTransform>
              <ColorInterpolationMode>SRgbLinearInterpolation</ColorInterpolationMode>
              <MappingMode>RelativeToBoundingBox</MappingMode>
              <SpreadMethod>Pad</SpreadMethod>
              <GradientStops>
                <GradientStop>
                  <Color>
                    <A>255</A>
                    <R>98</R>
                    <G>255</G>
                    <B>0</B>
                    <ScA>1</ScA>
                    <ScR>0.122138776</ScR>
                    <ScG>1</ScG>
                    <ScB>0</ScB>
                  </Color>
                  <Offset>1</Offset>
                </GradientStop>
                <GradientStop>
                  <Color>
                    <A>255</A>
                    <R>255</R>
                    <G>0</G>
                    <B>0</B>
                    <ScA>1</ScA>
                    <ScR>1</ScR>
                    <ScG>0</ScG>
                    <ScB>0</ScB>
                  </Color>
                  <Offset>0</Offset>
                </GradientStop>
                <GradientStop>
                  <Color>
                    <A>255</A>
                    <R>255</R>
                    <G>211</G>
                    <B>0</B>
                    <ScA>1</ScA>
                    <ScR>1</ScR>
                    <ScG>0.651405632</ScG>
                    <ScB>0</ScB>
                  </Color>
                  <Offset>0.5</Offset>
                </GradientStop>
              </GradientStops>
              <StartPoint>
                <X>0.5</X>
                <Y>0</Y>
              </StartPoint>
              <EndPoint>
                <X>0.5</X>
                <Y>1</Y>
              </EndPoint>
            </Brush>
            <X>15</X>
            <Y>2</Y>
            <Width>1</Width>
            <Height>5</Height>
            <Opacity>1</Opacity>
            <Contain>false</Contain>
            <Animation>None</Animation>
            <AnimationSpeed>0</AnimationSpeed>
            <DynamicProperties>
              <DynamicPropertiesModel>
                <LayerProperty>Height</LayerProperty>
                <GameProperty>Cpu.Core2Usage</GameProperty>
                <PercentageSource>100</PercentageSource>
                <LayerPropertyType>PercentageOf</LayerPropertyType>
                <LayerPropertyOptions>Downwards</LayerPropertyOptions>
              </DynamicPropertiesModel>
            </DynamicProperties>
          </Properties>
          <Children />
        </LayerModel>
        <LayerModel>
          <Name>Background</Name>
          <Order>4</Order>
          <LayerType>Keyboard</LayerType>
          <Enabled>true</Enabled>
          <Expanded>false</Expanded>
          <Properties xsi:type="KeyboardPropertiesModel">
            <Conditions />
            <Brush xsi:type="SolidColorBrush">
              <Opacity>1</Opacity>
              <Transform xsi:type="MatrixTransform">
                <Matrix>
                  <M11>1</M11>
                  <M12>0</M12>
                  <M21>0</M21>
                  <M22>1</M22>
                  <OffsetX>0</OffsetX>
                  <OffsetY>0</OffsetY>
                </Matrix>
              </Transform>
              <RelativeTransform xsi:type="MatrixTransform">
                <Matrix>
                  <M11>1</M11>
                  <M12>0</M12>
                  <M21>0</M21>
                  <M22>1</M22>
                  <OffsetX>0</OffsetX>
                  <OffsetY>0</OffsetY>
                </Matrix>
              </RelativeTransform>
              <Color>
                <A>255</A>
                <R>0</R>
                <G>0</G>
                <B>0</B>
                <ScA>1</ScA>
                <ScR>0</ScR>
                <ScG>0</ScG>
                <ScB>0</ScB>
              </Color>
            </Brush>
            <X>14</X>
            <Y>2</Y>
            <Width>4</Width>
            <Height>5</Height>
            <Opacity>1</Opacity>
            <Contain>false</Contain>
            <Animation>None</Animation>
            <AnimationSpeed>0</AnimationSpeed>
            <DynamicProperties />
          </Properties>
          <Children />
        </LayerModel>
      </Children>
    </LayerModel>
  </Layers>
  <Name>Default</Name>
  <IsDefault>true</IsDefault>
  <KeyboardSlug>corsair-k65-rgb</KeyboardSlug>
  <GameName>WindowsProfile</GameName>
</ProfileModel>