{
  "Layers": [
    {
      "LayerType": {
        "$type": "Artemis.Profiles.Layers.Types.KeyPress.KeyPressType, Artemis",
        "TempBrush": null
      },
      "LayerCondition": {
        "$type": "Artemis.Profiles.Layers.Conditions.DataModelCondition, Artemis"
      },
      "LayerAnimation": {
        "$type": "Artemis.Profiles.Layers.Animations.NoneAnimation, Artemis"
      },
      "Name": "Type wave - solid",
      "Order": 0,
      "Enabled": true,
      "Expanded": false,
      "IsEvent": false,
      "Properties": {
        "$type": "Artemis.Profiles.Layers.Types.KeyPress.KeyPressPropertiesModel, Artemis",
        "Scale": 10,
        "RandomColor": false,
        "X": 0.0,
        "Y": 0.0,
        "Width": 21.0,
        "Height": 6.0,
        "Contain": true,
        "Opacity": 1.0,
        "AnimationSpeed": 1.4,
        "Conditions": [],
        "DynamicProperties": [],
        "Brush": {
          "RadialGradientBrush": {
            "@Center": "0.5,0.5",
            "@RadiusX": "0.5",
            "@RadiusY": "0.5",
            "@GradientOrigin": "0.5,0.5",
            "@MappingMode": "RelativeToBoundingBox",
            "@SpreadMethod": "Pad",
            "@Opacity": "1",
            "@xmlns": "http://schemas.microsoft.com/winfx/2006/xaml/presentation",
            "RadialGradientBrush.GradientStops": {
              "GradientStop": [
                {
                  "@Color": "#00FFFFFF",
                  "@Offset": "0.734037558685446"
                },
                {
                  "@Color": "#FFFFFFFF",
                  "@Offset": "0.73081912527798365"
                }
              ]
            }
          }
        }
      },
      "EventProperties": null,
      "Children": []
    },
    {
      "LayerType": {
        "$type": "Artemis.Profiles.Layers.Types.Folder.FolderType, Artemis"
      },
      "LayerCondition": {
        "$type": "Artemis.Profiles.Layers.Conditions.DataModelCondition, Artemis"
      },
      "LayerAnimation": {
        "$type": "Artemis.Profiles.Layers.Animations.NoneAnimation, Artemis"
      },
      "Name": "Background",
      "Order": 3,
      "Enabled": true,
      "Expanded": false,
      "IsEvent": false,
      "Properties": {
        "$type": "Artemis.Profiles.Layers.Models.SimplePropertiesModel, Artemis",
        "X": 0.0,
        "Y": 0.0,
        "Width": 1.0,
        "Height": 1.0,
        "Contain": false,
        "Opacity": 1.0,
        "AnimationSpeed": 0.0,
        "Conditions": [],
        "DynamicProperties": [],
        "Brush": {
          "SolidColorBrush": {
            "@xmlns": "http://schemas.microsoft.com/winfx/2006/xaml/presentation",
            "#text": "#FFFF00A1"
          }
        }
      },
      "EventProperties": null,
      "Children": [
        {
          "LayerType": {
            "$type": "Artemis.Profiles.Layers.Types.Headset.HeadsetType, Artemis"
          },
          "LayerCondition": {
            "$type": "Artemis.Profiles.Layers.Conditions.DataModelCondition, Artemis"
          },
          "LayerAnimation": {
            "$type": "Artemis.Profiles.Layers.Animations.SlideRightAnimation, Artemis"
          },
          "Name": "Background - headset",
          "Order": 1,
          "Enabled": true,
          "Expanded": true,
          "IsEvent": false,
          "Properties": {
            "$type": "Artemis.Profiles.Layers.Models.SimplePropertiesModel, Artemis",
            "X": 0.0,
            "Y": 0.0,
            "Width": 10.0,
            "Height": 10.0,
            "Contain": true,
            "Opacity": 1.0,
            "AnimationSpeed": 0.25,
            "Conditions": [],
            "DynamicProperties": [],
            "Brush": {
              "LinearGradientBrush": {
                "@StartPoint": "0,0",
                "@EndPoint": "1,0",
                "@MappingMode": "RelativeToBoundingBox",
                "@SpreadMethod": "Pad",
                "@Opacity": "1",
                "@xmlns": "http://schemas.microsoft.com/winfx/2006/xaml/presentation",
                "LinearGradientBrush.GradientStops": {
                  "GradientStop": [
                    {
                      "@Color": "#FF07908E",
                      "@Offset": "0.077464788732394374"
                    },
                    {
                      "@Color": "#FF07908E",
                      "@Offset": "0.89436619718309851"
                    },
                    {
                      "@Color": "#FF69FF1D",
                      "@Offset": "0.309581171237954"
                    },
                    {
                      "@Color": "#FFFFCB10",
                      "@Offset": "0.50935878428465531"
                    },
                    {
                      "@Color": "#FF9C00FF",
                      "@Offset": "0.70820978502594523"
                    }
                  ]
                }
              }
            }
          },
          "EventProperties": null,
          "Children": []
        },
        {
          "LayerType": {
            "$type": "Artemis.Profiles.Layers.Types.Mouse.MouseType, Artemis"
          },
          "LayerCondition": {
            "$type": "Artemis.Profiles.Layers.Conditions.DataModelCondition, Artemis"
          },
          "LayerAnimation": {
            "$type": "Artemis.Profiles.Layers.Animations.SlideRightAnimation, Artemis"
          },
          "Name": "Background - mouse",
          "Order": 2,
          "Enabled": true,
          "Expanded": false,
          "IsEvent": false,
          "Properties": {
            "$type": "Artemis.Profiles.Layers.Models.SimplePropertiesModel, Artemis",
            "X": 0.0,
            "Y": 0.0,
            "Width": 10.0,
            "Height": 10.0,
            "Contain": true,
            "Opacity": 1.0,
            "AnimationSpeed": 0.25,
            "Conditions": [],
            "DynamicProperties": [],
            "Brush": {
              "LinearGradientBrush": {
                "@StartPoint": "0,0",
                "@EndPoint": "1,0",
                "@MappingMode": "RelativeToBoundingBox",
                "@SpreadMethod": "Pad",
                "@Opacity": "1",
                "@xmlns": "http://schemas.microsoft.com/winfx/2006/xaml/presentation",
                "LinearGradientBrush.GradientStops": {
                  "GradientStop": [
                    {
                      "@Color": "#FF07908E",
                      "@Offset": "0.077464788732394374"
                    },
                    {
                      "@Color": "#FF07908E",
                      "@Offset": "0.89436619718309851"
                    },
                    {
                      "@Color": "#FF69FF1D",
                      "@Offset": "0.309581171237954"
                    },
                    {
                      "@Color": "#FFFFCB10",
                      "@Offset": "0.50935878428465531"
                    },
                    {
                      "@Color": "#FF9C00FF",
                      "@Offset": "0.70820978502594523"
                    }
                  ]
                }
              }
            }
          },
          "EventProperties": null,
          "Children": []
        },
        {
          "LayerType": {
            "$type": "Artemis.Profiles.Layers.Types.Generic.GenericType, Artemis"
          },
          "LayerCondition": {
            "$type": "Artemis.Profiles.Layers.Conditions.DataModelCondition, Artemis"
          },
          "LayerAnimation": {
            "$type": "Artemis.Profiles.Layers.Animations.SlideRightAnimation, Artemis"
          },
          "Name": "Background - generic",
          "Order": 3,
          "Enabled": true,
          "Expanded": false,
          "IsEvent": false,
          "Properties": {
            "$type": "Artemis.Profiles.Layers.Models.SimplePropertiesModel, Artemis",
            "X": 0.0,
            "Y": 0.0,
            "Width": 10.0,
            "Height": 10.0,
            "Contain": true,
            "Opacity": 1.0,
            "AnimationSpeed": 0.25,
            "Conditions": [],
            "DynamicProperties": [],
            "Brush": {
              "LinearGradientBrush": {
                "@StartPoint": "0,0",
                "@EndPoint": "1,0",
                "@MappingMode": "RelativeToBoundingBox",
                "@SpreadMethod": "Pad",
                "@Opacity": "1",
                "@xmlns": "http://schemas.microsoft.com/winfx/2006/xaml/presentation",
                "LinearGradientBrush.GradientStops": {
                  "GradientStop": [
                    {
                      "@Color": "#FF07908E",
                      "@Offset": "0.077464788732394374"
                    },
                    {
                      "@Color": "#FF07908E",
                      "@Offset": "0.89436619718309851"
                    },
                    {
                      "@Color": "#FF69FF1D",
                      "@Offset": "0.309581171237954"
                    },
                    {
                      "@Color": "#FFFFCB10",
                      "@Offset": "0.50935878428465531"
                    },
                    {
                      "@Color": "#FF9C00FF",
                      "@Offset": "0.70820978502594523"
                    }
                  ]
                }
              }
            }
          },
          "EventProperties": null,
          "Children": []
        },
        {
          "LayerType": {
            "$type": "Artemis.Profiles.Layers.Types.Mousemat.MousematType, Artemis"
          },
          "LayerCondition": {
            "$type": "Artemis.Profiles.Layers.Conditions.DataModelCondition, Artemis"
          },
          "LayerAnimation": {
            "$type": "Artemis.Profiles.Layers.Animations.SlideRightAnimation, Artemis"
          },
          "Name": "Background - mousemat",
          "Order": 4,
          "Enabled": true,
          "Expanded": false,
          "IsEvent": false,
          "Properties": {
            "$type": "Artemis.Profiles.Layers.Models.SimplePropertiesModel, Artemis",
            "X": 0.0,
            "Y": 0.0,
            "Width": 10.0,
            "Height": 10.0,
            "Contain": true,
            "Opacity": 1.0,
            "AnimationSpeed": 0.25,
            "Conditions": [],
            "DynamicProperties": [],
            "Brush": {
              "LinearGradientBrush": {
                "@StartPoint": "0,0",
                "@EndPoint": "1,0",
                "@MappingMode": "RelativeToBoundingBox",
                "@SpreadMethod": "Pad",
                "@Opacity": "1",
                "@xmlns": "http://schemas.microsoft.com/winfx/2006/xaml/presentation",
                "LinearGradientBrush.GradientStops": {
                  "GradientStop": [
                    {
                      "@Color": "#FF07908E",
                      "@Offset": "0.077464788732394374"
                    },
                    {
                      "@Color": "#FF07908E",
                      "@Offset": "0.89436619718309851"
                    },
                    {
                      "@Color": "#FF69FF1D",
                      "@Offset": "0.309581171237954"
                    },
                    {
                      "@Color": "#FFFFCB10",
                      "@Offset": "0.50935878428465531"
                    },
                    {
                      "@Color": "#FF9C00FF",
                      "@Offset": "0.70820978502594523"
                    }
                  ]
                }
              }
            }
          },
          "EventProperties": null,
          "Children": []
        },
        {
          "LayerType": {
            "$type": "Artemis.Profiles.Layers.Types.Keyboard.KeyboardType, Artemis"
          },
          "LayerCondition": {
            "$type": "Artemis.Profiles.Layers.Conditions.DataModelCondition, Artemis"
          },
          "LayerAnimation": {
            "$type": "Artemis.Profiles.Layers.Animations.SlideRightAnimation, Artemis"
          },
          "Name": "Background - keyboard",
          "Order": 0,
          "Enabled": true,
          "Expanded": false,
          "IsEvent": false,
          "Properties": {
            "$type": "Artemis.Profiles.Layers.Types.Keyboard.KeyboardPropertiesModel, Artemis",
            "GifFile": null,
            "X": 0.0,
            "Y": 0.0,
            "Width": 21.0,
            "Height": 6.0,
            "Contain": false,
            "Opacity": 1.0,
            "AnimationSpeed": 0.25,
            "Conditions": [],
            "DynamicProperties": [],
            "Brush": {
              "LinearGradientBrush": {
                "@StartPoint": "0,0",
                "@EndPoint": "1,1",
                "@MappingMode": "RelativeToBoundingBox",
                "@SpreadMethod": "Pad",
                "@Opacity": "1",
                "@xmlns": "http://schemas.microsoft.com/winfx/2006/xaml/presentation",
                "LinearGradientBrush.GradientStops": {
                  "GradientStop": [
                    {
                      "@Color": "#FF07908E",
                      "@Offset": "0.077464788732394374"
                    },
                    {
                      "@Color": "#FF07908E",
                      "@Offset": "0.89436619718309851"
                    },
                    {
                      "@Color": "#FF69FF1D",
                      "@Offset": "0.309581171237954"
                    },
                    {
                      "@Color": "#FFFFCB10",
                      "@Offset": "0.50935878428465531"
                    },
                    {
                      "@Color": "#FF9C00FF",
                      "@Offset": "0.70820978502594523"
                    }
                  ]
                }
              }
            }
          },
          "EventProperties": null,
          "Children": []
        }
      ]
    },
    {
      "LayerType": {
        "$type": "Artemis.Profiles.Layers.Types.KeyPress.KeyPressType, Artemis",
        "TempBrush": null
      },
      "LayerCondition": {
        "$type": "Artemis.Profiles.Layers.Conditions.DataModelCondition, Artemis"
      },
      "LayerAnimation": {
        "$type": "Artemis.Profiles.Layers.Animations.NoneAnimation, Artemis"
      },
      "Name": "Type wave - hollow",
      "Order": 1,
      "Enabled": false,
      "Expanded": true,
      "IsEvent": false,
      "Properties": {
        "$type": "Artemis.Profiles.Layers.Types.KeyPress.KeyPressPropertiesModel, Artemis",
        "Scale": 8,
        "RandomColor": false,
        "X": 0.0,
        "Y": 0.0,
        "Width": 21.0,
        "Height": 7.0,
        "Contain": true,
        "Opacity": 1.0,
        "AnimationSpeed": 2.5,
        "Conditions": [],
        "DynamicProperties": [],
        "Brush": {
          "RadialGradientBrush": {
            "@Center": "0.5,0.5",
            "@RadiusX": "0.5",
            "@RadiusY": "0.5",
            "@GradientOrigin": "0.5,0.5",
            "@MappingMode": "RelativeToBoundingBox",
            "@SpreadMethod": "Pad",
            "@Opacity": "1",
            "@xmlns": "http://schemas.microsoft.com/winfx/2006/xaml/presentation",
            "RadialGradientBrush.GradientStops": {
              "GradientStop": [
                {
                  "@Color": "#FFFFFFFF",
                  "@Offset": "0.85"
                },
                {
                  "@Color": "#00FFFFFF",
                  "@Offset": "0.95"
                },
                {
                  "@Color": "#FFFFFFFF",
                  "@Offset": "0.55"
                },
                {
                  "@Color": "#00FFFFFF",
                  "@Offset": "0.45"
                }
              ]
            }
          }
        }
      },
      "EventProperties": null,
      "Children": []
    },
    {
      "LayerType": {
        "$type": "Artemis.Profiles.Layers.Types.KeyPress.KeyPressType, Artemis",
        "TempBrush": null
      },
      "LayerCondition": {
        "$type": "Artemis.Profiles.Layers.Conditions.DataModelCondition, Artemis"
      },
      "LayerAnimation": {
        "$type": "Artemis.Profiles.Layers.Animations.NoneAnimation, Artemis"
      },
      "Name": "Type wave - random",
      "Order": 2,
      "Enabled": false,
      "Expanded": false,
      "IsEvent": false,
      "Properties": {
        "$type": "Artemis.Profiles.Layers.Types.KeyPress.KeyPressPropertiesModel, Artemis",
        "Scale": 6,
        "RandomColor": true,
        "X": 0.0,
        "Y": 0.0,
        "Width": 21.0,
        "Height": 7.0,
        "Contain": true,
        "Opacity": 1.0,
        "AnimationSpeed": 1.55,
        "Conditions": [],
        "DynamicProperties": [],
        "Brush": {
          "RadialGradientBrush": {
            "@Center": "0.5,0.5",
            "@RadiusX": "0.5",
            "@RadiusY": "0.5",
            "@GradientOrigin": "0.5,0.5",
            "@MappingMode": "RelativeToBoundingBox",
            "@SpreadMethod": "Pad",
            "@Opacity": "1",
            "@xmlns": "http://schemas.microsoft.com/winfx/2006/xaml/presentation",
            "RadialGradientBrush.GradientStops": {
              "GradientStop": [
                {
                  "@Color": "#FFFFFFFF",
                  "@Offset": "0.85"
                },
                {
                  "@Color": "#00FFFFFF",
                  "@Offset": "0.95"
                },
                {
                  "@Color": "#FFFFFFFF",
                  "@Offset": "0.55"
                },
                {
                  "@Color": "#00FFFFFF",
                  "@Offset": "0.45"
                }
              ]
            }
          }
        }
      },
      "EventProperties": null,
      "Children": []
    }
  ],
  "Name": "Default - Type waves",
  "IsDefault": true,
  "KeyboardSlug": "logitech-g910",
  "GameName": "WindowsProfile",
  "Width": 21,
  "Height": 6
}